[{"source": "\u5c71\u6c34", "target": "C42", "value": 4}, {"source": "\u4eba\u7269", "target": "C42", "value": 2}, {"source": "\u82b1\u9e1f", "target": "C42", "value": 3}, {"source": "\u5b97\u6559\u4eba\u7269", "target": "C42", "value": 1}, {"source": "\u7efc\u5408", "target": "C42", "value": 1}, {"source": "C42", "target": "\u91cd\u8bbe\u8272", "value": 6}, {"source": "C42", "target": "\u5c0f\u9752\u7eff", "value": 2}, {"source": "C42", "target": "\u6c34\u58a8\u6d45\u7edb", "value": 2}, {"source": "C42", "target": "\u6d45\u8bbe\u8272", "value": 1}, {"source": "\u91cd\u8bbe\u8272", "target": "\u5b8b", "value": 5}, {"source": "\u5c0f\u9752\u7eff", "target": "\u5b8b", "value": 2}, {"source": "\u91cd\u8bbe\u8272", "target": "\u4e94\u4ee3", "value": 1}, {"source": "\u6c34\u58a8\u6d45\u7edb", "target": "\u5b8b", "value": 2}, {"source": "\u6d45\u8bbe\u8272", "target": "\u5b8b", "value": 1}]