[{"name": "C42", "itemStyle": {"color": "rgb(127, 127, 63)"}}, {"name": "\u5c71\u6c34", "itemStyle": {"color": "rgb(64, 61, 46)", "opacity": "0.6"}}, {"name": "\u4eba\u7269", "itemStyle": {"color": "rgb(135, 90, 69)", "opacity": "0.6"}}, {"name": "\u82b1\u9e1f", "itemStyle": {"color": "rgb(113, 53, 25)", "opacity": "0.6"}}, {"name": "\u5b97\u6559\u4eba\u7269", "itemStyle": {"color": "rgb(165, 149, 133)", "opacity": "0.6"}}, {"name": "\u7efc\u5408", "itemStyle": {"color": "rgb(178, 131, 105)", "opacity": "0.6"}}, {"name": "\u91cd\u8bbe\u8272", "itemStyle": {"color": "rgb(69, 70, 54)", "opacity": "0.6"}}, {"name": "\u5c0f\u9752\u7eff", "itemStyle": {"color": "rgb(120, 98, 75)", "opacity": "0.6"}}, {"name": "\u6c34\u58a8\u6d45\u7edb", "itemStyle": {"color": "rgb(177, 161, 127)", "opacity": "0.6"}}, {"name": "\u6d45\u8bbe\u8272", "itemStyle": {"color": "rgb(125, 103, 59)", "opacity": "0.6"}}, {"name": "\u5b8b", "itemStyle": {"color": "rgb(178, 120, 79)", "opacity": "0.6"}}, {"name": "\u4e94\u4ee3", "itemStyle": {"color": "rgb(213, 205, 186)", "opacity": "0.6"}}]