[{"name": "C42", "itemStyle": {"color": "rgb(127, 127, 63)"}}, {"name": "\u5c71\u6c34", "itemStyle": {"color": "rgb(125, 81, 70)", "opacity": "0.6"}}, {"name": "\u4eba\u7269", "itemStyle": {"color": "rgb(55, 41, 37)", "opacity": "0.6"}}, {"name": "\u82b1\u9e1f", "itemStyle": {"color": "rgb(140, 97, 54)", "opacity": "0.6"}}, {"name": "\u5b97\u6559\u4eba\u7269", "itemStyle": {"color": "rgb(81, 137, 91)", "opacity": "0.6"}}, {"name": "\u7efc\u5408", "itemStyle": {"color": "rgb(174, 141, 98)", "opacity": "0.6"}}, {"name": "\u91cd\u8bbe\u8272", "itemStyle": {"color": "rgb(127, 127, 127)", "opacity": "0.6"}}, {"name": "\u5c0f\u9752\u7eff", "itemStyle": {"color": "rgb(149, 118, 89)", "opacity": "0.6"}}, {"name": "\u6c34\u58a8\u6d45\u7edb", "itemStyle": {"color": "rgb(234, 229, 210)", "opacity": "0.6"}}, {"name": "\u6d45\u8bbe\u8272", "itemStyle": {"color": "rgb(226, 199, 152)", "opacity": "0.6"}}, {"name": "C38", "itemStyle": {"color": "rgb(134, 115, 100)"}}, {"name": "\u5b8b", "itemStyle": {"color": "rgb(136, 129, 119)", "opacity": "0.6"}}, {"name": "\u4e94\u4ee3", "itemStyle": {"color": "rgb(136, 114, 90)", "opacity": "0.6"}}]