[{"name": "C42", "itemStyle": {"color": "rgb(127, 127, 63)"}}, {"name": "\u5c71\u6c34", "itemStyle": {"color": "rgb(77, 42, 22)", "opacity": "0.6"}}, {"name": "\u4eba\u7269", "itemStyle": {"color": "rgb(207, 176, 129)", "opacity": "0.6"}}, {"name": "\u82b1\u9e1f", "itemStyle": {"color": "rgb(141, 105, 47)", "opacity": "0.6"}}, {"name": "\u5b97\u6559\u4eba\u7269", "itemStyle": {"color": "rgb(122, 123, 118)", "opacity": "0.6"}}, {"name": "\u7efc\u5408", "itemStyle": {"color": "rgb(190, 171, 154)", "opacity": "0.6"}}, {"name": "\u91cd\u8bbe\u8272", "itemStyle": {"color": "rgb(113, 68, 38)", "opacity": "0.6"}}, {"name": "\u5c0f\u9752\u7eff", "itemStyle": {"color": "rgb(101, 123, 100)", "opacity": "0.6"}}, {"name": "\u6c34\u58a8\u6d45\u7edb", "itemStyle": {"color": "rgb(125, 114, 92)", "opacity": "0.6"}}, {"name": "\u6d45\u8bbe\u8272", "itemStyle": {"color": "rgb(103, 116, 61)", "opacity": "0.6"}}, {"name": "C38", "itemStyle": {"color": "rgb(134, 115, 100)"}}, {"name": "C36", "itemStyle": {"color": "rgb(45, 41, 38)"}}, {"name": "\u8d70\u517d", "itemStyle": {"color": "rgb(95, 76, 61)", "opacity": "0.6"}}, {"name": "\u7ebf\u63cf", "itemStyle": {"color": "rgb(126, 120, 96)", "opacity": "0.6"}}, {"name": "\u5b8b", "itemStyle": {"color": "rgb(110, 102, 39)", "opacity": "0.6"}}, {"name": "\u4e94\u4ee3", "itemStyle": {"color": "rgb(21, 40, 38)", "opacity": "0.6"}}, {"name": "\u553f", "itemStyle": {"color": "rgb(159, 62, 35)", "opacity": "0.6"}}]