[{"name": "C42", "itemStyle": {"color": "rgb(127, 127, 63)"}}, {"name": "\u5c71\u6c34", "itemStyle": {"color": "rgb(96, 129, 133)", "opacity": "0.6"}}, {"name": "\u4eba\u7269", "itemStyle": {"color": "rgb(192, 139, 127)", "opacity": "0.6"}}, {"name": "\u82b1\u9e1f", "itemStyle": {"color": "rgb(114, 99, 60)", "opacity": "0.6"}}, {"name": "\u5b97\u6559\u4eba\u7269", "itemStyle": {"color": "rgb(63, 54, 39)", "opacity": "0.6"}}, {"name": "\u7efc\u5408", "itemStyle": {"color": "rgb(180, 138, 106)", "opacity": "0.6"}}, {"name": "\u91cd\u8bbe\u8272", "itemStyle": {"color": "rgb(146, 91, 70)", "opacity": "0.6"}}, {"name": "\u5c0f\u9752\u7eff", "itemStyle": {"color": "rgb(177, 155, 142)", "opacity": "0.6"}}, {"name": "\u6c34\u58a8\u6d45\u7edb", "itemStyle": {"color": "rgb(82, 78, 75)", "opacity": "0.6"}}, {"name": "\u6d45\u8bbe\u8272", "itemStyle": {"color": "rgb(127, 0, 0)", "opacity": "0.6"}}, {"name": "C38", "itemStyle": {"color": "rgb(134, 115, 100)"}}, {"name": "C36", "itemStyle": {"color": "rgb(45, 41, 38)"}}, {"name": "\u8d70\u517d", "itemStyle": {"color": "rgb(193, 146, 97)", "opacity": "0.6"}}, {"name": "\u7ebf\u63cf", "itemStyle": {"color": "rgb(77, 80, 59)", "opacity": "0.6"}}, {"name": "C41", "itemStyle": {"color": "rgb(170, 170, 170)"}}, {"name": "\u5927\u9752\u7eff", "itemStyle": {"color": "rgb(140, 124, 109)", "opacity": "0.6"}}, {"name": "\u6c34\u58a8", "itemStyle": {"color": "rgb(88, 89, 83)", "opacity": "0.6"}}, {"name": "\u5b8b", "itemStyle": {"color": "rgb(124, 110, 101)", "opacity": "0.6"}}, {"name": "\u4e94\u4ee3", "itemStyle": {"color": "rgb(103, 96, 106)", "opacity": "0.6"}}, {"name": "\u553f", "itemStyle": {"color": "rgb(71, 82, 58)", "opacity": "0.6"}}, {"name": "\u5510", "itemStyle": {"color": "rgb(105, 75, 47)", "opacity": "0.6"}}]