[{"name": "C42", "itemStyle": {"color": "rgb(127, 127, 63)"}}, {"name": "\u5c71\u6c34", "itemStyle": {"color": "rgb(69, 130, 96)", "opacity": "0.6"}}, {"name": "\u4eba\u7269", "itemStyle": {"color": "rgb(95, 76, 61)", "opacity": "0.6"}}, {"name": "\u82b1\u9e1f", "itemStyle": {"color": "rgb(113, 75, 62)", "opacity": "0.6"}}, {"name": "\u5b97\u6559\u4eba\u7269", "itemStyle": {"color": "rgb(154, 59, 57)", "opacity": "0.6"}}, {"name": "\u7efc\u5408", "itemStyle": {"color": "rgb(159, 130, 98)", "opacity": "0.6"}}, {"name": "\u91cd\u8bbe\u8272", "itemStyle": {"color": "rgb(109, 119, 95)", "opacity": "0.6"}}, {"name": "\u5c0f\u9752\u7eff", "itemStyle": {"color": "rgb(226, 198, 170)", "opacity": "0.6"}}, {"name": "\u6c34\u58a8\u6d45\u7edb", "itemStyle": {"color": "rgb(64, 61, 46)", "opacity": "0.6"}}, {"name": "\u6d45\u8bbe\u8272", "itemStyle": {"color": "rgb(113, 53, 25)", "opacity": "0.6"}}, {"name": "C38", "itemStyle": {"color": "rgb(134, 115, 100)"}}, {"name": "C36", "itemStyle": {"color": "rgb(45, 41, 38)"}}, {"name": "\u8d70\u517d", "itemStyle": {"color": "rgb(99, 103, 78)", "opacity": "0.6"}}, {"name": "\u7ebf\u63cf", "itemStyle": {"color": "rgb(143, 123, 98)", "opacity": "0.6"}}, {"name": "C41", "itemStyle": {"color": "rgb(170, 170, 170)"}}, {"name": "\u5927\u9752\u7eff", "itemStyle": {"color": "rgb(41, 52, 38)", "opacity": "0.6"}}, {"name": "\u6c34\u58a8", "itemStyle": {"color": "rgb(77, 85, 72)", "opacity": "0.6"}}, {"name": "C33", "itemStyle": {"color": "rgb(190, 166, 128)"}}, {"name": "\u5b8b", "itemStyle": {"color": "rgb(66, 58, 55)", "opacity": "0.6"}}, {"name": "\u4e94\u4ee3", "itemStyle": {"color": "rgb(178, 150, 113)", "opacity": "0.6"}}, {"name": "\u553f", "itemStyle": {"color": "rgb(180, 138, 106)", "opacity": "0.6"}}, {"name": "\u5510", "itemStyle": {"color": "rgb(172, 80, 62)", "opacity": "0.6"}}]