[{"name": "C42", "itemStyle": {"color": "rgb(127, 127, 63)"}}, {"name": "\u5c71\u6c34", "itemStyle": {"color": "rgb(102, 76, 63)", "opacity": "0.6"}}, {"name": "\u4eba\u7269", "itemStyle": {"color": "rgb(69, 66, 73)", "opacity": "0.6"}}, {"name": "\u82b1\u9e1f", "itemStyle": {"color": "rgb(36, 37, 26)", "opacity": "0.6"}}, {"name": "\u5b97\u6559\u4eba\u7269", "itemStyle": {"color": "rgb(144, 90, 61)", "opacity": "0.6"}}, {"name": "\u7efc\u5408", "itemStyle": {"color": "rgb(218, 219, 214)", "opacity": "0.6"}}, {"name": "\u91cd\u8bbe\u8272", "itemStyle": {"color": "rgb(36, 57, 52)", "opacity": "0.6"}}, {"name": "\u5c0f\u9752\u7eff", "itemStyle": {"color": "rgb(59, 66, 79)", "opacity": "0.6"}}, {"name": "\u6c34\u58a8\u6d45\u7edb", "itemStyle": {"color": "rgb(124, 95, 89)", "opacity": "0.6"}}, {"name": "\u6d45\u8bbe\u8272", "itemStyle": {"color": "rgb(255, 191, 127)", "opacity": "0.6"}}, {"name": "C38", "itemStyle": {"color": "rgb(134, 115, 100)"}}, {"name": "C36", "itemStyle": {"color": "rgb(45, 41, 38)"}}, {"name": "\u8d70\u517d", "itemStyle": {"color": "rgb(120, 118, 69)", "opacity": "0.6"}}, {"name": "\u7ebf\u63cf", "itemStyle": {"color": "rgb(69, 130, 96)", "opacity": "0.6"}}, {"name": "C41", "itemStyle": {"color": "rgb(170, 170, 170)"}}, {"name": "\u5927\u9752\u7eff", "itemStyle": {"color": "rgb(173, 151, 102)", "opacity": "0.6"}}, {"name": "\u6c34\u58a8", "itemStyle": {"color": "rgb(124, 110, 101)", "opacity": "0.6"}}, {"name": "C33", "itemStyle": {"color": "rgb(190, 166, 128)"}}, {"name": "C40", "itemStyle": {"color": "rgb(126, 120, 96)"}}, {"name": "\u5b8b", "itemStyle": {"color": "rgb(46, 47, 42)", "opacity": "0.6"}}, {"name": "\u4e94\u4ee3", "itemStyle": {"color": "rgb(191, 191, 191)", "opacity": "0.6"}}, {"name": "\u553f", "itemStyle": {"color": "rgb(73, 61, 49)", "opacity": "0.6"}}, {"name": "\u5510", "itemStyle": {"color": "rgb(86, 67, 61)", "opacity": "0.6"}}]