[{"source": "\u5c71\u6c34", "target": "C42", "value": 4}, {"source": "\u4eba\u7269", "target": "C42", "value": 2}, {"source": "\u82b1\u9e1f", "target": "C42", "value": 3}, {"source": "\u5b97\u6559\u4eba\u7269", "target": "C42", "value": 1}, {"source": "\u7efc\u5408", "target": "C42", "value": 1}, {"source": "C42", "target": "\u91cd\u8bbe\u8272", "value": 6}, {"source": "C42", "target": "\u5c0f\u9752\u7eff", "value": 2}, {"source": "C42", "target": "\u6c34\u58a8\u6d45\u7edb", "value": 2}, {"source": "C42", "target": "\u6d45\u8bbe\u8272", "value": 1}, {"source": "\u4eba\u7269", "target": "C38", "value": 2}, {"source": "\u5c71\u6c34", "target": "C38", "value": 4}, {"source": "\u82b1\u9e1f", "target": "C38", "value": 2}, {"source": "C38", "target": "\u6d45\u8bbe\u8272", "value": 2}, {"source": "C38", "target": "\u91cd\u8bbe\u8272", "value": 3}, {"source": "C38", "target": "\u6c34\u58a8\u6d45\u7edb", "value": 3}, {"source": "\u5c71\u6c34", "target": "C36", "value": 8}, {"source": "\u82b1\u9e1f", "target": "C36", "value": 1}, {"source": "\u4eba\u7269", "target": "C36", "value": 1}, {"source": "\u5b97\u6559\u4eba\u7269", "target": "C36", "value": 4}, {"source": "\u8d70\u517d", "target": "C36", "value": 1}, {"source": "C36", "target": "\u6c34\u58a8\u6d45\u7edb", "value": 2}, {"source": "C36", "target": "\u91cd\u8bbe\u8272", "value": 6}, {"source": "C36", "target": "\u6d45\u8bbe\u8272", "value": 5}, {"source": "C36", "target": "\u7ebf\u63cf", "value": 1}, {"source": "C36", "target": "\u5c0f\u9752\u7eff", "value": 1}, {"source": "\u5c71\u6c34", "target": "C41", "value": 3}, {"source": "\u4eba\u7269", "target": "C41", "value": 2}, {"source": "\u82b1\u9e1f", "target": "C41", "value": 5}, {"source": "C41", "target": "\u91cd\u8bbe\u8272", "value": 8}, {"source": "C41", "target": "\u5927\u9752\u7eff", "value": 1}, {"source": "C41", "target": "\u6c34\u58a8", "value": 1}, {"source": "\u5c71\u6c34", "target": "C33", "value": 3}, {"source": "\u82b1\u9e1f", "target": "C33", "value": 3}, {"source": "\u4eba\u7269", "target": "C33", "value": 1}, {"source": "C33", "target": "\u6c34\u58a8\u6d45\u7edb", "value": 2}, {"source": "C33", "target": "\u91cd\u8bbe\u8272", "value": 4}, {"source": "C33", "target": "\u5c0f\u9752\u7eff", "value": 1}, {"source": "\u5c71\u6c34", "target": "C40", "value": 3}, {"source": "\u82b1\u9e1f", "target": "C40", "value": 1}, {"source": "\u4eba\u7269", "target": "C40", "value": 1}, {"source": "C40", "target": "\u91cd\u8bbe\u8272", "value": 2}, {"source": "C40", "target": "\u6c34\u58a8", "value": 3}, {"source": "\u5c71\u6c34", "target": "C35", "value": 5}, {"source": "\u82b1\u9e1f", "target": "C35", "value": 5}, {"source": "\u7efc\u5408", "target": "C35", "value": 2}, {"source": "\u4eba\u7269", "target": "C35", "value": 2}, {"source": "C35", "target": "\u6c34\u58a8\u6d45\u7edb", "value": 1}, {"source": "C35", "target": "\u5c0f\u9752\u7eff", "value": 1}, {"source": "C35", "target": "\u91cd\u8bbe\u8272", "value": 7}, {"source": "C35", "target": "\u5927\u9752\u7eff", "value": 1}, {"source": "C35", "target": "\u6d45\u8bbe\u8272", "value": 3}, {"source": "C35", "target": "\u6c34\u58a8", "value": 1}, {"source": "\u91cd\u8bbe\u8272", "target": "\u5b8b", "value": 34}, {"source": "\u5c0f\u9752\u7eff", "target": "\u5b8b", "value": 5}, {"source": "\u91cd\u8bbe\u8272", "target": "\u4e94\u4ee3", "value": 1}, {"source": "\u6c34\u58a8\u6d45\u7edb", "target": "\u5b8b", "value": 9}, {"source": "\u6d45\u8bbe\u8272", "target": "\u5b8b", "value": 11}, {"source": "\u6c34\u58a8\u6d45\u7edb", "target": "\u4e94\u4ee3", "value": 1}, {"source": "\u91cd\u8bbe\u8272", "target": "\u553f", "value": 1}, {"source": "\u7ebf\u63cf", "target": "\u5b8b", "value": 1}, {"source": "\u5927\u9752\u7eff", "target": "\u5510", "value": 1}, {"source": "\u6c34\u58a8", "target": "\u5b8b", "value": 5}, {"source": "\u5927\u9752\u7eff", "target": "\u5b8b", "value": 1}]