[{"name": "C42", "itemStyle": {"color": "rgb(127, 127, 63)"}}, {"name": "\u5c71\u6c34", "itemStyle": {"color": "rgb(101, 69, 64)", "opacity": "0.6"}}, {"name": "\u4eba\u7269", "itemStyle": {"color": "rgb(41, 52, 38)", "opacity": "0.6"}}, {"name": "\u82b1\u9e1f", "itemStyle": {"color": "rgb(45, 41, 38)", "opacity": "0.6"}}, {"name": "\u5b97\u6559\u4eba\u7269", "itemStyle": {"color": "rgb(56, 37, 21)", "opacity": "0.6"}}, {"name": "\u7efc\u5408", "itemStyle": {"color": "rgb(66, 58, 55)", "opacity": "0.6"}}, {"name": "\u91cd\u8bbe\u8272", "itemStyle": {"color": "rgb(93, 76, 48)", "opacity": "0.6"}}, {"name": "\u5c0f\u9752\u7eff", "itemStyle": {"color": "rgb(170, 134, 122)", "opacity": "0.6"}}, {"name": "\u6c34\u58a8\u6d45\u7edb", "itemStyle": {"color": "rgb(190, 166, 128)", "opacity": "0.6"}}, {"name": "\u6d45\u8bbe\u8272", "itemStyle": {"color": "rgb(132, 115, 87)", "opacity": "0.6"}}, {"name": "C38", "itemStyle": {"color": "rgb(134, 115, 100)"}}, {"name": "C36", "itemStyle": {"color": "rgb(45, 41, 38)"}}, {"name": "\u8d70\u517d", "itemStyle": {"color": "rgb(191, 127, 63)", "opacity": "0.6"}}, {"name": "\u7ebf\u63cf", "itemStyle": {"color": "rgb(224, 220, 217)", "opacity": "0.6"}}, {"name": "C41", "itemStyle": {"color": "rgb(170, 170, 170)"}}, {"name": "\u5927\u9752\u7eff", "itemStyle": {"color": "rgb(142, 60, 49)", "opacity": "0.6"}}, {"name": "\u6c34\u58a8", "itemStyle": {"color": "rgb(85, 42, 42)", "opacity": "0.6"}}, {"name": "C33", "itemStyle": {"color": "rgb(190, 166, 128)"}}, {"name": "C40", "itemStyle": {"color": "rgb(126, 120, 96)"}}, {"name": "C35", "itemStyle": {"color": "rgb(134, 107, 80)"}}, {"name": "\u5b8b", "itemStyle": {"color": "rgb(96, 82, 48)", "opacity": "0.6"}}, {"name": "\u4e94\u4ee3", "itemStyle": {"color": "rgb(101, 69, 64)", "opacity": "0.6"}}, {"name": "\u553f", "itemStyle": {"color": "rgb(53, 55, 44)", "opacity": "0.6"}}, {"name": "\u5510", "itemStyle": {"color": "rgb(126, 120, 106)", "opacity": "0.6"}}]