[{"name": "C42", "itemStyle": {"color": "rgb(127, 127, 63)"}}, {"name": "\u5c71\u6c34", "itemStyle": {"color": "rgb(176, 161, 140)", "opacity": "0.6"}}, {"name": "\u4eba\u7269", "itemStyle": {"color": "rgb(190, 171, 154)", "opacity": "0.6"}}, {"name": "\u82b1\u9e1f", "itemStyle": {"color": "rgb(84, 62, 39)", "opacity": "0.6"}}, {"name": "\u5b97\u6559\u4eba\u7269", "itemStyle": {"color": "rgb(170, 170, 170)", "opacity": "0.6"}}, {"name": "\u7efc\u5408", "itemStyle": {"color": "rgb(126, 91, 69)", "opacity": "0.6"}}, {"name": "\u91cd\u8bbe\u8272", "itemStyle": {"color": "rgb(54, 37, 9)", "opacity": "0.6"}}, {"name": "\u5c0f\u9752\u7eff", "itemStyle": {"color": "rgb(186, 158, 136)", "opacity": "0.6"}}, {"name": "\u6c34\u58a8\u6d45\u7edb", "itemStyle": {"color": "rgb(77, 80, 59)", "opacity": "0.6"}}, {"name": "\u6d45\u8bbe\u8272", "itemStyle": {"color": "rgb(226, 198, 170)", "opacity": "0.6"}}, {"name": "C38", "itemStyle": {"color": "rgb(134, 115, 100)"}}, {"name": "C36", "itemStyle": {"color": "rgb(45, 41, 38)"}}, {"name": "\u8d70\u517d", "itemStyle": {"color": "rgb(180, 138, 106)", "opacity": "0.6"}}, {"name": "\u7ebf\u63cf", "itemStyle": {"color": "rgb(113, 68, 38)", "opacity": "0.6"}}, {"name": "C41", "itemStyle": {"color": "rgb(170, 170, 170)"}}, {"name": "\u5927\u9752\u7eff", "itemStyle": {"color": "rgb(137, 82, 75)", "opacity": "0.6"}}, {"name": "\u6c34\u58a8", "itemStyle": {"color": "rgb(146, 91, 70)", "opacity": "0.6"}}, {"name": "C33", "itemStyle": {"color": "rgb(190, 166, 128)"}}, {"name": "C40", "itemStyle": {"color": "rgb(126, 120, 96)"}}, {"name": "C35", "itemStyle": {"color": "rgb(134, 107, 80)"}}, {"name": "C34", "itemStyle": {"color": "rgb(136, 129, 119)"}}, {"name": "\u5b8b", "itemStyle": {"color": "rgb(127, 63, 0)", "opacity": "0.6"}}, {"name": "\u4e94\u4ee3", "itemStyle": {"color": "rgb(35, 19, 13)", "opacity": "0.6"}}, {"name": "\u553f", "itemStyle": {"color": "rgb(218, 219, 214)", "opacity": "0.6"}}, {"name": "\u5510", "itemStyle": {"color": "rgb(146, 141, 121)", "opacity": "0.6"}}]