[{"source": "1", "target": "C3", "value": "1", "lineStyle": {"width": 1, "color": "rgba(128, 128, 128,0.5)"}}, {"source": "C3", "target": "2", "value": "1", "lineStyle": {"width": 1, "color": "rgba(128, 128, 128,0.5)"}}, {"source": "C3", "target": "6", "value": "1", "lineStyle": {"width": 1, "color": "rgba(128, 128, 128,0.5)"}}, {"source": "C3", "target": "21", "value": "1", "lineStyle": {"width": 1, "color": "rgba(128, 128, 128,0.5)"}}, {"source": "C3", "target": "27", "value": "1", "lineStyle": {"width": 1, "color": "rgba(128, 128, 128,0.5)"}}, {"source": "C3", "target": "28", "value": "1", "lineStyle": {"width": 1, "color": "rgba(128, 128, 128,0.5)"}}, {"source": "C3", "target": "33", "value": "1", "lineStyle": {"width": 1, "color": "rgba(128, 128, 128,0.5)"}}, {"source": "C3", "target": "34", "value": "1", "lineStyle": {"width": 1, "color": "rgba(128, 128, 128,0.5)"}}, {"source": "C3", "target": "35", "value": "1", "lineStyle": {"width": 1, "color": "rgba(128, 128, 128,0.5)"}}, {"source": "C3", "target": "40", "value": "1", "lineStyle": {"width": 1, "color": "rgba(128, 128, 128,0.5)"}}, {"source": "C3", "target": "41", "value": "1", "lineStyle": {"width": 1, "color": "rgba(128, 128, 128,0.5)"}}, {"source": "C3", "target": "43", "value": "1", "lineStyle": {"width": 1, "color": "rgba(128, 128, 128,0.5)"}}, {"source": "C3", "target": "44", "value": "1", "lineStyle": {"width": 1, "color": "rgba(128, 128, 128,0.5)"}}, {"source": "C3", "target": "45", "value": "1", "lineStyle": {"width": 1, "color": "rgba(128, 128, 128,0.5)"}}, {"source": "C3", "target": "46", "value": "1", "lineStyle": {"width": 1, "color": "rgba(128, 128, 128,0.5)"}}, {"source": "C3", "target": "48", "value": "1", "lineStyle": {"width": 1, "color": "rgba(128, 128, 128,0.5)"}}, {"source": "C3", "target": "54", "value": "1", "lineStyle": {"width": 1, "color": "rgba(128, 128, 128,0.5)"}}, {"source": "C3", "target": "60", "value": "1", "lineStyle": {"width": 1, "color": "rgba(128, 128, 128,0.5)"}}, {"source": "C3", "target": "61", "value": "1", "lineStyle": {"width": 1, "color": "rgba(128, 128, 128,0.5)"}}, {"source": "C3", "target": "63", "value": "1", "lineStyle": {"width": 1, "color": "rgba(128, 128, 128,0.5)"}}, {"source": "C3", "target": "69", "value": "1", "lineStyle": {"width": 1, "color": "rgba(128, 128, 128,0.5)"}}, {"source": "C3", "target": "70", "value": "1", "lineStyle": {"width": 1, "color": "rgba(128, 128, 128,0.5)"}}, {"source": "C3", "target": "71", "value": "1", "lineStyle": {"width": 1, "color": "rgba(128, 128, 128,0.5)"}}, {"source": "C3", "target": "72", "value": "1", "lineStyle": {"width": 1, "color": "rgba(128, 128, 128,0.5)"}}, {"source": "C3", "target": "74", "value": "1", "lineStyle": {"width": 1, "color": "rgba(128, 128, 128,0.5)"}}, {"source": "C3", "target": "75", "value": "1", "lineStyle": {"width": 1, "color": "rgba(128, 128, 128,0.5)"}}, {"source": "C3", "target": "76", "value": "1", "lineStyle": {"width": 1, "color": "rgba(128, 128, 128,0.5)"}}, {"source": "C3", "target": "79", "value": "1", "lineStyle": {"width": 1, "color": "rgba(128, 128, 128,0.5)"}}, {"source": "C3", "target": "80", "value": "1", "lineStyle": {"width": 1, "color": "rgba(128, 128, 128,0.5)"}}, {"source": "C3", "target": "86", "value": "1", "lineStyle": {"width": 1, "color": "rgba(128, 128, 128,0.5)"}}, {"source": "C3", "target": "90", "value": "1", "lineStyle": {"width": 1, "color": "rgba(128, 128, 128,0.5)"}}, {"source": "C3", "target": "92", "value": "1", "lineStyle": {"width": 1, "color": "rgba(128, 128, 128,0.5)"}}, {"source": "C3", "target": "94", "value": "1", "lineStyle": {"width": 1, "color": "rgba(128, 128, 128,0.5)"}}, {"source": "C3", "target": "96", "value": "1", "lineStyle": {"width": 1, "color": "rgba(128, 128, 128,0.5)"}}, {"source": "C3", "target": "97", "value": "1", "lineStyle": {"width": 1, "color": "rgba(128, 128, 128,0.5)"}}, {"source": "C3", "target": "109", "value": "1", "lineStyle": {"width": 1, "color": "rgba(128, 128, 128,0.5)"}}, {"source": "C3", "target": "111", "value": "1", "lineStyle": {"width": 1, "color": "rgba(128, 128, 128,0.5)"}}, {"source": "C3", "target": "115", "value": "1", "lineStyle": {"width": 1, "color": "rgba(128, 128, 128,0.5)"}}, {"source": "C3", "target": "121", "value": "1", "lineStyle": {"width": 1, "color": "rgba(128, 128, 128,0.5)"}}, {"source": "C3", "target": "125", "value": "1", "lineStyle": {"width": 1, "color": "rgba(128, 128, 128,0.5)"}}, {"source": "C3", "target": "127", "value": "1", "lineStyle": {"width": 1, "color": "rgba(128, 128, 128,0.5)"}}, {"source": "C3", "target": "128", "value": "1", "lineStyle": {"width": 1, "color": "rgba(128, 128, 128,0.5)"}}, {"source": "C3", "target": "132", "value": "1", "lineStyle": {"width": 1, "color": "rgba(128, 128, 128,0.5)"}}, {"source": "C3", "target": "134", "value": "1", "lineStyle": {"width": 1, "color": "rgba(128, 128, 128,0.5)"}}, {"source": "C3", "target": "135", "value": "1", "lineStyle": {"width": 1, "color": "rgba(128, 128, 128,0.5)"}}, {"source": "C3", "target": "142", "value": "1", "lineStyle": {"width": 1, "color": "rgba(128, 128, 128,0.5)"}}, {"source": "C3", "target": "147", "value": "1", "lineStyle": {"width": 1, "color": "rgba(128, 128, 128,0.5)"}}, {"source": "C3", "target": "148", "value": "1", "lineStyle": {"width": 1, "color": "rgba(128, 128, 128,0.5)"}}, {"source": "C3", "target": "149", "value": "1", "lineStyle": {"width": 1, "color": "rgba(128, 128, 128,0.5)"}}, {"source": "C3", "target": "152", "value": "1", "lineStyle": {"width": 1, "color": "rgba(128, 128, 128,0.5)"}}, {"source": "C3", "target": "153", "value": "1", "lineStyle": {"width": 1, "color": "rgba(128, 128, 128,0.5)"}}, {"source": "C3", "target": "157", "value": "1", "lineStyle": {"width": 1, "color": "rgba(128, 128, 128,0.5)"}}, {"source": "C3", "target": "159", "value": "1", "lineStyle": {"width": 1, "color": "rgba(128, 128, 128,0.5)"}}, {"source": "C3", "target": "161", "value": "1", "lineStyle": {"width": 1, "color": "rgba(128, 128, 128,0.5)"}}, {"source": "C3", "target": "165", "value": "1", "lineStyle": {"width": 1, "color": "rgba(128, 128, 128,0.5)"}}, {"source": "C3", "target": "166", "value": "1", "lineStyle": {"width": 1, "color": "rgba(128, 128, 128,0.5)"}}, {"source": "C3", "target": "169", "value": "1", "lineStyle": {"width": 1, "color": "rgba(128, 128, 128,0.5)"}}, {"source": "C3", "target": "174", "value": "1", "lineStyle": {"width": 1, "color": "rgba(128, 128, 128,0.5)"}}, {"source": "C3", "target": "175", "value": "1", "lineStyle": {"width": 1, "color": "rgba(128, 128, 128,0.5)"}}, {"source": "C3", "target": "185", "value": "1", "lineStyle": {"width": 1, "color": "rgba(128, 128, 128,0.5)"}}, {"source": "C3", "target": "186", "value": "1", "lineStyle": {"width": 1, "color": "rgba(128, 128, 128,0.5)"}}, {"source": "C3", "target": "188", "value": "1", "lineStyle": {"width": 1, "color": "rgba(128, 128, 128,0.5)"}}, {"source": "C3", "target": "190", "value": "1", "lineStyle": {"width": 1, "color": "rgba(128, 128, 128,0.5)"}}, {"source": "C3", "target": "192", "value": "1", "lineStyle": {"width": 1, "color": "rgba(128, 128, 128,0.5)"}}, {"source": "C3", "target": "193", "value": "1", "lineStyle": {"width": 1, "color": "rgba(128, 128, 128,0.5)"}}, {"source": "C3", "target": "196", "value": "1", "lineStyle": {"width": 1, "color": "rgba(128, 128, 128,0.5)"}}, {"source": "C3", "target": "198", "value": "1", "lineStyle": {"width": 1, "color": "rgba(128, 128, 128,0.5)"}}, {"source": "C3", "target": "199", "value": "1", "lineStyle": {"width": 1, "color": "rgba(128, 128, 128,0.5)"}}, {"source": "C3", "target": "205", "value": "1", "lineStyle": {"width": 1, "color": "rgba(128, 128, 128,0.5)"}}, {"source": "C3", "target": "210", "value": "1", "lineStyle": {"width": 1, "color": "rgba(128, 128, 128,0.5)"}}, {"source": "C3", "target": "212", "value": "1", "lineStyle": {"width": 1, "color": "rgba(128, 128, 128,0.5)"}}, {"source": "C3", "target": "215", "value": "1", "lineStyle": {"width": 1, "color": "rgba(128, 128, 128,0.5)"}}, {"source": "C3", "target": "217", "value": "1", "lineStyle": {"width": 1, "color": "rgba(128, 128, 128,0.5)"}}, {"source": "C3", "target": "222", "value": "1", "lineStyle": {"width": 1, "color": "rgba(128, 128, 128,0.5)"}}, {"source": "C3", "target": "229", "value": "1", "lineStyle": {"width": 1, "color": "rgba(128, 128, 128,0.5)"}}, {"source": "2", "target": "C4", "value": "1", "lineStyle": {"width": 1, "color": "rgba(128, 128, 128,0.5)"}}, {"source": "2", "target": "C27", "value": "1", "lineStyle": {"width": 1, "color": "rgba(128, 128, 128,0.5)"}}, {"source": "C4", "target": "5", "value": "1", "lineStyle": {"width": 1, "color": "rgba(128, 128, 128,0.5)"}}, {"source": "C4", "target": "7", "value": "1", "lineStyle": {"width": 1, "color": "rgba(128, 128, 128,0.5)"}}, {"source": "C4", "target": "11", "value": "1", "lineStyle": {"width": 1, "color": "rgba(128, 128, 128,0.5)"}}, {"source": "C4", "target": "12", "value": "1", "lineStyle": {"width": 1, "color": "rgba(128, 128, 128,0.5)"}}, {"source": "C4", "target": "15", "value": "1", "lineStyle": {"width": 1, "color": "rgba(128, 128, 128,0.5)"}}, {"source": "C4", "target": "23", "value": "1", "lineStyle": {"width": 1, "color": "rgba(128, 128, 128,0.5)"}}, {"source": "C4", "target": "24", "value": "1", "lineStyle": {"width": 1, "color": "rgba(128, 128, 128,0.5)"}}, {"source": "C4", "target": "25", "value": "1", "lineStyle": {"width": 1, "color": "rgba(128, 128, 128,0.5)"}}, {"source": "C4", "target": "26", "value": "1", "lineStyle": {"width": 1, "color": "rgba(128, 128, 128,0.5)"}}, {"source": "C4", "target": "31", "value": "1", "lineStyle": {"width": 1, "color": "rgba(128, 128, 128,0.5)"}}, {"source": "C4", "target": "37", "value": "1", "lineStyle": {"width": 1, "color": "rgba(128, 128, 128,0.5)"}}, {"source": "C4", "target": "38", "value": "1", "lineStyle": {"width": 1, "color": "rgba(128, 128, 128,0.5)"}}, {"source": "C4", "target": "41", "value": "1", "lineStyle": {"width": 1, "color": "rgba(128, 128, 128,0.5)"}}, {"source": "C4", "target": "44", "value": "1", "lineStyle": {"width": 1, "color": "rgba(128, 128, 128,0.5)"}}, {"source": "C4", "target": "46", "value": "1", "lineStyle": {"width": 1, "color": "rgba(128, 128, 128,0.5)"}}, {"source": "C4", "target": "50", "value": "1", "lineStyle": {"width": 1, "color": "rgba(128, 128, 128,0.5)"}}, {"source": "C4", "target": "51", "value": "1", "lineStyle": {"width": 1, "color": "rgba(128, 128, 128,0.5)"}}, {"source": "C4", "target": "53", "value": "1", "lineStyle": {"width": 1, "color": "rgba(128, 128, 128,0.5)"}}, {"source": "C4", "target": "54", "value": "1", "lineStyle": {"width": 1, "color": "rgba(128, 128, 128,0.5)"}}, {"source": "C4", "target": "57", "value": "1", "lineStyle": {"width": 1, "color": "rgba(128, 128, 128,0.5)"}}, {"source": "C4", "target": "58", "value": "1", "lineStyle": {"width": 1, "color": "rgba(128, 128, 128,0.5)"}}, {"source": "C4", "target": "71", "value": "1", "lineStyle": {"width": 1, "color": "rgba(128, 128, 128,0.5)"}}, {"source": "C4", "target": "76", "value": "1", "lineStyle": {"width": 1, "color": "rgba(128, 128, 128,0.5)"}}, {"source": "C4", "target": "78", "value": "1", "lineStyle": {"width": 1, "color": "rgba(128, 128, 128,0.5)"}}, {"source": "C4", "target": "87", "value": "1", "lineStyle": {"width": 1, "color": "rgba(128, 128, 128,0.5)"}}, {"source": "C4", "target": "88", "value": "1", "lineStyle": {"width": 1, "color": "rgba(128, 128, 128,0.5)"}}, {"source": "C4", "target": "93", "value": "1", "lineStyle": {"width": 1, "color": "rgba(128, 128, 128,0.5)"}}, {"source": "C4", "target": "97", "value": "1", "lineStyle": {"width": 1, "color": "rgba(128, 128, 128,0.5)"}}, {"source": "C4", "target": "98", "value": "1", "lineStyle": {"width": 1, "color": "rgba(128, 128, 128,0.5)"}}, {"source": "C4", "target": "103", "value": "1", "lineStyle": {"width": 1, "color": "rgba(128, 128, 128,0.5)"}}, {"source": "C4", "target": "107", "value": "1", "lineStyle": {"width": 1, "color": "rgba(128, 128, 128,0.5)"}}, {"source": "C4", "target": "110", "value": "1", "lineStyle": {"width": 1, "color": "rgba(128, 128, 128,0.5)"}}, {"source": "C4", "target": "111", "value": "1", "lineStyle": {"width": 1, "color": "rgba(128, 128, 128,0.5)"}}, {"source": "C4", "target": "112", "value": "1", "lineStyle": {"width": 1, "color": "rgba(128, 128, 128,0.5)"}}, {"source": "C4", "target": "114", "value": "1", "lineStyle": {"width": 1, "color": "rgba(128, 128, 128,0.5)"}}, {"source": "C4", "target": "115", "value": "1", "lineStyle": {"width": 1, "color": "rgba(128, 128, 128,0.5)"}}, {"source": "C4", "target": "117", "value": "1", "lineStyle": {"width": 1, "color": "rgba(128, 128, 128,0.5)"}}, {"source": "C4", "target": "120", "value": "1", "lineStyle": {"width": 1, "color": "rgba(128, 128, 128,0.5)"}}, {"source": "C4", "target": "123", "value": "1", "lineStyle": {"width": 1, "color": "rgba(128, 128, 128,0.5)"}}, {"source": "C4", "target": "127", "value": "1", "lineStyle": {"width": 1, "color": "rgba(128, 128, 128,0.5)"}}, {"source": "C4", "target": "134", "value": "1", "lineStyle": {"width": 1, "color": "rgba(128, 128, 128,0.5)"}}, {"source": "C4", "target": "137", "value": "1", "lineStyle": {"width": 1, "color": "rgba(128, 128, 128,0.5)"}}, {"source": "C4", "target": "140", "value": "1", "lineStyle": {"width": 1, "color": "rgba(128, 128, 128,0.5)"}}, {"source": "C4", "target": "143", "value": "1", "lineStyle": {"width": 1, "color": "rgba(128, 128, 128,0.5)"}}, {"source": "C4", "target": "146", "value": "1", "lineStyle": {"width": 1, "color": "rgba(128, 128, 128,0.5)"}}, {"source": "C4", "target": "151", "value": "1", "lineStyle": {"width": 1, "color": "rgba(128, 128, 128,0.5)"}}, {"source": "C4", "target": "153", "value": "1", "lineStyle": {"width": 1, "color": "rgba(128, 128, 128,0.5)"}}, {"source": "C4", "target": "164", "value": "1", "lineStyle": {"width": 1, "color": "rgba(128, 128, 128,0.5)"}}, {"source": "C4", "target": "165", "value": "1", "lineStyle": {"width": 1, "color": "rgba(128, 128, 128,0.5)"}}, {"source": "C4", "target": "166", "value": "1", "lineStyle": {"width": 1, "color": "rgba(128, 128, 128,0.5)"}}, {"source": "C4", "target": "167", "value": "1", "lineStyle": {"width": 1, "color": "rgba(128, 128, 128,0.5)"}}, {"source": "C4", "target": "169", "value": "1", "lineStyle": {"width": 1, "color": "rgba(128, 128, 128,0.5)"}}, {"source": "C4", "target": "170", "value": "1", "lineStyle": {"width": 1, "color": "rgba(128, 128, 128,0.5)"}}, {"source": "C4", "target": "171", "value": "1", "lineStyle": {"width": 1, "color": "rgba(128, 128, 128,0.5)"}}, {"source": "C4", "target": "172", "value": "1", "lineStyle": {"width": 1, "color": "rgba(128, 128, 128,0.5)"}}, {"source": "C4", "target": "176", "value": "1", "lineStyle": {"width": 1, "color": "rgba(128, 128, 128,0.5)"}}, {"source": "C4", "target": "177", "value": "1", "lineStyle": {"width": 1, "color": "rgba(128, 128, 128,0.5)"}}, {"source": "C4", "target": "178", "value": "1", "lineStyle": {"width": 1, "color": "rgba(128, 128, 128,0.5)"}}, {"source": "C4", "target": "186", "value": "1", "lineStyle": {"width": 1, "color": "rgba(128, 128, 128,0.5)"}}, {"source": "C4", "target": "190", "value": "1", "lineStyle": {"width": 1, "color": "rgba(128, 128, 128,0.5)"}}, {"source": "C4", "target": "193", "value": "1", "lineStyle": {"width": 1, "color": "rgba(128, 128, 128,0.5)"}}, {"source": "C4", "target": "196", "value": "1", "lineStyle": {"width": 1, "color": "rgba(128, 128, 128,0.5)"}}, {"source": "C4", "target": "204", "value": "1", "lineStyle": {"width": 1, "color": "rgba(128, 128, 128,0.5)"}}, {"source": "C4", "target": "205", "value": "1", "lineStyle": {"width": 1, "color": "rgba(128, 128, 128,0.5)"}}, {"source": "C4", "target": "206", "value": "1", "lineStyle": {"width": 1, "color": "rgba(128, 128, 128,0.5)"}}, {"source": "C4", "target": "216", "value": "1", "lineStyle": {"width": 1, "color": "rgba(128, 128, 128,0.5)"}}, {"source": "C4", "target": "217", "value": "1", "lineStyle": {"width": 1, "color": "rgba(128, 128, 128,0.5)"}}, {"source": "C4", "target": "218", "value": "1", "lineStyle": {"width": 1, "color": "rgba(128, 128, 128,0.5)"}}, {"source": "C4", "target": "220", "value": "1", "lineStyle": {"width": 1, "color": "rgba(128, 128, 128,0.5)"}}, {"source": "C4", "target": "226", "value": "1", "lineStyle": {"width": 1, "color": "rgba(128, 128, 128,0.5)"}}, {"source": "C27", "target": "56", "value": "1", "lineStyle": {"width": 1, "color": "rgba(128, 128, 128,0.5)"}}, {"source": "C27", "target": "109", "value": "1", "lineStyle": {"width": 1, "color": "rgba(128, 128, 128,0.5)"}}, {"source": "3", "target": "C5", "value": "1", "lineStyle": {"width": 1, "color": "rgba(128, 128, 128,0.5)"}}, {"source": "3", "target": "C21", "value": "1", "lineStyle": {"width": 1, "color": "rgba(128, 128, 128,0.5)"}}, {"source": "C5", "target": "8", "value": "1", "lineStyle": {"width": 1, "color": "rgba(128, 128, 128,0.5)"}}, {"source": "C5", "target": "20", "value": "1", "lineStyle": {"width": 1, "color": "rgba(128, 128, 128,0.5)"}}, {"source": "C5", "target": "22", "value": "1", "lineStyle": {"width": 1, "color": "rgba(128, 128, 128,0.5)"}}, {"source": "C5", "target": "23", "value": "1", "lineStyle": {"width": 1, "color": "rgba(128, 128, 128,0.5)"}}, {"source": "C5", "target": "26", "value": "1", "lineStyle": {"width": 1, "color": "rgba(128, 128, 128,0.5)"}}, {"source": "C5", "target": "42", "value": "1", "lineStyle": {"width": 1, "color": "rgba(128, 128, 128,0.5)"}}, {"source": "C5", "target": "48", "value": "1", "lineStyle": {"width": 1, "color": "rgba(128, 128, 128,0.5)"}}, {"source": "C5", "target": "50", "value": "1", "lineStyle": {"width": 1, "color": "rgba(128, 128, 128,0.5)"}}, {"source": "C5", "target": "53", "value": "1", "lineStyle": {"width": 1, "color": "rgba(128, 128, 128,0.5)"}}, {"source": "C5", "target": "55", "value": "1", "lineStyle": {"width": 1, "color": "rgba(128, 128, 128,0.5)"}}, {"source": "C5", "target": "56", "value": "1", "lineStyle": {"width": 1, "color": "rgba(128, 128, 128,0.5)"}}, {"source": "C5", "target": "63", "value": "1", "lineStyle": {"width": 1, "color": "rgba(128, 128, 128,0.5)"}}, {"source": "C5", "target": "70", "value": "1", "lineStyle": {"width": 1, "color": "rgba(128, 128, 128,0.5)"}}, {"source": "C5", "target": "78", "value": "1", "lineStyle": {"width": 1, "color": "rgba(128, 128, 128,0.5)"}}, {"source": "C5", "target": "79", "value": "1", "lineStyle": {"width": 1, "color": "rgba(128, 128, 128,0.5)"}}, {"source": "C5", "target": "80", "value": "1", "lineStyle": {"width": 1, "color": "rgba(128, 128, 128,0.5)"}}, {"source": "C5", "target": "81", "value": "1", "lineStyle": {"width": 1, "color": "rgba(128, 128, 128,0.5)"}}, {"source": "C5", "target": "82", "value": "1", "lineStyle": {"width": 1, "color": "rgba(128, 128, 128,0.5)"}}, {"source": "C5", "target": "93", "value": "1", "lineStyle": {"width": 1, "color": "rgba(128, 128, 128,0.5)"}}, {"source": "C5", "target": "103", "value": "1", "lineStyle": {"width": 1, "color": "rgba(128, 128, 128,0.5)"}}, {"source": "C5", "target": "105", "value": "1", "lineStyle": {"width": 1, "color": "rgba(128, 128, 128,0.5)"}}, {"source": "C5", "target": "107", "value": "1", "lineStyle": {"width": 1, "color": "rgba(128, 128, 128,0.5)"}}, {"source": "C5", "target": "112", "value": "1", "lineStyle": {"width": 1, "color": "rgba(128, 128, 128,0.5)"}}, {"source": "C5", "target": "120", "value": "1", "lineStyle": {"width": 1, "color": "rgba(128, 128, 128,0.5)"}}, {"source": "C5", "target": "124", "value": "1", "lineStyle": {"width": 1, "color": "rgba(128, 128, 128,0.5)"}}, {"source": "C5", "target": "126", "value": "1", "lineStyle": {"width": 1, "color": "rgba(128, 128, 128,0.5)"}}, {"source": "C5", "target": "134", "value": "1", "lineStyle": {"width": 1, "color": "rgba(128, 128, 128,0.5)"}}, {"source": "C5", "target": "136", "value": "1", "lineStyle": {"width": 1, "color": "rgba(128, 128, 128,0.5)"}}, {"source": "C5", "target": "140", "value": "1", "lineStyle": {"width": 1, "color": "rgba(128, 128, 128,0.5)"}}, {"source": "C5", "target": "148", "value": "1", "lineStyle": {"width": 1, "color": "rgba(128, 128, 128,0.5)"}}, {"source": "C5", "target": "149", "value": "1", "lineStyle": {"width": 1, "color": "rgba(128, 128, 128,0.5)"}}, {"source": "C5", "target": "155", "value": "1", "lineStyle": {"width": 1, "color": "rgba(128, 128, 128,0.5)"}}, {"source": "C5", "target": "164", "value": "1", "lineStyle": {"width": 1, "color": "rgba(128, 128, 128,0.5)"}}, {"source": "C5", "target": "173", "value": "1", "lineStyle": {"width": 1, "color": "rgba(128, 128, 128,0.5)"}}, {"source": "C5", "target": "176", "value": "1", "lineStyle": {"width": 1, "color": "rgba(128, 128, 128,0.5)"}}, {"source": "C5", "target": "178", "value": "1", "lineStyle": {"width": 1, "color": "rgba(128, 128, 128,0.5)"}}, {"source": "C5", "target": "179", "value": "1", "lineStyle": {"width": 1, "color": "rgba(128, 128, 128,0.5)"}}, {"source": "C5", "target": "180", "value": "1", "lineStyle": {"width": 1, "color": "rgba(128, 128, 128,0.5)"}}, {"source": "C5", "target": "184", "value": "1", "lineStyle": {"width": 1, "color": "rgba(128, 128, 128,0.5)"}}, {"source": "C5", "target": "187", "value": "1", "lineStyle": {"width": 1, "color": "rgba(128, 128, 128,0.5)"}}, {"source": "C5", "target": "197", "value": "1", "lineStyle": {"width": 1, "color": "rgba(128, 128, 128,0.5)"}}, {"source": "C5", "target": "216", "value": "1", "lineStyle": {"width": 1, "color": "rgba(128, 128, 128,0.5)"}}, {"source": "C5", "target": "219", "value": "1", "lineStyle": {"width": 1, "color": "rgba(128, 128, 128,0.5)"}}, {"source": "C5", "target": "220", "value": "1", "lineStyle": {"width": 1, "color": "rgba(128, 128, 128,0.5)"}}, {"source": "C5", "target": "221", "value": "1", "lineStyle": {"width": 1, "color": "rgba(128, 128, 128,0.5)"}}, {"source": "C21", "target": "7", "value": "1", "lineStyle": {"width": 1, "color": "rgba(128, 128, 128,0.5)"}}, {"source": "C21", "target": "14", "value": "1", "lineStyle": {"width": 1, "color": "rgba(128, 128, 128,0.5)"}}, {"source": "C21", "target": "17", "value": "1", "lineStyle": {"width": 1, "color": "rgba(128, 128, 128,0.5)"}}, {"source": "C21", "target": "23", "value": "1", "lineStyle": {"width": 1, "color": "rgba(128, 128, 128,0.5)"}}, {"source": "C21", "target": "24", "value": "1", "lineStyle": {"width": 1, "color": "rgba(128, 128, 128,0.5)"}}, {"source": "C21", "target": "25", "value": "1", "lineStyle": {"width": 1, "color": "rgba(128, 128, 128,0.5)"}}, {"source": "C21", "target": "32", "value": "1", "lineStyle": {"width": 1, "color": "rgba(128, 128, 128,0.5)"}}, {"source": "C21", "target": "38", "value": "1", "lineStyle": {"width": 1, "color": "rgba(128, 128, 128,0.5)"}}, {"source": "C21", "target": "85", "value": "1", "lineStyle": {"width": 1, "color": "rgba(128, 128, 128,0.5)"}}, {"source": "C21", "target": "107", "value": "1", "lineStyle": {"width": 1, "color": "rgba(128, 128, 128,0.5)"}}, {"source": "C21", "target": "111", "value": "1", "lineStyle": {"width": 1, "color": "rgba(128, 128, 128,0.5)"}}, {"source": "C21", "target": "112", "value": "1", "lineStyle": {"width": 1, "color": "rgba(128, 128, 128,0.5)"}}, {"source": "C21", "target": "114", "value": "1", "lineStyle": {"width": 1, "color": "rgba(128, 128, 128,0.5)"}}, {"source": "C21", "target": "117", "value": "1", "lineStyle": {"width": 1, "color": "rgba(128, 128, 128,0.5)"}}, {"source": "C21", "target": "130", "value": "1", "lineStyle": {"width": 1, "color": "rgba(128, 128, 128,0.5)"}}, {"source": "C21", "target": "131", "value": "1", "lineStyle": {"width": 1, "color": "rgba(128, 128, 128,0.5)"}}, {"source": "C21", "target": "133", "value": "1", "lineStyle": {"width": 1, "color": "rgba(128, 128, 128,0.5)"}}, {"source": "C21", "target": "138", "value": "1", "lineStyle": {"width": 1, "color": "rgba(128, 128, 128,0.5)"}}, {"source": "C21", "target": "140", "value": "1", "lineStyle": {"width": 1, "color": "rgba(128, 128, 128,0.5)"}}, {"source": "C21", "target": "182", "value": "1", "lineStyle": {"width": 1, "color": "rgba(128, 128, 128,0.5)"}}, {"source": "C21", "target": "184", "value": "1", "lineStyle": {"width": 1, "color": "rgba(128, 128, 128,0.5)"}}, {"source": "C21", "target": "202", "value": "1", "lineStyle": {"width": 1, "color": "rgba(128, 128, 128,0.5)"}}, {"source": "C21", "target": "210", "value": "1", "lineStyle": {"width": 1, "color": "rgba(128, 128, 128,0.5)"}}, {"source": "C21", "target": "216", "value": "1", "lineStyle": {"width": 1, "color": "rgba(128, 128, 128,0.5)"}}, {"source": "C21", "target": "224", "value": "1", "lineStyle": {"width": 1, "color": "rgba(128, 128, 128,0.5)"}}, {"source": "C21", "target": "226", "value": "1", "lineStyle": {"width": 1, "color": "rgba(128, 128, 128,0.5)"}}, {"source": "4", "target": "C6", "value": "1", "lineStyle": {"width": 1, "color": "rgba(128, 128, 128,0.5)"}}, {"source": "4", "target": "C7", "value": "1", "lineStyle": {"width": 1, "color": "rgba(128, 128, 128,0.5)"}}, {"source": "C6", "target": "10", "value": "1", "lineStyle": {"width": 1, "color": "rgba(128, 128, 128,0.5)"}}, {"source": "C6", "target": "13", "value": "1", "lineStyle": {"width": 1, "color": "rgba(128, 128, 128,0.5)"}}, {"source": "C6", "target": "30", "value": "1", "lineStyle": {"width": 1, "color": "rgba(128, 128, 128,0.5)"}}, {"source": "C6", "target": "33", "value": "1", "lineStyle": {"width": 1, "color": "rgba(128, 128, 128,0.5)"}}, {"source": "C6", "target": "34", "value": "1", "lineStyle": {"width": 1, "color": "rgba(128, 128, 128,0.5)"}}, {"source": "C6", "target": "37", "value": "1", "lineStyle": {"width": 1, "color": "rgba(128, 128, 128,0.5)"}}, {"source": "C6", "target": "38", "value": "1", "lineStyle": {"width": 1, "color": "rgba(128, 128, 128,0.5)"}}, {"source": "C6", "target": "39", "value": "1", "lineStyle": {"width": 1, "color": "rgba(128, 128, 128,0.5)"}}, {"source": "C6", "target": "49", "value": "1", "lineStyle": {"width": 1, "color": "rgba(128, 128, 128,0.5)"}}, {"source": "C6", "target": "52", "value": "1", "lineStyle": {"width": 1, "color": "rgba(128, 128, 128,0.5)"}}, {"source": "C6", "target": "53", "value": "1", "lineStyle": {"width": 1, "color": "rgba(128, 128, 128,0.5)"}}, {"source": "C6", "target": "55", "value": "1", "lineStyle": {"width": 1, "color": "rgba(128, 128, 128,0.5)"}}, {"source": "C6", "target": "57", "value": "1", "lineStyle": {"width": 1, "color": "rgba(128, 128, 128,0.5)"}}, {"source": "C6", "target": "73", "value": "1", "lineStyle": {"width": 1, "color": "rgba(128, 128, 128,0.5)"}}, {"source": "C6", "target": "83", "value": "1", "lineStyle": {"width": 1, "color": "rgba(128, 128, 128,0.5)"}}, {"source": "C6", "target": "98", "value": "1", "lineStyle": {"width": 1, "color": "rgba(128, 128, 128,0.5)"}}, {"source": "C6", "target": "99", "value": "1", "lineStyle": {"width": 1, "color": "rgba(128, 128, 128,0.5)"}}, {"source": "C6", "target": "100", "value": "1", "lineStyle": {"width": 1, "color": "rgba(128, 128, 128,0.5)"}}, {"source": "C6", "target": "103", "value": "1", "lineStyle": {"width": 1, "color": "rgba(128, 128, 128,0.5)"}}, {"source": "C6", "target": "111", "value": "1", "lineStyle": {"width": 1, "color": "rgba(128, 128, 128,0.5)"}}, {"source": "C6", "target": "117", "value": "1", "lineStyle": {"width": 1, "color": "rgba(128, 128, 128,0.5)"}}, {"source": "C6", "target": "139", "value": "1", "lineStyle": {"width": 1, "color": "rgba(128, 128, 128,0.5)"}}, {"source": "C6", "target": "146", "value": "1", "lineStyle": {"width": 1, "color": "rgba(128, 128, 128,0.5)"}}, {"source": "C6", "target": "149", "value": "1", "lineStyle": {"width": 1, "color": "rgba(128, 128, 128,0.5)"}}, {"source": "C6", "target": "150", "value": "1", "lineStyle": {"width": 1, "color": "rgba(128, 128, 128,0.5)"}}, {"source": "C6", "target": "152", "value": "1", "lineStyle": {"width": 1, "color": "rgba(128, 128, 128,0.5)"}}, {"source": "C6", "target": "155", "value": "1", "lineStyle": {"width": 1, "color": "rgba(128, 128, 128,0.5)"}}, {"source": "C6", "target": "156", "value": "1", "lineStyle": {"width": 1, "color": "rgba(128, 128, 128,0.5)"}}, {"source": "C6", "target": "160", "value": "1", "lineStyle": {"width": 1, "color": "rgba(128, 128, 128,0.5)"}}, {"source": "C6", "target": "164", "value": "1", "lineStyle": {"width": 1, "color": "rgba(128, 128, 128,0.5)"}}, {"source": "C6", "target": "167", "value": "1", "lineStyle": {"width": 1, "color": "rgba(128, 128, 128,0.5)"}}, {"source": "C6", "target": "169", "value": "1", "lineStyle": {"width": 1, "color": "rgba(128, 128, 128,0.5)"}}, {"source": "C6", "target": "170", "value": "1", "lineStyle": {"width": 1, "color": "rgba(128, 128, 128,0.5)"}}, {"source": "C6", "target": "171", "value": "1", "lineStyle": {"width": 1, "color": "rgba(128, 128, 128,0.5)"}}, {"source": "C6", "target": "172", "value": "1", "lineStyle": {"width": 1, "color": "rgba(128, 128, 128,0.5)"}}, {"source": "C6", "target": "190", "value": "1", "lineStyle": {"width": 1, "color": "rgba(128, 128, 128,0.5)"}}, {"source": "C6", "target": "202", "value": "1", "lineStyle": {"width": 1, "color": "rgba(128, 128, 128,0.5)"}}, {"source": "C6", "target": "223", "value": "1", "lineStyle": {"width": 1, "color": "rgba(128, 128, 128,0.5)"}}, {"source": "C7", "target": "11", "value": "1", "lineStyle": {"width": 1, "color": "rgba(128, 128, 128,0.5)"}}, {"source": "C7", "target": "24", "value": "1", "lineStyle": {"width": 1, "color": "rgba(128, 128, 128,0.5)"}}, {"source": "C7", "target": "65", "value": "1", "lineStyle": {"width": 1, "color": "rgba(128, 128, 128,0.5)"}}, {"source": "5", "target": "C13", "value": "1", "lineStyle": {"width": 1, "color": "rgba(128, 128, 128,0.5)"}}, {"source": "5", "target": "C16", "value": "1", "lineStyle": {"width": 1, "color": "rgba(128, 128, 128,0.5)"}}, {"source": "5", "target": "C24", "value": "1", "lineStyle": {"width": 1, "color": "rgba(128, 128, 128,0.5)"}}, {"source": "C13", "target": "8", "value": "1", "lineStyle": {"width": 1, "color": "rgba(128, 128, 128,0.5)"}}, {"source": "C13", "target": "12", "value": "1", "lineStyle": {"width": 1, "color": "rgba(128, 128, 128,0.5)"}}, {"source": "C13", "target": "16", "value": "1", "lineStyle": {"width": 1, "color": "rgba(128, 128, 128,0.5)"}}, {"source": "C13", "target": "48", "value": "1", "lineStyle": {"width": 1, "color": "rgba(128, 128, 128,0.5)"}}, {"source": "C13", "target": "56", "value": "1", "lineStyle": {"width": 1, "color": "rgba(128, 128, 128,0.5)"}}, {"source": "C13", "target": "58", "value": "1", "lineStyle": {"width": 1, "color": "rgba(128, 128, 128,0.5)"}}, {"source": "C13", "target": "67", "value": "1", "lineStyle": {"width": 1, "color": "rgba(128, 128, 128,0.5)"}}, {"source": "C13", "target": "68", "value": "1", "lineStyle": {"width": 1, "color": "rgba(128, 128, 128,0.5)"}}, {"source": "C13", "target": "69", "value": "1", "lineStyle": {"width": 1, "color": "rgba(128, 128, 128,0.5)"}}, {"source": "C13", "target": "70", "value": "1", "lineStyle": {"width": 1, "color": "rgba(128, 128, 128,0.5)"}}, {"source": "C13", "target": "71", "value": "1", "lineStyle": {"width": 1, "color": "rgba(128, 128, 128,0.5)"}}, {"source": "C13", "target": "72", "value": "1", "lineStyle": {"width": 1, "color": "rgba(128, 128, 128,0.5)"}}, {"source": "C13", "target": "74", "value": "1", "lineStyle": {"width": 1, "color": "rgba(128, 128, 128,0.5)"}}, {"source": "C13", "target": "75", "value": "1", "lineStyle": {"width": 1, "color": "rgba(128, 128, 128,0.5)"}}, {"source": "C13", "target": "76", "value": "1", "lineStyle": {"width": 1, "color": "rgba(128, 128, 128,0.5)"}}, {"source": "C13", "target": "77", "value": "1", "lineStyle": {"width": 1, "color": "rgba(128, 128, 128,0.5)"}}, {"source": "C13", "target": "80", "value": "1", "lineStyle": {"width": 1, "color": "rgba(128, 128, 128,0.5)"}}, {"source": "C13", "target": "82", "value": "1", "lineStyle": {"width": 1, "color": "rgba(128, 128, 128,0.5)"}}, {"source": "C13", "target": "84", "value": "1", "lineStyle": {"width": 1, "color": "rgba(128, 128, 128,0.5)"}}, {"source": "C13", "target": "86", "value": "1", "lineStyle": {"width": 1, "color": "rgba(128, 128, 128,0.5)"}}, {"source": "C13", "target": "88", "value": "1", "lineStyle": {"width": 1, "color": "rgba(128, 128, 128,0.5)"}}, {"source": "C13", "target": "95", "value": "1", "lineStyle": {"width": 1, "color": "rgba(128, 128, 128,0.5)"}}, {"source": "C13", "target": "97", "value": "1", "lineStyle": {"width": 1, "color": "rgba(128, 128, 128,0.5)"}}, {"source": "C13", "target": "98", "value": "1", "lineStyle": {"width": 1, "color": "rgba(128, 128, 128,0.5)"}}, {"source": "C13", "target": "109", "value": "1", "lineStyle": {"width": 1, "color": "rgba(128, 128, 128,0.5)"}}, {"source": "C13", "target": "113", "value": "1", "lineStyle": {"width": 1, "color": "rgba(128, 128, 128,0.5)"}}, {"source": "C13", "target": "125", "value": "1", "lineStyle": {"width": 1, "color": "rgba(128, 128, 128,0.5)"}}, {"source": "C13", "target": "126", "value": "1", "lineStyle": {"width": 1, "color": "rgba(128, 128, 128,0.5)"}}, {"source": "C13", "target": "128", "value": "1", "lineStyle": {"width": 1, "color": "rgba(128, 128, 128,0.5)"}}, {"source": "C13", "target": "137", "value": "1", "lineStyle": {"width": 1, "color": "rgba(128, 128, 128,0.5)"}}, {"source": "C13", "target": "141", "value": "1", "lineStyle": {"width": 1, "color": "rgba(128, 128, 128,0.5)"}}, {"source": "C13", "target": "144", "value": "1", "lineStyle": {"width": 1, "color": "rgba(128, 128, 128,0.5)"}}, {"source": "C13", "target": "147", "value": "1", "lineStyle": {"width": 1, "color": "rgba(128, 128, 128,0.5)"}}, {"source": "C13", "target": "162", "value": "1", "lineStyle": {"width": 1, "color": "rgba(128, 128, 128,0.5)"}}, {"source": "C13", "target": "179", "value": "1", "lineStyle": {"width": 1, "color": "rgba(128, 128, 128,0.5)"}}, {"source": "C13", "target": "218", "value": "1", "lineStyle": {"width": 1, "color": "rgba(128, 128, 128,0.5)"}}, {"source": "C13", "target": "230", "value": "1", "lineStyle": {"width": 1, "color": "rgba(128, 128, 128,0.5)"}}, {"source": "C16", "target": "14", "value": "1", "lineStyle": {"width": 1, "color": "rgba(128, 128, 128,0.5)"}}, {"source": "C16", "target": "16", "value": "1", "lineStyle": {"width": 1, "color": "rgba(128, 128, 128,0.5)"}}, {"source": "C16", "target": "18", "value": "1", "lineStyle": {"width": 1, "color": "rgba(128, 128, 128,0.5)"}}, {"source": "C16", "target": "19", "value": "1", "lineStyle": {"width": 1, "color": "rgba(128, 128, 128,0.5)"}}, {"source": "C16", "target": "22", "value": "1", "lineStyle": {"width": 1, "color": "rgba(128, 128, 128,0.5)"}}, {"source": "C16", "target": "23", "value": "1", "lineStyle": {"width": 1, "color": "rgba(128, 128, 128,0.5)"}}, {"source": "C16", "target": "31", "value": "1", "lineStyle": {"width": 1, "color": "rgba(128, 128, 128,0.5)"}}, {"source": "C16", "target": "45", "value": "1", "lineStyle": {"width": 1, "color": "rgba(128, 128, 128,0.5)"}}, {"source": "C16", "target": "56", "value": "1", "lineStyle": {"width": 1, "color": "rgba(128, 128, 128,0.5)"}}, {"source": "C16", "target": "59", "value": "1", "lineStyle": {"width": 1, "color": "rgba(128, 128, 128,0.5)"}}, {"source": "C16", "target": "61", "value": "1", "lineStyle": {"width": 1, "color": "rgba(128, 128, 128,0.5)"}}, {"source": "C16", "target": "63", "value": "1", "lineStyle": {"width": 1, "color": "rgba(128, 128, 128,0.5)"}}, {"source": "C16", "target": "66", "value": "1", "lineStyle": {"width": 1, "color": "rgba(128, 128, 128,0.5)"}}, {"source": "C16", "target": "67", "value": "1", "lineStyle": {"width": 1, "color": "rgba(128, 128, 128,0.5)"}}, {"source": "C16", "target": "68", "value": "1", "lineStyle": {"width": 1, "color": "rgba(128, 128, 128,0.5)"}}, {"source": "C16", "target": "69", "value": "1", "lineStyle": {"width": 1, "color": "rgba(128, 128, 128,0.5)"}}, {"source": "C16", "target": "72", "value": "1", "lineStyle": {"width": 1, "color": "rgba(128, 128, 128,0.5)"}}, {"source": "C16", "target": "77", "value": "1", "lineStyle": {"width": 1, "color": "rgba(128, 128, 128,0.5)"}}, {"source": "C16", "target": "78", "value": "1", "lineStyle": {"width": 1, "color": "rgba(128, 128, 128,0.5)"}}, {"source": "C16", "target": "79", "value": "1", "lineStyle": {"width": 1, "color": "rgba(128, 128, 128,0.5)"}}, {"source": "C16", "target": "81", "value": "1", "lineStyle": {"width": 1, "color": "rgba(128, 128, 128,0.5)"}}, {"source": "C16", "target": "82", "value": "1", "lineStyle": {"width": 1, "color": "rgba(128, 128, 128,0.5)"}}, {"source": "C16", "target": "86", "value": "1", "lineStyle": {"width": 1, "color": "rgba(128, 128, 128,0.5)"}}, {"source": "C16", "target": "92", "value": "1", "lineStyle": {"width": 1, "color": "rgba(128, 128, 128,0.5)"}}, {"source": "C16", "target": "93", "value": "1", "lineStyle": {"width": 1, "color": "rgba(128, 128, 128,0.5)"}}, {"source": "C16", "target": "97", "value": "1", "lineStyle": {"width": 1, "color": "rgba(128, 128, 128,0.5)"}}, {"source": "C16", "target": "99", "value": "1", "lineStyle": {"width": 1, "color": "rgba(128, 128, 128,0.5)"}}, {"source": "C16", "target": "100", "value": "1", "lineStyle": {"width": 1, "color": "rgba(128, 128, 128,0.5)"}}, {"source": "C16", "target": "102", "value": "1", "lineStyle": {"width": 1, "color": "rgba(128, 128, 128,0.5)"}}, {"source": "C16", "target": "111", "value": "1", "lineStyle": {"width": 1, "color": "rgba(128, 128, 128,0.5)"}}, {"source": "C16", "target": "115", "value": "1", "lineStyle": {"width": 1, "color": "rgba(128, 128, 128,0.5)"}}, {"source": "C16", "target": "117", "value": "1", "lineStyle": {"width": 1, "color": "rgba(128, 128, 128,0.5)"}}, {"source": "C16", "target": "118", "value": "1", "lineStyle": {"width": 1, "color": "rgba(128, 128, 128,0.5)"}}, {"source": "C16", "target": "125", "value": "1", "lineStyle": {"width": 1, "color": "rgba(128, 128, 128,0.5)"}}, {"source": "C16", "target": "131", "value": "1", "lineStyle": {"width": 1, "color": "rgba(128, 128, 128,0.5)"}}, {"source": "C16", "target": "135", "value": "1", "lineStyle": {"width": 1, "color": "rgba(128, 128, 128,0.5)"}}, {"source": "C16", "target": "145", "value": "1", "lineStyle": {"width": 1, "color": "rgba(128, 128, 128,0.5)"}}, {"source": "C16", "target": "148", "value": "1", "lineStyle": {"width": 1, "color": "rgba(128, 128, 128,0.5)"}}, {"source": "C16", "target": "151", "value": "1", "lineStyle": {"width": 1, "color": "rgba(128, 128, 128,0.5)"}}, {"source": "C16", "target": "155", "value": "1", "lineStyle": {"width": 1, "color": "rgba(128, 128, 128,0.5)"}}, {"source": "C16", "target": "158", "value": "1", "lineStyle": {"width": 1, "color": "rgba(128, 128, 128,0.5)"}}, {"source": "C16", "target": "159", "value": "1", "lineStyle": {"width": 1, "color": "rgba(128, 128, 128,0.5)"}}, {"source": "C16", "target": "161", "value": "1", "lineStyle": {"width": 1, "color": "rgba(128, 128, 128,0.5)"}}, {"source": "C16", "target": "162", "value": "1", "lineStyle": {"width": 1, "color": "rgba(128, 128, 128,0.5)"}}, {"source": "C16", "target": "168", "value": "1", "lineStyle": {"width": 1, "color": "rgba(128, 128, 128,0.5)"}}, {"source": "C16", "target": "172", "value": "1", "lineStyle": {"width": 1, "color": "rgba(128, 128, 128,0.5)"}}, {"source": "C16", "target": "173", "value": "1", "lineStyle": {"width": 1, "color": "rgba(128, 128, 128,0.5)"}}, {"source": "C16", "target": "175", "value": "1", "lineStyle": {"width": 1, "color": "rgba(128, 128, 128,0.5)"}}, {"source": "C16", "target": "180", "value": "1", "lineStyle": {"width": 1, "color": "rgba(128, 128, 128,0.5)"}}, {"source": "C16", "target": "190", "value": "1", "lineStyle": {"width": 1, "color": "rgba(128, 128, 128,0.5)"}}, {"source": "C16", "target": "199", "value": "1", "lineStyle": {"width": 1, "color": "rgba(128, 128, 128,0.5)"}}, {"source": "C16", "target": "203", "value": "1", "lineStyle": {"width": 1, "color": "rgba(128, 128, 128,0.5)"}}, {"source": "C16", "target": "212", "value": "1", "lineStyle": {"width": 1, "color": "rgba(128, 128, 128,0.5)"}}, {"source": "C16", "target": "213", "value": "1", "lineStyle": {"width": 1, "color": "rgba(128, 128, 128,0.5)"}}, {"source": "C16", "target": "216", "value": "1", "lineStyle": {"width": 1, "color": "rgba(128, 128, 128,0.5)"}}, {"source": "C16", "target": "220", "value": "1", "lineStyle": {"width": 1, "color": "rgba(128, 128, 128,0.5)"}}, {"source": "C24", "target": "12", "value": "1", "lineStyle": {"width": 1, "color": "rgba(128, 128, 128,0.5)"}}, {"source": "C24", "target": "48", "value": "1", "lineStyle": {"width": 1, "color": "rgba(128, 128, 128,0.5)"}}, {"source": "C24", "target": "52", "value": "1", "lineStyle": {"width": 1, "color": "rgba(128, 128, 128,0.5)"}}, {"source": "C24", "target": "57", "value": "1", "lineStyle": {"width": 1, "color": "rgba(128, 128, 128,0.5)"}}, {"source": "C24", "target": "76", "value": "1", "lineStyle": {"width": 1, "color": "rgba(128, 128, 128,0.5)"}}, {"source": "C24", "target": "84", "value": "1", "lineStyle": {"width": 1, "color": "rgba(128, 128, 128,0.5)"}}, {"source": "C24", "target": "93", "value": "1", "lineStyle": {"width": 1, "color": "rgba(128, 128, 128,0.5)"}}, {"source": "C24", "target": "130", "value": "1", "lineStyle": {"width": 1, "color": "rgba(128, 128, 128,0.5)"}}, {"source": "C24", "target": "144", "value": "1", "lineStyle": {"width": 1, "color": "rgba(128, 128, 128,0.5)"}}, {"source": "C24", "target": "226", "value": "1", "lineStyle": {"width": 1, "color": "rgba(128, 128, 128,0.5)"}}, {"source": "6", "target": "C8", "value": "1", "lineStyle": {"width": 1, "color": "rgba(128, 128, 128,0.5)"}}, {"source": "6", "target": "C11", "value": "1", "lineStyle": {"width": 1, "color": "rgba(128, 128, 128,0.5)"}}, {"source": "6", "target": "C32", "value": "1", "lineStyle": {"width": 1, "color": "rgba(128, 128, 128,0.5)"}}, {"source": "C8", "target": "25", "value": "1", "lineStyle": {"width": 1, "color": "rgba(128, 128, 128,0.5)"}}, {"source": "C8", "target": "26", "value": "1", "lineStyle": {"width": 1, "color": "rgba(128, 128, 128,0.5)"}}, {"source": "C8", "target": "65", "value": "1", "lineStyle": {"width": 1, "color": "rgba(128, 128, 128,0.5)"}}, {"source": "C8", "target": "126", "value": "1", "lineStyle": {"width": 1, "color": "rgba(128, 128, 128,0.5)"}}, {"source": "C8", "target": "178", "value": "1", "lineStyle": {"width": 1, "color": "rgba(128, 128, 128,0.5)"}}, {"source": "C8", "target": "179", "value": "1", "lineStyle": {"width": 1, "color": "rgba(128, 128, 128,0.5)"}}, {"source": "C11", "target": "10", "value": "1", "lineStyle": {"width": 1, "color": "rgba(128, 128, 128,0.5)"}}, {"source": "C11", "target": "13", "value": "1", "lineStyle": {"width": 1, "color": "rgba(128, 128, 128,0.5)"}}, {"source": "C11", "target": "23", "value": "1", "lineStyle": {"width": 1, "color": "rgba(128, 128, 128,0.5)"}}, {"source": "C11", "target": "62", "value": "1", "lineStyle": {"width": 1, "color": "rgba(128, 128, 128,0.5)"}}, {"source": "C11", "target": "65", "value": "1", "lineStyle": {"width": 1, "color": "rgba(128, 128, 128,0.5)"}}, {"source": "C11", "target": "83", "value": "1", "lineStyle": {"width": 1, "color": "rgba(128, 128, 128,0.5)"}}, {"source": "C11", "target": "106", "value": "1", "lineStyle": {"width": 1, "color": "rgba(128, 128, 128,0.5)"}}, {"source": "C11", "target": "109", "value": "1", "lineStyle": {"width": 1, "color": "rgba(128, 128, 128,0.5)"}}, {"source": "C11", "target": "115", "value": "1", "lineStyle": {"width": 1, "color": "rgba(128, 128, 128,0.5)"}}, {"source": "C11", "target": "117", "value": "1", "lineStyle": {"width": 1, "color": "rgba(128, 128, 128,0.5)"}}, {"source": "C11", "target": "121", "value": "1", "lineStyle": {"width": 1, "color": "rgba(128, 128, 128,0.5)"}}, {"source": "C11", "target": "127", "value": "1", "lineStyle": {"width": 1, "color": "rgba(128, 128, 128,0.5)"}}, {"source": "C11", "target": "138", "value": "1", "lineStyle": {"width": 1, "color": "rgba(128, 128, 128,0.5)"}}, {"source": "C11", "target": "154", "value": "1", "lineStyle": {"width": 1, "color": "rgba(128, 128, 128,0.5)"}}, {"source": "C11", "target": "160", "value": "1", "lineStyle": {"width": 1, "color": "rgba(128, 128, 128,0.5)"}}, {"source": "C11", "target": "190", "value": "1", "lineStyle": {"width": 1, "color": "rgba(128, 128, 128,0.5)"}}, {"source": "C11", "target": "197", "value": "1", "lineStyle": {"width": 1, "color": "rgba(128, 128, 128,0.5)"}}, {"source": "C11", "target": "201", "value": "1", "lineStyle": {"width": 1, "color": "rgba(128, 128, 128,0.5)"}}, {"source": "C11", "target": "202", "value": "1", "lineStyle": {"width": 1, "color": "rgba(128, 128, 128,0.5)"}}, {"source": "C11", "target": "211", "value": "1", "lineStyle": {"width": 1, "color": "rgba(128, 128, 128,0.5)"}}, {"source": "C11", "target": "221", "value": "1", "lineStyle": {"width": 1, "color": "rgba(128, 128, 128,0.5)"}}, {"source": "C32", "target": "13", "value": "1", "lineStyle": {"width": 1, "color": "rgba(128, 128, 128,0.5)"}}, {"source": "C32", "target": "34", "value": "1", "lineStyle": {"width": 1, "color": "rgba(128, 128, 128,0.5)"}}, {"source": "C32", "target": "51", "value": "1", "lineStyle": {"width": 1, "color": "rgba(128, 128, 128,0.5)"}}, {"source": "C32", "target": "65", "value": "1", "lineStyle": {"width": 1, "color": "rgba(128, 128, 128,0.5)"}}, {"source": "C32", "target": "75", "value": "1", "lineStyle": {"width": 1, "color": "rgba(128, 128, 128,0.5)"}}, {"source": "C32", "target": "83", "value": "1", "lineStyle": {"width": 1, "color": "rgba(128, 128, 128,0.5)"}}, {"source": "C32", "target": "109", "value": "1", "lineStyle": {"width": 1, "color": "rgba(128, 128, 128,0.5)"}}, {"source": "C32", "target": "152", "value": "1", "lineStyle": {"width": 1, "color": "rgba(128, 128, 128,0.5)"}}, {"source": "C32", "target": "180", "value": "1", "lineStyle": {"width": 1, "color": "rgba(128, 128, 128,0.5)"}}, {"source": "C32", "target": "184", "value": "1", "lineStyle": {"width": 1, "color": "rgba(128, 128, 128,0.5)"}}, {"source": "C32", "target": "194", "value": "1", "lineStyle": {"width": 1, "color": "rgba(128, 128, 128,0.5)"}}, {"source": "C32", "target": "195", "value": "1", "lineStyle": {"width": 1, "color": "rgba(128, 128, 128,0.5)"}}, {"source": "C32", "target": "197", "value": "1", "lineStyle": {"width": 1, "color": "rgba(128, 128, 128,0.5)"}}, {"source": "C32", "target": "225", "value": "1", "lineStyle": {"width": 1, "color": "rgba(128, 128, 128,0.5)"}}, {"source": "7", "target": "C9", "value": "1", "lineStyle": {"width": 1, "color": "rgba(128, 128, 128,0.5)"}}, {"source": "7", "target": "C23", "value": "1", "lineStyle": {"width": 1, "color": "rgba(128, 128, 128,0.5)"}}, {"source": "C9", "target": "13", "value": "1", "lineStyle": {"width": 1, "color": "rgba(128, 128, 128,0.5)"}}, {"source": "C9", "target": "14", "value": "1", "lineStyle": {"width": 1, "color": "rgba(128, 128, 128,0.5)"}}, {"source": "C9", "target": "25", "value": "1", "lineStyle": {"width": 1, "color": "rgba(128, 128, 128,0.5)"}}, {"source": "C9", "target": "26", "value": "1", "lineStyle": {"width": 1, "color": "rgba(128, 128, 128,0.5)"}}, {"source": "C9", "target": "27", "value": "1", "lineStyle": {"width": 1, "color": "rgba(128, 128, 128,0.5)"}}, {"source": "C9", "target": "36", "value": "1", "lineStyle": {"width": 1, "color": "rgba(128, 128, 128,0.5)"}}, {"source": "C9", "target": "37", "value": "1", "lineStyle": {"width": 1, "color": "rgba(128, 128, 128,0.5)"}}, {"source": "C9", "target": "51", "value": "1", "lineStyle": {"width": 1, "color": "rgba(128, 128, 128,0.5)"}}, {"source": "C9", "target": "52", "value": "1", "lineStyle": {"width": 1, "color": "rgba(128, 128, 128,0.5)"}}, {"source": "C9", "target": "66", "value": "1", "lineStyle": {"width": 1, "color": "rgba(128, 128, 128,0.5)"}}, {"source": "C9", "target": "73", "value": "1", "lineStyle": {"width": 1, "color": "rgba(128, 128, 128,0.5)"}}, {"source": "C9", "target": "79", "value": "1", "lineStyle": {"width": 1, "color": "rgba(128, 128, 128,0.5)"}}, {"source": "C9", "target": "103", "value": "1", "lineStyle": {"width": 1, "color": "rgba(128, 128, 128,0.5)"}}, {"source": "C9", "target": "105", "value": "1", "lineStyle": {"width": 1, "color": "rgba(128, 128, 128,0.5)"}}, {"source": "C9", "target": "109", "value": "1", "lineStyle": {"width": 1, "color": "rgba(128, 128, 128,0.5)"}}, {"source": "C9", "target": "110", "value": "1", "lineStyle": {"width": 1, "color": "rgba(128, 128, 128,0.5)"}}, {"source": "C9", "target": "114", "value": "1", "lineStyle": {"width": 1, "color": "rgba(128, 128, 128,0.5)"}}, {"source": "C9", "target": "132", "value": "1", "lineStyle": {"width": 1, "color": "rgba(128, 128, 128,0.5)"}}, {"source": "C9", "target": "144", "value": "1", "lineStyle": {"width": 1, "color": "rgba(128, 128, 128,0.5)"}}, {"source": "C9", "target": "159", "value": "1", "lineStyle": {"width": 1, "color": "rgba(128, 128, 128,0.5)"}}, {"source": "C9", "target": "164", "value": "1", "lineStyle": {"width": 1, "color": "rgba(128, 128, 128,0.5)"}}, {"source": "C9", "target": "165", "value": "1", "lineStyle": {"width": 1, "color": "rgba(128, 128, 128,0.5)"}}, {"source": "C9", "target": "167", "value": "1", "lineStyle": {"width": 1, "color": "rgba(128, 128, 128,0.5)"}}, {"source": "C9", "target": "170", "value": "1", "lineStyle": {"width": 1, "color": "rgba(128, 128, 128,0.5)"}}, {"source": "C9", "target": "180", "value": "1", "lineStyle": {"width": 1, "color": "rgba(128, 128, 128,0.5)"}}, {"source": "C9", "target": "193", "value": "1", "lineStyle": {"width": 1, "color": "rgba(128, 128, 128,0.5)"}}, {"source": "C9", "target": "197", "value": "1", "lineStyle": {"width": 1, "color": "rgba(128, 128, 128,0.5)"}}, {"source": "C9", "target": "201", "value": "1", "lineStyle": {"width": 1, "color": "rgba(128, 128, 128,0.5)"}}, {"source": "C9", "target": "208", "value": "1", "lineStyle": {"width": 1, "color": "rgba(128, 128, 128,0.5)"}}, {"source": "C9", "target": "213", "value": "1", "lineStyle": {"width": 1, "color": "rgba(128, 128, 128,0.5)"}}, {"source": "C9", "target": "215", "value": "1", "lineStyle": {"width": 1, "color": "rgba(128, 128, 128,0.5)"}}, {"source": "C23", "target": "9", "value": "1", "lineStyle": {"width": 1, "color": "rgba(128, 128, 128,0.5)"}}, {"source": "C23", "target": "11", "value": "1", "lineStyle": {"width": 1, "color": "rgba(128, 128, 128,0.5)"}}, {"source": "C23", "target": "14", "value": "1", "lineStyle": {"width": 1, "color": "rgba(128, 128, 128,0.5)"}}, {"source": "C23", "target": "15", "value": "1", "lineStyle": {"width": 1, "color": "rgba(128, 128, 128,0.5)"}}, {"source": "C23", "target": "24", "value": "1", "lineStyle": {"width": 1, "color": "rgba(128, 128, 128,0.5)"}}, {"source": "C23", "target": "25", "value": "1", "lineStyle": {"width": 1, "color": "rgba(128, 128, 128,0.5)"}}, {"source": "C23", "target": "29", "value": "1", "lineStyle": {"width": 1, "color": "rgba(128, 128, 128,0.5)"}}, {"source": "C23", "target": "31", "value": "1", "lineStyle": {"width": 1, "color": "rgba(128, 128, 128,0.5)"}}, {"source": "C23", "target": "32", "value": "1", "lineStyle": {"width": 1, "color": "rgba(128, 128, 128,0.5)"}}, {"source": "C23", "target": "36", "value": "1", "lineStyle": {"width": 1, "color": "rgba(128, 128, 128,0.5)"}}, {"source": "C23", "target": "39", "value": "1", "lineStyle": {"width": 1, "color": "rgba(128, 128, 128,0.5)"}}, {"source": "C23", "target": "47", "value": "1", "lineStyle": {"width": 1, "color": "rgba(128, 128, 128,0.5)"}}, {"source": "C23", "target": "60", "value": "1", "lineStyle": {"width": 1, "color": "rgba(128, 128, 128,0.5)"}}, {"source": "C23", "target": "72", "value": "1", "lineStyle": {"width": 1, "color": "rgba(128, 128, 128,0.5)"}}, {"source": "C23", "target": "73", "value": "1", "lineStyle": {"width": 1, "color": "rgba(128, 128, 128,0.5)"}}, {"source": "C23", "target": "98", "value": "1", "lineStyle": {"width": 1, "color": "rgba(128, 128, 128,0.5)"}}, {"source": "C23", "target": "106", "value": "1", "lineStyle": {"width": 1, "color": "rgba(128, 128, 128,0.5)"}}, {"source": "C23", "target": "110", "value": "1", "lineStyle": {"width": 1, "color": "rgba(128, 128, 128,0.5)"}}, {"source": "C23", "target": "114", "value": "1", "lineStyle": {"width": 1, "color": "rgba(128, 128, 128,0.5)"}}, {"source": "C23", "target": "115", "value": "1", "lineStyle": {"width": 1, "color": "rgba(128, 128, 128,0.5)"}}, {"source": "C23", "target": "117", "value": "1", "lineStyle": {"width": 1, "color": "rgba(128, 128, 128,0.5)"}}, {"source": "C23", "target": "121", "value": "1", "lineStyle": {"width": 1, "color": "rgba(128, 128, 128,0.5)"}}, {"source": "C23", "target": "138", "value": "1", "lineStyle": {"width": 1, "color": "rgba(128, 128, 128,0.5)"}}, {"source": "C23", "target": "166", "value": "1", "lineStyle": {"width": 1, "color": "rgba(128, 128, 128,0.5)"}}, {"source": "C23", "target": "167", "value": "1", "lineStyle": {"width": 1, "color": "rgba(128, 128, 128,0.5)"}}, {"source": "C23", "target": "170", "value": "1", "lineStyle": {"width": 1, "color": "rgba(128, 128, 128,0.5)"}}, {"source": "C23", "target": "196", "value": "1", "lineStyle": {"width": 1, "color": "rgba(128, 128, 128,0.5)"}}, {"source": "C23", "target": "209", "value": "1", "lineStyle": {"width": 1, "color": "rgba(128, 128, 128,0.5)"}}, {"source": "C23", "target": "227", "value": "1", "lineStyle": {"width": 1, "color": "rgba(128, 128, 128,0.5)"}}, {"source": "C23", "target": "230", "value": "1", "lineStyle": {"width": 1, "color": "rgba(128, 128, 128,0.5)"}}, {"source": "9", "target": "C10", "value": "1", "lineStyle": {"width": 1, "color": "rgba(128, 128, 128,0.5)"}}, {"source": "C10", "target": "22", "value": "1", "lineStyle": {"width": 1, "color": "rgba(128, 128, 128,0.5)"}}, {"source": "C10", "target": "50", "value": "1", "lineStyle": {"width": 1, "color": "rgba(128, 128, 128,0.5)"}}, {"source": "C10", "target": "56", "value": "1", "lineStyle": {"width": 1, "color": "rgba(128, 128, 128,0.5)"}}, {"source": "C10", "target": "78", "value": "1", "lineStyle": {"width": 1, "color": "rgba(128, 128, 128,0.5)"}}, {"source": "C10", "target": "105", "value": "1", "lineStyle": {"width": 1, "color": "rgba(128, 128, 128,0.5)"}}, {"source": "C10", "target": "119", "value": "1", "lineStyle": {"width": 1, "color": "rgba(128, 128, 128,0.5)"}}, {"source": "C10", "target": "121", "value": "1", "lineStyle": {"width": 1, "color": "rgba(128, 128, 128,0.5)"}}, {"source": "C10", "target": "134", "value": "1", "lineStyle": {"width": 1, "color": "rgba(128, 128, 128,0.5)"}}, {"source": "C10", "target": "136", "value": "1", "lineStyle": {"width": 1, "color": "rgba(128, 128, 128,0.5)"}}, {"source": "C10", "target": "164", "value": "1", "lineStyle": {"width": 1, "color": "rgba(128, 128, 128,0.5)"}}, {"source": "C10", "target": "177", "value": "1", "lineStyle": {"width": 1, "color": "rgba(128, 128, 128,0.5)"}}, {"source": "C10", "target": "190", "value": "1", "lineStyle": {"width": 1, "color": "rgba(128, 128, 128,0.5)"}}, {"source": "C10", "target": "209", "value": "1", "lineStyle": {"width": 1, "color": "rgba(128, 128, 128,0.5)"}}, {"source": "C10", "target": "215", "value": "1", "lineStyle": {"width": 1, "color": "rgba(128, 128, 128,0.5)"}}, {"source": "11", "target": "C12", "value": "1", "lineStyle": {"width": 1, "color": "rgba(128, 128, 128,0.5)"}}, {"source": "C12", "target": "20", "value": "1", "lineStyle": {"width": 1, "color": "rgba(128, 128, 128,0.5)"}}, {"source": "C12", "target": "103", "value": "1", "lineStyle": {"width": 1, "color": "rgba(128, 128, 128,0.5)"}}, {"source": "C12", "target": "154", "value": "1", "lineStyle": {"width": 1, "color": "rgba(128, 128, 128,0.5)"}}, {"source": "C12", "target": "155", "value": "1", "lineStyle": {"width": 1, "color": "rgba(128, 128, 128,0.5)"}}, {"source": "12", "target": "C1", "value": "1", "lineStyle": {"width": 1, "color": "rgba(128, 128, 128,0.5)"}}, {"source": "C1", "target": "16", "value": "1", "lineStyle": {"width": 1, "color": "rgba(128, 128, 128,0.5)"}}, {"source": "C1", "target": "68", "value": "1", "lineStyle": {"width": 1, "color": "rgba(128, 128, 128,0.5)"}}, {"source": "C1", "target": "70", "value": "1", "lineStyle": {"width": 1, "color": "rgba(128, 128, 128,0.5)"}}, {"source": "C1", "target": "76", "value": "1", "lineStyle": {"width": 1, "color": "rgba(128, 128, 128,0.5)"}}, {"source": "C1", "target": "78", "value": "1", "lineStyle": {"width": 1, "color": "rgba(128, 128, 128,0.5)"}}, {"source": "C1", "target": "79", "value": "1", "lineStyle": {"width": 1, "color": "rgba(128, 128, 128,0.5)"}}, {"source": "C1", "target": "81", "value": "1", "lineStyle": {"width": 1, "color": "rgba(128, 128, 128,0.5)"}}, {"source": "C1", "target": "82", "value": "1", "lineStyle": {"width": 1, "color": "rgba(128, 128, 128,0.5)"}}, {"source": "C1", "target": "86", "value": "1", "lineStyle": {"width": 1, "color": "rgba(128, 128, 128,0.5)"}}, {"source": "C1", "target": "99", "value": "1", "lineStyle": {"width": 1, "color": "rgba(128, 128, 128,0.5)"}}, {"source": "C1", "target": "100", "value": "1", "lineStyle": {"width": 1, "color": "rgba(128, 128, 128,0.5)"}}, {"source": "C1", "target": "101", "value": "1", "lineStyle": {"width": 1, "color": "rgba(128, 128, 128,0.5)"}}, {"source": "C1", "target": "105", "value": "1", "lineStyle": {"width": 1, "color": "rgba(128, 128, 128,0.5)"}}, {"source": "C1", "target": "111", "value": "1", "lineStyle": {"width": 1, "color": "rgba(128, 128, 128,0.5)"}}, {"source": "C1", "target": "116", "value": "1", "lineStyle": {"width": 1, "color": "rgba(128, 128, 128,0.5)"}}, {"source": "C1", "target": "154", "value": "1", "lineStyle": {"width": 1, "color": "rgba(128, 128, 128,0.5)"}}, {"source": "C1", "target": "163", "value": "1", "lineStyle": {"width": 1, "color": "rgba(128, 128, 128,0.5)"}}, {"source": "C1", "target": "175", "value": "1", "lineStyle": {"width": 1, "color": "rgba(128, 128, 128,0.5)"}}, {"source": "C1", "target": "190", "value": "1", "lineStyle": {"width": 1, "color": "rgba(128, 128, 128,0.5)"}}, {"source": "13", "target": "C14", "value": "1", "lineStyle": {"width": 1, "color": "rgba(128, 128, 128,0.5)"}}, {"source": "13", "target": "C15", "value": "1", "lineStyle": {"width": 1, "color": "rgba(128, 128, 128,0.5)"}}, {"source": "13", "target": "C53", "value": "1", "lineStyle": {"width": 1, "color": "rgba(128, 128, 128,0.5)"}}, {"source": "C14", "target": "190", "value": "1", "lineStyle": {"width": 1, "color": "rgba(128, 128, 128,0.5)"}}, {"source": "C14", "target": "202", "value": "1", "lineStyle": {"width": 1, "color": "rgba(128, 128, 128,0.5)"}}, {"source": "C15", "target": "127", "value": "1", "lineStyle": {"width": 1, "color": "rgba(128, 128, 128,0.5)"}}, {"source": "C15", "target": "138", "value": "1", "lineStyle": {"width": 1, "color": "rgba(128, 128, 128,0.5)"}}, {"source": "C15", "target": "154", "value": "1", "lineStyle": {"width": 1, "color": "rgba(128, 128, 128,0.5)"}}, {"source": "C53", "target": "51", "value": "1", "lineStyle": {"width": 1, "color": "rgba(128, 128, 128,0.5)"}}, {"source": "C53", "target": "63", "value": "1", "lineStyle": {"width": 1, "color": "rgba(128, 128, 128,0.5)"}}, {"source": "C53", "target": "64", "value": "1", "lineStyle": {"width": 1, "color": "rgba(128, 128, 128,0.5)"}}, {"source": "C53", "target": "66", "value": "1", "lineStyle": {"width": 1, "color": "rgba(128, 128, 128,0.5)"}}, {"source": "C53", "target": "70", "value": "1", "lineStyle": {"width": 1, "color": "rgba(128, 128, 128,0.5)"}}, {"source": "C53", "target": "72", "value": "1", "lineStyle": {"width": 1, "color": "rgba(128, 128, 128,0.5)"}}, {"source": "C53", "target": "74", "value": "1", "lineStyle": {"width": 1, "color": "rgba(128, 128, 128,0.5)"}}, {"source": "C53", "target": "92", "value": "1", "lineStyle": {"width": 1, "color": "rgba(128, 128, 128,0.5)"}}, {"source": "C53", "target": "94", "value": "1", "lineStyle": {"width": 1, "color": "rgba(128, 128, 128,0.5)"}}, {"source": "C53", "target": "95", "value": "1", "lineStyle": {"width": 1, "color": "rgba(128, 128, 128,0.5)"}}, {"source": "C53", "target": "96", "value": "1", "lineStyle": {"width": 1, "color": "rgba(128, 128, 128,0.5)"}}, {"source": "C53", "target": "102", "value": "1", "lineStyle": {"width": 1, "color": "rgba(128, 128, 128,0.5)"}}, {"source": "C53", "target": "103", "value": "1", "lineStyle": {"width": 1, "color": "rgba(128, 128, 128,0.5)"}}, {"source": "C53", "target": "113", "value": "1", "lineStyle": {"width": 1, "color": "rgba(128, 128, 128,0.5)"}}, {"source": "C53", "target": "116", "value": "1", "lineStyle": {"width": 1, "color": "rgba(128, 128, 128,0.5)"}}, {"source": "C53", "target": "118", "value": "1", "lineStyle": {"width": 1, "color": "rgba(128, 128, 128,0.5)"}}, {"source": "C53", "target": "122", "value": "1", "lineStyle": {"width": 1, "color": "rgba(128, 128, 128,0.5)"}}, {"source": "C53", "target": "125", "value": "1", "lineStyle": {"width": 1, "color": "rgba(128, 128, 128,0.5)"}}, {"source": "C53", "target": "128", "value": "1", "lineStyle": {"width": 1, "color": "rgba(128, 128, 128,0.5)"}}, {"source": "C53", "target": "131", "value": "1", "lineStyle": {"width": 1, "color": "rgba(128, 128, 128,0.5)"}}, {"source": "C53", "target": "133", "value": "1", "lineStyle": {"width": 1, "color": "rgba(128, 128, 128,0.5)"}}, {"source": "C53", "target": "137", "value": "1", "lineStyle": {"width": 1, "color": "rgba(128, 128, 128,0.5)"}}, {"source": "C53", "target": "139", "value": "1", "lineStyle": {"width": 1, "color": "rgba(128, 128, 128,0.5)"}}, {"source": "C53", "target": "142", "value": "1", "lineStyle": {"width": 1, "color": "rgba(128, 128, 128,0.5)"}}, {"source": "C53", "target": "145", "value": "1", "lineStyle": {"width": 1, "color": "rgba(128, 128, 128,0.5)"}}, {"source": "C53", "target": "147", "value": "1", "lineStyle": {"width": 1, "color": "rgba(128, 128, 128,0.5)"}}, {"source": "C53", "target": "149", "value": "1", "lineStyle": {"width": 1, "color": "rgba(128, 128, 128,0.5)"}}, {"source": "C53", "target": "150", "value": "1", "lineStyle": {"width": 1, "color": "rgba(128, 128, 128,0.5)"}}, {"source": "C53", "target": "152", "value": "1", "lineStyle": {"width": 1, "color": "rgba(128, 128, 128,0.5)"}}, {"source": "C53", "target": "154", "value": "1", "lineStyle": {"width": 1, "color": "rgba(128, 128, 128,0.5)"}}, {"source": "C53", "target": "158", "value": "1", "lineStyle": {"width": 1, "color": "rgba(128, 128, 128,0.5)"}}, {"source": "C53", "target": "161", "value": "1", "lineStyle": {"width": 1, "color": "rgba(128, 128, 128,0.5)"}}, {"source": "C53", "target": "162", "value": "1", "lineStyle": {"width": 1, "color": "rgba(128, 128, 128,0.5)"}}, {"source": "C53", "target": "175", "value": "1", "lineStyle": {"width": 1, "color": "rgba(128, 128, 128,0.5)"}}, {"source": "C53", "target": "186", "value": "1", "lineStyle": {"width": 1, "color": "rgba(128, 128, 128,0.5)"}}, {"source": "C53", "target": "190", "value": "1", "lineStyle": {"width": 1, "color": "rgba(128, 128, 128,0.5)"}}, {"source": "C53", "target": "192", "value": "1", "lineStyle": {"width": 1, "color": "rgba(128, 128, 128,0.5)"}}, {"source": "C53", "target": "199", "value": "1", "lineStyle": {"width": 1, "color": "rgba(128, 128, 128,0.5)"}}, {"source": "C53", "target": "207", "value": "1", "lineStyle": {"width": 1, "color": "rgba(128, 128, 128,0.5)"}}, {"source": "C53", "target": "210", "value": "1", "lineStyle": {"width": 1, "color": "rgba(128, 128, 128,0.5)"}}, {"source": "C53", "target": "212", "value": "1", "lineStyle": {"width": 1, "color": "rgba(128, 128, 128,0.5)"}}, {"source": "C53", "target": "217", "value": "1", "lineStyle": {"width": 1, "color": "rgba(128, 128, 128,0.5)"}}, {"source": "C53", "target": "219", "value": "1", "lineStyle": {"width": 1, "color": "rgba(128, 128, 128,0.5)"}}, {"source": "C53", "target": "228", "value": "1", "lineStyle": {"width": 1, "color": "rgba(128, 128, 128,0.5)"}}, {"source": "16", "target": "C17", "value": "1", "lineStyle": {"width": 1, "color": "rgba(128, 128, 128,0.5)"}}, {"source": "16", "target": "C18", "value": "1", "lineStyle": {"width": 1, "color": "rgba(128, 128, 128,0.5)"}}, {"source": "C17", "target": "18", "value": "1", "lineStyle": {"width": 1, "color": "rgba(128, 128, 128,0.5)"}}, {"source": "C17", "target": "19", "value": "1", "lineStyle": {"width": 1, "color": "rgba(128, 128, 128,0.5)"}}, {"source": "C17", "target": "45", "value": "1", "lineStyle": {"width": 1, "color": "rgba(128, 128, 128,0.5)"}}, {"source": "C17", "target": "61", "value": "1", "lineStyle": {"width": 1, "color": "rgba(128, 128, 128,0.5)"}}, {"source": "C17", "target": "67", "value": "1", "lineStyle": {"width": 1, "color": "rgba(128, 128, 128,0.5)"}}, {"source": "C17", "target": "68", "value": "1", "lineStyle": {"width": 1, "color": "rgba(128, 128, 128,0.5)"}}, {"source": "C17", "target": "80", "value": "1", "lineStyle": {"width": 1, "color": "rgba(128, 128, 128,0.5)"}}, {"source": "C17", "target": "82", "value": "1", "lineStyle": {"width": 1, "color": "rgba(128, 128, 128,0.5)"}}, {"source": "C17", "target": "86", "value": "1", "lineStyle": {"width": 1, "color": "rgba(128, 128, 128,0.5)"}}, {"source": "C17", "target": "99", "value": "1", "lineStyle": {"width": 1, "color": "rgba(128, 128, 128,0.5)"}}, {"source": "C17", "target": "100", "value": "1", "lineStyle": {"width": 1, "color": "rgba(128, 128, 128,0.5)"}}, {"source": "C17", "target": "101", "value": "1", "lineStyle": {"width": 1, "color": "rgba(128, 128, 128,0.5)"}}, {"source": "C17", "target": "105", "value": "1", "lineStyle": {"width": 1, "color": "rgba(128, 128, 128,0.5)"}}, {"source": "C17", "target": "115", "value": "1", "lineStyle": {"width": 1, "color": "rgba(128, 128, 128,0.5)"}}, {"source": "C17", "target": "131", "value": "1", "lineStyle": {"width": 1, "color": "rgba(128, 128, 128,0.5)"}}, {"source": "C17", "target": "135", "value": "1", "lineStyle": {"width": 1, "color": "rgba(128, 128, 128,0.5)"}}, {"source": "C17", "target": "156", "value": "1", "lineStyle": {"width": 1, "color": "rgba(128, 128, 128,0.5)"}}, {"source": "C17", "target": "174", "value": "1", "lineStyle": {"width": 1, "color": "rgba(128, 128, 128,0.5)"}}, {"source": "C17", "target": "175", "value": "1", "lineStyle": {"width": 1, "color": "rgba(128, 128, 128,0.5)"}}, {"source": "C17", "target": "187", "value": "1", "lineStyle": {"width": 1, "color": "rgba(128, 128, 128,0.5)"}}, {"source": "C17", "target": "189", "value": "1", "lineStyle": {"width": 1, "color": "rgba(128, 128, 128,0.5)"}}, {"source": "C17", "target": "203", "value": "1", "lineStyle": {"width": 1, "color": "rgba(128, 128, 128,0.5)"}}, {"source": "C17", "target": "213", "value": "1", "lineStyle": {"width": 1, "color": "rgba(128, 128, 128,0.5)"}}, {"source": "C17", "target": "214", "value": "1", "lineStyle": {"width": 1, "color": "rgba(128, 128, 128,0.5)"}}, {"source": "C18", "target": "59", "value": "1", "lineStyle": {"width": 1, "color": "rgba(128, 128, 128,0.5)"}}, {"source": "C18", "target": "66", "value": "1", "lineStyle": {"width": 1, "color": "rgba(128, 128, 128,0.5)"}}, {"source": "C18", "target": "67", "value": "1", "lineStyle": {"width": 1, "color": "rgba(128, 128, 128,0.5)"}}, {"source": "C18", "target": "68", "value": "1", "lineStyle": {"width": 1, "color": "rgba(128, 128, 128,0.5)"}}, {"source": "C18", "target": "77", "value": "1", "lineStyle": {"width": 1, "color": "rgba(128, 128, 128,0.5)"}}, {"source": "C18", "target": "88", "value": "1", "lineStyle": {"width": 1, "color": "rgba(128, 128, 128,0.5)"}}, {"source": "C18", "target": "89", "value": "1", "lineStyle": {"width": 1, "color": "rgba(128, 128, 128,0.5)"}}, {"source": "C18", "target": "91", "value": "1", "lineStyle": {"width": 1, "color": "rgba(128, 128, 128,0.5)"}}, {"source": "C18", "target": "99", "value": "1", "lineStyle": {"width": 1, "color": "rgba(128, 128, 128,0.5)"}}, {"source": "C18", "target": "100", "value": "1", "lineStyle": {"width": 1, "color": "rgba(128, 128, 128,0.5)"}}, {"source": "C18", "target": "101", "value": "1", "lineStyle": {"width": 1, "color": "rgba(128, 128, 128,0.5)"}}, {"source": "C18", "target": "108", "value": "1", "lineStyle": {"width": 1, "color": "rgba(128, 128, 128,0.5)"}}, {"source": "C18", "target": "122", "value": "1", "lineStyle": {"width": 1, "color": "rgba(128, 128, 128,0.5)"}}, {"source": "C18", "target": "129", "value": "1", "lineStyle": {"width": 1, "color": "rgba(128, 128, 128,0.5)"}}, {"source": "C18", "target": "143", "value": "1", "lineStyle": {"width": 1, "color": "rgba(128, 128, 128,0.5)"}}, {"source": "C18", "target": "145", "value": "1", "lineStyle": {"width": 1, "color": "rgba(128, 128, 128,0.5)"}}, {"source": "C18", "target": "151", "value": "1", "lineStyle": {"width": 1, "color": "rgba(128, 128, 128,0.5)"}}, {"source": "C18", "target": "168", "value": "1", "lineStyle": {"width": 1, "color": "rgba(128, 128, 128,0.5)"}}, {"source": "C18", "target": "208", "value": "1", "lineStyle": {"width": 1, "color": "rgba(128, 128, 128,0.5)"}}, {"source": "C18", "target": "219", "value": "1", "lineStyle": {"width": 1, "color": "rgba(128, 128, 128,0.5)"}}, {"source": "C18", "target": "225", "value": "1", "lineStyle": {"width": 1, "color": "rgba(128, 128, 128,0.5)"}}, {"source": "18", "target": "C19", "value": "1", "lineStyle": {"width": 1, "color": "rgba(128, 128, 128,0.5)"}}, {"source": "18", "target": "C20", "value": "1", "lineStyle": {"width": 1, "color": "rgba(128, 128, 128,0.5)"}}, {"source": "C19", "target": "26", "value": "1", "lineStyle": {"width": 1, "color": "rgba(128, 128, 128,0.5)"}}, {"source": "C19", "target": "35", "value": "1", "lineStyle": {"width": 1, "color": "rgba(128, 128, 128,0.5)"}}, {"source": "C19", "target": "60", "value": "1", "lineStyle": {"width": 1, "color": "rgba(128, 128, 128,0.5)"}}, {"source": "C19", "target": "83", "value": "1", "lineStyle": {"width": 1, "color": "rgba(128, 128, 128,0.5)"}}, {"source": "C19", "target": "130", "value": "1", "lineStyle": {"width": 1, "color": "rgba(128, 128, 128,0.5)"}}, {"source": "C19", "target": "132", "value": "1", "lineStyle": {"width": 1, "color": "rgba(128, 128, 128,0.5)"}}, {"source": "C19", "target": "144", "value": "1", "lineStyle": {"width": 1, "color": "rgba(128, 128, 128,0.5)"}}, {"source": "C19", "target": "148", "value": "1", "lineStyle": {"width": 1, "color": "rgba(128, 128, 128,0.5)"}}, {"source": "C19", "target": "149", "value": "1", "lineStyle": {"width": 1, "color": "rgba(128, 128, 128,0.5)"}}, {"source": "C19", "target": "193", "value": "1", "lineStyle": {"width": 1, "color": "rgba(128, 128, 128,0.5)"}}, {"source": "C19", "target": "222", "value": "1", "lineStyle": {"width": 1, "color": "rgba(128, 128, 128,0.5)"}}, {"source": "C20", "target": "19", "value": "1", "lineStyle": {"width": 1, "color": "rgba(128, 128, 128,0.5)"}}, {"source": "C20", "target": "22", "value": "1", "lineStyle": {"width": 1, "color": "rgba(128, 128, 128,0.5)"}}, {"source": "C20", "target": "100", "value": "1", "lineStyle": {"width": 1, "color": "rgba(128, 128, 128,0.5)"}}, {"source": "C20", "target": "137", "value": "1", "lineStyle": {"width": 1, "color": "rgba(128, 128, 128,0.5)"}}, {"source": "C20", "target": "164", "value": "1", "lineStyle": {"width": 1, "color": "rgba(128, 128, 128,0.5)"}}, {"source": "C20", "target": "195", "value": "1", "lineStyle": {"width": 1, "color": "rgba(128, 128, 128,0.5)"}}, {"source": "C20", "target": "214", "value": "1", "lineStyle": {"width": 1, "color": "rgba(128, 128, 128,0.5)"}}, {"source": "30", "target": "C22", "value": "1", "lineStyle": {"width": 1, "color": "rgba(128, 128, 128,0.5)"}}, {"source": "C22", "target": "103", "value": "1", "lineStyle": {"width": 1, "color": "rgba(128, 128, 128,0.5)"}}, {"source": "C22", "target": "195", "value": "1", "lineStyle": {"width": 1, "color": "rgba(128, 128, 128,0.5)"}}, {"source": "48", "target": "C25", "value": "1", "lineStyle": {"width": 1, "color": "rgba(128, 128, 128,0.5)"}}, {"source": "C25", "target": "65", "value": "1", "lineStyle": {"width": 1, "color": "rgba(128, 128, 128,0.5)"}}, {"source": "C25", "target": "190", "value": "1", "lineStyle": {"width": 1, "color": "rgba(128, 128, 128,0.5)"}}, {"source": "50", "target": "C26", "value": "1", "lineStyle": {"width": 1, "color": "rgba(128, 128, 128,0.5)"}}, {"source": "C26", "target": "142", "value": "1", "lineStyle": {"width": 1, "color": "rgba(128, 128, 128,0.5)"}}, {"source": "56", "target": "C28", "value": "1", "lineStyle": {"width": 1, "color": "rgba(128, 128, 128,0.5)"}}, {"source": "C28", "target": "92", "value": "1", "lineStyle": {"width": 1, "color": "rgba(128, 128, 128,0.5)"}}, {"source": "C28", "target": "102", "value": "1", "lineStyle": {"width": 1, "color": "rgba(128, 128, 128,0.5)"}}, {"source": "C28", "target": "167", "value": "1", "lineStyle": {"width": 1, "color": "rgba(128, 128, 128,0.5)"}}, {"source": "59", "target": "C31", "value": "1", "lineStyle": {"width": 1, "color": "rgba(128, 128, 128,0.5)"}}, {"source": "C31", "target": "61", "value": "1", "lineStyle": {"width": 1, "color": "rgba(128, 128, 128,0.5)"}}, {"source": "C31", "target": "78", "value": "1", "lineStyle": {"width": 1, "color": "rgba(128, 128, 128,0.5)"}}, {"source": "C31", "target": "80", "value": "1", "lineStyle": {"width": 1, "color": "rgba(128, 128, 128,0.5)"}}, {"source": "C31", "target": "88", "value": "1", "lineStyle": {"width": 1, "color": "rgba(128, 128, 128,0.5)"}}, {"source": "C31", "target": "93", "value": "1", "lineStyle": {"width": 1, "color": "rgba(128, 128, 128,0.5)"}}, {"source": "C31", "target": "99", "value": "1", "lineStyle": {"width": 1, "color": "rgba(128, 128, 128,0.5)"}}, {"source": "C31", "target": "101", "value": "1", "lineStyle": {"width": 1, "color": "rgba(128, 128, 128,0.5)"}}, {"source": "C31", "target": "103", "value": "1", "lineStyle": {"width": 1, "color": "rgba(128, 128, 128,0.5)"}}, {"source": "C31", "target": "105", "value": "1", "lineStyle": {"width": 1, "color": "rgba(128, 128, 128,0.5)"}}, {"source": "C31", "target": "113", "value": "1", "lineStyle": {"width": 1, "color": "rgba(128, 128, 128,0.5)"}}, {"source": "C31", "target": "116", "value": "1", "lineStyle": {"width": 1, "color": "rgba(128, 128, 128,0.5)"}}, {"source": "C31", "target": "118", "value": "1", "lineStyle": {"width": 1, "color": "rgba(128, 128, 128,0.5)"}}, {"source": "C31", "target": "122", "value": "1", "lineStyle": {"width": 1, "color": "rgba(128, 128, 128,0.5)"}}, {"source": "C31", "target": "131", "value": "1", "lineStyle": {"width": 1, "color": "rgba(128, 128, 128,0.5)"}}, {"source": "C31", "target": "136", "value": "1", "lineStyle": {"width": 1, "color": "rgba(128, 128, 128,0.5)"}}, {"source": "C31", "target": "183", "value": "1", "lineStyle": {"width": 1, "color": "rgba(128, 128, 128,0.5)"}}, {"source": "C31", "target": "190", "value": "1", "lineStyle": {"width": 1, "color": "rgba(128, 128, 128,0.5)"}}, {"source": "C31", "target": "194", "value": "1", "lineStyle": {"width": 1, "color": "rgba(128, 128, 128,0.5)"}}, {"source": "63", "target": "C39", "value": "1", "lineStyle": {"width": 1, "color": "rgba(128, 128, 128,0.5)"}}, {"source": "C39", "target": "100", "value": "1", "lineStyle": {"width": 1, "color": "rgba(128, 128, 128,0.5)"}}, {"source": "C39", "target": "112", "value": "1", "lineStyle": {"width": 1, "color": "rgba(128, 128, 128,0.5)"}}, {"source": "C39", "target": "120", "value": "1", "lineStyle": {"width": 1, "color": "rgba(128, 128, 128,0.5)"}}, {"source": "C39", "target": "124", "value": "1", "lineStyle": {"width": 1, "color": "rgba(128, 128, 128,0.5)"}}, {"source": "C39", "target": "178", "value": "1", "lineStyle": {"width": 1, "color": "rgba(128, 128, 128,0.5)"}}, {"source": "C39", "target": "182", "value": "1", "lineStyle": {"width": 1, "color": "rgba(128, 128, 128,0.5)"}}, {"source": "C39", "target": "187", "value": "1", "lineStyle": {"width": 1, "color": "rgba(128, 128, 128,0.5)"}}, {"source": "C39", "target": "221", "value": "1", "lineStyle": {"width": 1, "color": "rgba(128, 128, 128,0.5)"}}, {"source": "C39", "target": "225", "value": "1", "lineStyle": {"width": 1, "color": "rgba(128, 128, 128,0.5)"}}, {"source": "66", "target": "C30", "value": "1", "lineStyle": {"width": 1, "color": "rgba(128, 128, 128,0.5)"}}, {"source": "C30", "target": "72", "value": "1", "lineStyle": {"width": 1, "color": "rgba(128, 128, 128,0.5)"}}, {"source": "C30", "target": "81", "value": "1", "lineStyle": {"width": 1, "color": "rgba(128, 128, 128,0.5)"}}, {"source": "C30", "target": "122", "value": "1", "lineStyle": {"width": 1, "color": "rgba(128, 128, 128,0.5)"}}, {"source": "C30", "target": "150", "value": "1", "lineStyle": {"width": 1, "color": "rgba(128, 128, 128,0.5)"}}, {"source": "C30", "target": "163", "value": "1", "lineStyle": {"width": 1, "color": "rgba(128, 128, 128,0.5)"}}, {"source": "C30", "target": "168", "value": "1", "lineStyle": {"width": 1, "color": "rgba(128, 128, 128,0.5)"}}, {"source": "C30", "target": "181", "value": "1", "lineStyle": {"width": 1, "color": "rgba(128, 128, 128,0.5)"}}, {"source": "C30", "target": "228", "value": "1", "lineStyle": {"width": 1, "color": "rgba(128, 128, 128,0.5)"}}, {"source": "67", "target": "C29", "value": "1", "lineStyle": {"width": 1, "color": "rgba(128, 128, 128,0.5)"}}, {"source": "C29", "target": "77", "value": "1", "lineStyle": {"width": 1, "color": "rgba(128, 128, 128,0.5)"}}, {"source": "C29", "target": "82", "value": "1", "lineStyle": {"width": 1, "color": "rgba(128, 128, 128,0.5)"}}, {"source": "C29", "target": "95", "value": "1", "lineStyle": {"width": 1, "color": "rgba(128, 128, 128,0.5)"}}, {"source": "C29", "target": "152", "value": "1", "lineStyle": {"width": 1, "color": "rgba(128, 128, 128,0.5)"}}, {"source": "C29", "target": "168", "value": "1", "lineStyle": {"width": 1, "color": "rgba(128, 128, 128,0.5)"}}, {"source": "C29", "target": "190", "value": "1", "lineStyle": {"width": 1, "color": "rgba(128, 128, 128,0.5)"}}, {"source": "89", "target": "C56", "value": "1", "lineStyle": {"width": 1, "color": "rgba(128, 128, 128,0.5)"}}, {"source": "C56", "target": "100", "value": "1", "lineStyle": {"width": 1, "color": "rgba(128, 128, 128,0.5)"}}, {"source": "C56", "target": "155", "value": "1", "lineStyle": {"width": 1, "color": "rgba(128, 128, 128,0.5)"}}, {"source": "C56", "target": "159", "value": "1", "lineStyle": {"width": 1, "color": "rgba(128, 128, 128,0.5)"}}, {"source": "C56", "target": "184", "value": "1", "lineStyle": {"width": 1, "color": "rgba(128, 128, 128,0.5)"}}, {"source": "95", "target": "C45", "value": "1", "lineStyle": {"width": 1, "color": "rgba(128, 128, 128,0.5)"}}, {"source": "C45", "target": "104", "value": "1", "lineStyle": {"width": 1, "color": "rgba(128, 128, 128,0.5)"}}, {"source": "C45", "target": "135", "value": "1", "lineStyle": {"width": 1, "color": "rgba(128, 128, 128,0.5)"}}, {"source": "100", "target": "C33", "value": "1", "lineStyle": {"width": 1, "color": "rgba(128, 128, 128,0.5)"}}, {"source": "100", "target": "C34", "value": "1", "lineStyle": {"width": 1, "color": "rgba(128, 128, 128,0.5)"}}, {"source": "100", "target": "C35", "value": "1", "lineStyle": {"width": 1, "color": "rgba(128, 128, 128,0.5)"}}, {"source": "100", "target": "C36", "value": "1", "lineStyle": {"width": 1, "color": "rgba(128, 128, 128,0.5)"}}, {"source": "100", "target": "C37", "value": "1", "lineStyle": {"width": 1, "color": "rgba(128, 128, 128,0.5)"}}, {"source": "100", "target": "C38", "value": "1", "lineStyle": {"width": 1, "color": "rgba(128, 128, 128,0.5)"}}, {"source": "100", "target": "C40", "value": "1", "lineStyle": {"width": 1, "color": "rgba(128, 128, 128,0.5)"}}, {"source": "100", "target": "C41", "value": "1", "lineStyle": {"width": 1, "color": "rgba(128, 128, 128,0.5)"}}, {"source": "100", "target": "C42", "value": "1", "lineStyle": {"width": 1, "color": "rgba(128, 128, 128,0.5)"}}, {"source": "C34", "target": "180", "value": "1", "lineStyle": {"width": 1, "color": "rgba(128, 128, 128,0.5)"}}, {"source": "C36", "target": "203", "value": "1", "lineStyle": {"width": 1, "color": "rgba(128, 128, 128,0.5)"}}, {"source": "C37", "target": "203", "value": "1", "lineStyle": {"width": 1, "color": "rgba(128, 128, 128,0.5)"}}, {"source": "C40", "target": "203", "value": "1", "lineStyle": {"width": 1, "color": "rgba(128, 128, 128,0.5)"}}, {"source": "C42", "target": "101", "value": "1", "lineStyle": {"width": 1, "color": "rgba(128, 128, 128,0.5)"}}, {"source": "C42", "target": "135", "value": "1", "lineStyle": {"width": 1, "color": "rgba(128, 128, 128,0.5)"}}, {"source": "101", "target": "C43", "value": "1", "lineStyle": {"width": 1, "color": "rgba(128, 128, 128,0.5)"}}, {"source": "C43", "target": "104", "value": "1", "lineStyle": {"width": 1, "color": "rgba(128, 128, 128,0.5)"}}, {"source": "104", "target": "C44", "value": "1", "lineStyle": {"width": 1, "color": "rgba(128, 128, 128,0.5)"}}, {"source": "104", "target": "C46", "value": "1", "lineStyle": {"width": 1, "color": "rgba(128, 128, 128,0.5)"}}, {"source": "104", "target": "C47", "value": "1", "lineStyle": {"width": 1, "color": "rgba(128, 128, 128,0.5)"}}, {"source": "104", "target": "C48", "value": "1", "lineStyle": {"width": 1, "color": "rgba(128, 128, 128,0.5)"}}, {"source": "C47", "target": "221", "value": "1", "lineStyle": {"width": 1, "color": "rgba(128, 128, 128,0.5)"}}, {"source": "C48", "target": "163", "value": "1", "lineStyle": {"width": 1, "color": "rgba(128, 128, 128,0.5)"}}, {"source": "106", "target": "C2", "value": "1", "lineStyle": {"width": 1, "color": "rgba(128, 128, 128,0.5)"}}, {"source": "C2", "target": "109", "value": "1", "lineStyle": {"width": 1, "color": "rgba(128, 128, 128,0.5)"}}, {"source": "C2", "target": "114", "value": "1", "lineStyle": {"width": 1, "color": "rgba(128, 128, 128,0.5)"}}, {"source": "C2", "target": "135", "value": "1", "lineStyle": {"width": 1, "color": "rgba(128, 128, 128,0.5)"}}, {"source": "C2", "target": "188", "value": "1", "lineStyle": {"width": 1, "color": "rgba(128, 128, 128,0.5)"}}, {"source": "C2", "target": "190", "value": "1", "lineStyle": {"width": 1, "color": "rgba(128, 128, 128,0.5)"}}, {"source": "110", "target": "C49", "value": "1", "lineStyle": {"width": 1, "color": "rgba(128, 128, 128,0.5)"}}, {"source": "137", "target": "C50", "value": "1", "lineStyle": {"width": 1, "color": "rgba(128, 128, 128,0.5)"}}, {"source": "C50", "target": "140", "value": "1", "lineStyle": {"width": 1, "color": "rgba(128, 128, 128,0.5)"}}, {"source": "C50", "target": "155", "value": "1", "lineStyle": {"width": 1, "color": "rgba(128, 128, 128,0.5)"}}, {"source": "C50", "target": "159", "value": "1", "lineStyle": {"width": 1, "color": "rgba(128, 128, 128,0.5)"}}, {"source": "C50", "target": "175", "value": "1", "lineStyle": {"width": 1, "color": "rgba(128, 128, 128,0.5)"}}, {"source": "C50", "target": "190", "value": "1", "lineStyle": {"width": 1, "color": "rgba(128, 128, 128,0.5)"}}, {"source": "C50", "target": "201", "value": "1", "lineStyle": {"width": 1, "color": "rgba(128, 128, 128,0.5)"}}, {"source": "C50", "target": "212", "value": "1", "lineStyle": {"width": 1, "color": "rgba(128, 128, 128,0.5)"}}, {"source": "C50", "target": "220", "value": "1", "lineStyle": {"width": 1, "color": "rgba(128, 128, 128,0.5)"}}, {"source": "C50", "target": "221", "value": "1", "lineStyle": {"width": 1, "color": "rgba(128, 128, 128,0.5)"}}, {"source": "C50", "target": "222", "value": "1", "lineStyle": {"width": 1, "color": "rgba(128, 128, 128,0.5)"}}, {"source": "142", "target": "C51", "value": "1", "lineStyle": {"width": 1, "color": "rgba(128, 128, 128,0.5)"}}, {"source": "143", "target": "C52", "value": "1", "lineStyle": {"width": 1, "color": "rgba(128, 128, 128,0.5)"}}, {"source": "C52", "target": "158", "value": "1", "lineStyle": {"width": 1, "color": "rgba(128, 128, 128,0.5)"}}, {"source": "C52", "target": "161", "value": "1", "lineStyle": {"width": 1, "color": "rgba(128, 128, 128,0.5)"}}, {"source": "C52", "target": "222", "value": "1", "lineStyle": {"width": 1, "color": "rgba(128, 128, 128,0.5)"}}, {"source": "152", "target": "C54", "value": "1", "lineStyle": {"width": 1, "color": "rgba(128, 128, 128,0.5)"}}, {"source": "155", "target": "C55", "value": "1", "lineStyle": {"width": 1, "color": "rgba(128, 128, 128,0.5)"}}, {"source": "C55", "target": "190", "value": "1", "lineStyle": {"width": 1, "color": "rgba(128, 128, 128,0.5)"}}, {"source": "163", "target": "C57", "value": "1", "lineStyle": {"width": 1, "color": "rgba(128, 128, 128,0.5)"}}, {"source": "190", "target": "C58", "value": "1", "lineStyle": {"width": 1, "color": "rgba(128, 128, 128,0.5)"}}, {"source": "202", "target": "C59", "value": "1", "lineStyle": {"width": 1, "color": "rgba(128, 128, 128,0.5)"}}, {"source": "221", "target": "C60", "value": "1", "lineStyle": {"width": 1, "color": "rgba(128, 128, 128,0.5)"}}]