[{"source": "C33", "target": "C41", "value": "1", "lineStyle": {"width": 1.0, "color": "rgba(128, 128, 128,0.5)"}}, {"source": "C33", "target": "C38", "value": "1", "lineStyle": {"width": 1.0, "color": "rgba(128, 128, 128,0.5)"}}, {"source": "C33", "target": "C35", "value": "1", "lineStyle": {"width": 1.0, "color": "rgba(128, 128, 128,0.5)"}}, {"source": "C33", "target": "C34", "value": "1", "lineStyle": {"width": 0.707107, "color": "rgba(128, 128, 128,0.5)"}}, {"source": "C33", "target": "C40", "value": "1", "lineStyle": {"width": 0.707107, "color": "rgba(128, 128, 128,0.5)"}}, {"source": "C33", "target": "C37", "value": "1", "lineStyle": {"width": 0.707107, "color": "rgba(128, 128, 128,0.5)"}}, {"source": "C33", "target": "C36", "value": "1", "lineStyle": {"width": 0.707107, "color": "rgba(128, 128, 128,0.5)"}}, {"source": "C33", "target": "C42", "value": "1", "lineStyle": {"width": 0.57735, "color": "rgba(128, 128, 128,0.5)"}}, {"source": "C33", "target": "C56", "value": "1", "lineStyle": {"width": 0.447214, "color": "rgba(128, 128, 128,0.5)"}}, {"source": "C33", "target": "C20", "value": "1", "lineStyle": {"width": 0.353553, "color": "rgba(128, 128, 128,0.5)"}}, {"source": "C33", "target": "C39", "value": "1", "lineStyle": {"width": 0.316228, "color": "rgba(128, 128, 128,0.5)"}}, {"source": "C33", "target": "C1", "value": "1", "lineStyle": {"width": 0.223607, "color": "rgba(128, 128, 128,0.5)"}}, {"source": "C33", "target": "C18", "value": "1", "lineStyle": {"width": 0.213201, "color": "rgba(128, 128, 128,0.5)"}}, {"source": "C33", "target": "C17", "value": "1", "lineStyle": {"width": 0.2, "color": "rgba(128, 128, 128,0.5)"}}, {"source": "C33", "target": "C6", "value": "1", "lineStyle": {"width": 0.160128, "color": "rgba(128, 128, 128,0.5)"}}, {"source": "C33", "target": "C16", "value": "1", "lineStyle": {"width": 0.132453, "color": "rgba(128, 128, 128,0.5)"}}, {"source": "C41", "target": "C38", "value": "1", "lineStyle": {"width": 1.0, "color": "rgba(128, 128, 128,0.5)"}}, {"source": "C41", "target": "C35", "value": "1", "lineStyle": {"width": 1.0, "color": "rgba(128, 128, 128,0.5)"}}, {"source": "C41", "target": "C40", "value": "1", "lineStyle": {"width": 0.707107, "color": "rgba(128, 128, 128,0.5)"}}, {"source": "C41", "target": "C34", "value": "1", "lineStyle": {"width": 0.707107, "color": "rgba(128, 128, 128,0.5)"}}, {"source": "C41", "target": "C37", "value": "1", "lineStyle": {"width": 0.707107, "color": "rgba(128, 128, 128,0.5)"}}, {"source": "C41", "target": "C36", "value": "1", "lineStyle": {"width": 0.707107, "color": "rgba(128, 128, 128,0.5)"}}, {"source": "C41", "target": "C42", "value": "1", "lineStyle": {"width": 0.57735, "color": "rgba(128, 128, 128,0.5)"}}, {"source": "C41", "target": "C56", "value": "1", "lineStyle": {"width": 0.447214, "color": "rgba(128, 128, 128,0.5)"}}, {"source": "C41", "target": "C20", "value": "1", "lineStyle": {"width": 0.353553, "color": "rgba(128, 128, 128,0.5)"}}, {"source": "C41", "target": "C39", "value": "1", "lineStyle": {"width": 0.316228, "color": "rgba(128, 128, 128,0.5)"}}, {"source": "C41", "target": "C1", "value": "1", "lineStyle": {"width": 0.223607, "color": "rgba(128, 128, 128,0.5)"}}, {"source": "C41", "target": "C18", "value": "1", "lineStyle": {"width": 0.213201, "color": "rgba(128, 128, 128,0.5)"}}, {"source": "C41", "target": "C17", "value": "1", "lineStyle": {"width": 0.2, "color": "rgba(128, 128, 128,0.5)"}}, {"source": "C41", "target": "C6", "value": "1", "lineStyle": {"width": 0.160128, "color": "rgba(128, 128, 128,0.5)"}}, {"source": "C41", "target": "C16", "value": "1", "lineStyle": {"width": 0.132453, "color": "rgba(128, 128, 128,0.5)"}}, {"source": "C38", "target": "C35", "value": "1", "lineStyle": {"width": 1.0, "color": "rgba(128, 128, 128,0.5)"}}, {"source": "C38", "target": "C40", "value": "1", "lineStyle": {"width": 0.707107, "color": "rgba(128, 128, 128,0.5)"}}, {"source": "C38", "target": "C34", "value": "1", "lineStyle": {"width": 0.707107, "color": "rgba(128, 128, 128,0.5)"}}, {"source": "C38", "target": "C36", "value": "1", "lineStyle": {"width": 0.707107, "color": "rgba(128, 128, 128,0.5)"}}, {"source": "C38", "target": "C37", "value": "1", "lineStyle": {"width": 0.707107, "color": "rgba(128, 128, 128,0.5)"}}, {"source": "C38", "target": "C42", "value": "1", "lineStyle": {"width": 0.57735, "color": "rgba(128, 128, 128,0.5)"}}, {"source": "C38", "target": "C56", "value": "1", "lineStyle": {"width": 0.447214, "color": "rgba(128, 128, 128,0.5)"}}, {"source": "C38", "target": "C20", "value": "1", "lineStyle": {"width": 0.353553, "color": "rgba(128, 128, 128,0.5)"}}, {"source": "C38", "target": "C39", "value": "1", "lineStyle": {"width": 0.316228, "color": "rgba(128, 128, 128,0.5)"}}, {"source": "C38", "target": "C1", "value": "1", "lineStyle": {"width": 0.223607, "color": "rgba(128, 128, 128,0.5)"}}, {"source": "C38", "target": "C18", "value": "1", "lineStyle": {"width": 0.213201, "color": "rgba(128, 128, 128,0.5)"}}, {"source": "C38", "target": "C17", "value": "1", "lineStyle": {"width": 0.2, "color": "rgba(128, 128, 128,0.5)"}}, {"source": "C38", "target": "C6", "value": "1", "lineStyle": {"width": 0.160128, "color": "rgba(128, 128, 128,0.5)"}}, {"source": "C38", "target": "C16", "value": "1", "lineStyle": {"width": 0.132453, "color": "rgba(128, 128, 128,0.5)"}}, {"source": "C35", "target": "C40", "value": "1", "lineStyle": {"width": 0.707107, "color": "rgba(128, 128, 128,0.5)"}}, {"source": "C35", "target": "C34", "value": "1", "lineStyle": {"width": 0.707107, "color": "rgba(128, 128, 128,0.5)"}}, {"source": "C35", "target": "C36", "value": "1", "lineStyle": {"width": 0.707107, "color": "rgba(128, 128, 128,0.5)"}}, {"source": "C35", "target": "C37", "value": "1", "lineStyle": {"width": 0.707107, "color": "rgba(128, 128, 128,0.5)"}}, {"source": "C35", "target": "C42", "value": "1", "lineStyle": {"width": 0.57735, "color": "rgba(128, 128, 128,0.5)"}}, {"source": "C35", "target": "C56", "value": "1", "lineStyle": {"width": 0.447214, "color": "rgba(128, 128, 128,0.5)"}}, {"source": "C35", "target": "C20", "value": "1", "lineStyle": {"width": 0.353553, "color": "rgba(128, 128, 128,0.5)"}}, {"source": "C35", "target": "C39", "value": "1", "lineStyle": {"width": 0.316228, "color": "rgba(128, 128, 128,0.5)"}}, {"source": "C35", "target": "C1", "value": "1", "lineStyle": {"width": 0.223607, "color": "rgba(128, 128, 128,0.5)"}}, {"source": "C35", "target": "C18", "value": "1", "lineStyle": {"width": 0.213201, "color": "rgba(128, 128, 128,0.5)"}}, {"source": "C35", "target": "C17", "value": "1", "lineStyle": {"width": 0.2, "color": "rgba(128, 128, 128,0.5)"}}, {"source": "C35", "target": "C6", "value": "1", "lineStyle": {"width": 0.160128, "color": "rgba(128, 128, 128,0.5)"}}, {"source": "C35", "target": "C16", "value": "1", "lineStyle": {"width": 0.132453, "color": "rgba(128, 128, 128,0.5)"}}, {"source": "C40", "target": "C36", "value": "1", "lineStyle": {"width": 1.0, "color": "rgba(128, 128, 128,0.5)"}}, {"source": "C40", "target": "C37", "value": "1", "lineStyle": {"width": 1.0, "color": "rgba(128, 128, 128,0.5)"}}, {"source": "C40", "target": "C34", "value": "1", "lineStyle": {"width": 0.5, "color": "rgba(128, 128, 128,0.5)"}}, {"source": "C40", "target": "C42", "value": "1", "lineStyle": {"width": 0.408248, "color": "rgba(128, 128, 128,0.5)"}}, {"source": "C40", "target": "C56", "value": "1", "lineStyle": {"width": 0.316228, "color": "rgba(128, 128, 128,0.5)"}}, {"source": "C40", "target": "C17", "value": "1", "lineStyle": {"width": 0.282843, "color": "rgba(128, 128, 128,0.5)"}}, {"source": "C40", "target": "C20", "value": "1", "lineStyle": {"width": 0.25, "color": "rgba(128, 128, 128,0.5)"}}, {"source": "C40", "target": "C39", "value": "1", "lineStyle": {"width": 0.223607, "color": "rgba(128, 128, 128,0.5)"}}, {"source": "C40", "target": "C16", "value": "1", "lineStyle": {"width": 0.187317, "color": "rgba(128, 128, 128,0.5)"}}, {"source": "C40", "target": "C1", "value": "1", "lineStyle": {"width": 0.158114, "color": "rgba(128, 128, 128,0.5)"}}, {"source": "C40", "target": "C18", "value": "1", "lineStyle": {"width": 0.150756, "color": "rgba(128, 128, 128,0.5)"}}, {"source": "C40", "target": "C6", "value": "1", "lineStyle": {"width": 0.113228, "color": "rgba(128, 128, 128,0.5)"}}, {"source": "C36", "target": "C37", "value": "1", "lineStyle": {"width": 1.0, "color": "rgba(128, 128, 128,0.5)"}}, {"source": "C36", "target": "C34", "value": "1", "lineStyle": {"width": 0.5, "color": "rgba(128, 128, 128,0.5)"}}, {"source": "C36", "target": "C42", "value": "1", "lineStyle": {"width": 0.408248, "color": "rgba(128, 128, 128,0.5)"}}, {"source": "C36", "target": "C56", "value": "1", "lineStyle": {"width": 0.316228, "color": "rgba(128, 128, 128,0.5)"}}, {"source": "C36", "target": "C17", "value": "1", "lineStyle": {"width": 0.282843, "color": "rgba(128, 128, 128,0.5)"}}, {"source": "C36", "target": "C20", "value": "1", "lineStyle": {"width": 0.25, "color": "rgba(128, 128, 128,0.5)"}}, {"source": "C36", "target": "C39", "value": "1", "lineStyle": {"width": 0.223607, "color": "rgba(128, 128, 128,0.5)"}}, {"source": "C36", "target": "C16", "value": "1", "lineStyle": {"width": 0.187317, "color": "rgba(128, 128, 128,0.5)"}}, {"source": "C36", "target": "C1", "value": "1", "lineStyle": {"width": 0.158114, "color": "rgba(128, 128, 128,0.5)"}}, {"source": "C36", "target": "C18", "value": "1", "lineStyle": {"width": 0.150756, "color": "rgba(128, 128, 128,0.5)"}}, {"source": "C36", "target": "C6", "value": "1", "lineStyle": {"width": 0.113228, "color": "rgba(128, 128, 128,0.5)"}}, {"source": "C37", "target": "C34", "value": "1", "lineStyle": {"width": 0.5, "color": "rgba(128, 128, 128,0.5)"}}, {"source": "C37", "target": "C42", "value": "1", "lineStyle": {"width": 0.408248, "color": "rgba(128, 128, 128,0.5)"}}, {"source": "C37", "target": "C56", "value": "1", "lineStyle": {"width": 0.316228, "color": "rgba(128, 128, 128,0.5)"}}, {"source": "C37", "target": "C17", "value": "1", "lineStyle": {"width": 0.282843, "color": "rgba(128, 128, 128,0.5)"}}, {"source": "C37", "target": "C20", "value": "1", "lineStyle": {"width": 0.25, "color": "rgba(128, 128, 128,0.5)"}}, {"source": "C37", "target": "C39", "value": "1", "lineStyle": {"width": 0.223607, "color": "rgba(128, 128, 128,0.5)"}}, {"source": "C37", "target": "C16", "value": "1", "lineStyle": {"width": 0.187317, "color": "rgba(128, 128, 128,0.5)"}}, {"source": "C37", "target": "C1", "value": "1", "lineStyle": {"width": 0.158114, "color": "rgba(128, 128, 128,0.5)"}}, {"source": "C37", "target": "C18", "value": "1", "lineStyle": {"width": 0.150756, "color": "rgba(128, 128, 128,0.5)"}}, {"source": "C37", "target": "C6", "value": "1", "lineStyle": {"width": 0.113228, "color": "rgba(128, 128, 128,0.5)"}}, {"source": "C44", "target": "C46", "value": "1", "lineStyle": {"width": 1.0, "color": "rgba(128, 128, 128,0.5)"}}, {"source": "C44", "target": "C47", "value": "1", "lineStyle": {"width": 0.707107, "color": "rgba(128, 128, 128,0.5)"}}, {"source": "C44", "target": "C43", "value": "1", "lineStyle": {"width": 0.707107, "color": "rgba(128, 128, 128,0.5)"}}, {"source": "C44", "target": "C48", "value": "1", "lineStyle": {"width": 0.707107, "color": "rgba(128, 128, 128,0.5)"}}, {"source": "C44", "target": "C45", "value": "1", "lineStyle": {"width": 0.57735, "color": "rgba(128, 128, 128,0.5)"}}, {"source": "C46", "target": "C47", "value": "1", "lineStyle": {"width": 0.707107, "color": "rgba(128, 128, 128,0.5)"}}, {"source": "C46", "target": "C48", "value": "1", "lineStyle": {"width": 0.707107, "color": "rgba(128, 128, 128,0.5)"}}, {"source": "C46", "target": "C43", "value": "1", "lineStyle": {"width": 0.707107, "color": "rgba(128, 128, 128,0.5)"}}, {"source": "C46", "target": "C45", "value": "1", "lineStyle": {"width": 0.57735, "color": "rgba(128, 128, 128,0.5)"}}, {"source": "C34", "target": "C42", "value": "1", "lineStyle": {"width": 0.408248, "color": "rgba(128, 128, 128,0.5)"}}, {"source": "C34", "target": "C56", "value": "1", "lineStyle": {"width": 0.316228, "color": "rgba(128, 128, 128,0.5)"}}, {"source": "C34", "target": "C20", "value": "1", "lineStyle": {"width": 0.25, "color": "rgba(128, 128, 128,0.5)"}}, {"source": "C34", "target": "C39", "value": "1", "lineStyle": {"width": 0.223607, "color": "rgba(128, 128, 128,0.5)"}}, {"source": "C34", "target": "C16", "value": "1", "lineStyle": {"width": 0.187317, "color": "rgba(128, 128, 128,0.5)"}}, {"source": "C34", "target": "C32", "value": "1", "lineStyle": {"width": 0.182574, "color": "rgba(128, 128, 128,0.5)"}}, {"source": "C34", "target": "C1", "value": "1", "lineStyle": {"width": 0.158114, "color": "rgba(128, 128, 128,0.5)"}}, {"source": "C34", "target": "C18", "value": "1", "lineStyle": {"width": 0.150756, "color": "rgba(128, 128, 128,0.5)"}}, {"source": "C34", "target": "C17", "value": "1", "lineStyle": {"width": 0.141421, "color": "rgba(128, 128, 128,0.5)"}}, {"source": "C34", "target": "C9", "value": "1", "lineStyle": {"width": 0.125, "color": "rgba(128, 128, 128,0.5)"}}, {"source": "C34", "target": "C6", "value": "1", "lineStyle": {"width": 0.113228, "color": "rgba(128, 128, 128,0.5)"}}, {"source": "C34", "target": "C5", "value": "1", "lineStyle": {"width": 0.104257, "color": "rgba(128, 128, 128,0.5)"}}, {"source": "C47", "target": "C60", "value": "1", "lineStyle": {"width": 0.707107, "color": "rgba(128, 128, 128,0.5)"}}, {"source": "C47", "target": "C48", "value": "1", "lineStyle": {"width": 0.5, "color": "rgba(128, 128, 128,0.5)"}}, {"source": "C47", "target": "C43", "value": "1", "lineStyle": {"width": 0.5, "color": "rgba(128, 128, 128,0.5)"}}, {"source": "C47", "target": "C45", "value": "1", "lineStyle": {"width": 0.408248, "color": "rgba(128, 128, 128,0.5)"}}, {"source": "C47", "target": "C39", "value": "1", "lineStyle": {"width": 0.223607, "color": "rgba(128, 128, 128,0.5)"}}, {"source": "C47", "target": "C50", "value": "1", "lineStyle": {"width": 0.213201, "color": "rgba(128, 128, 128,0.5)"}}, {"source": "C47", "target": "C11", "value": "1", "lineStyle": {"width": 0.150756, "color": "rgba(128, 128, 128,0.5)"}}, {"source": "C47", "target": "C5", "value": "1", "lineStyle": {"width": 0.104257, "color": "rgba(128, 128, 128,0.5)"}}, {"source": "C58", "target": "C55", "value": "1", "lineStyle": {"width": 0.707107, "color": "rgba(128, 128, 128,0.5)"}}, {"source": "C58", "target": "C14", "value": "1", "lineStyle": {"width": 0.57735, "color": "rgba(128, 128, 128,0.5)"}}, {"source": "C58", "target": "C25", "value": "1", "lineStyle": {"width": 0.57735, "color": "rgba(128, 128, 128,0.5)"}}, {"source": "C58", "target": "C2", "value": "1", "lineStyle": {"width": 0.408248, "color": "rgba(128, 128, 128,0.5)"}}, {"source": "C58", "target": "C29", "value": "1", "lineStyle": {"width": 0.377964, "color": "rgba(128, 128, 128,0.5)"}}, {"source": "C58", "target": "C50", "value": "1", "lineStyle": {"width": 0.301511, "color": "rgba(128, 128, 128,0.5)"}}, {"source": "C58", "target": "C10", "value": "1", "lineStyle": {"width": 0.258199, "color": "rgba(128, 128, 128,0.5)"}}, {"source": "C58", "target": "C31", "value": "1", "lineStyle": {"width": 0.229416, "color": "rgba(128, 128, 128,0.5)"}}, {"source": "C58", "target": "C1", "value": "1", "lineStyle": {"width": 0.223607, "color": "rgba(128, 128, 128,0.5)"}}, {"source": "C58", "target": "C11", "value": "1", "lineStyle": {"width": 0.213201, "color": "rgba(128, 128, 128,0.5)"}}, {"source": "C58", "target": "C6", "value": "1", "lineStyle": {"width": 0.160128, "color": "rgba(128, 128, 128,0.5)"}}, {"source": "C58", "target": "C53", "value": "1", "lineStyle": {"width": 0.149071, "color": "rgba(128, 128, 128,0.5)"}}, {"source": "C58", "target": "C16", "value": "1", "lineStyle": {"width": 0.132453, "color": "rgba(128, 128, 128,0.5)"}}, {"source": "C58", "target": "C4", "value": "1", "lineStyle": {"width": 0.118678, "color": "rgba(128, 128, 128,0.5)"}}, {"source": "C58", "target": "C3", "value": "1", "lineStyle": {"width": 0.11547, "color": "rgba(128, 128, 128,0.5)"}}, {"source": "C55", "target": "C50", "value": "1", "lineStyle": {"width": 0.426401, "color": "rgba(128, 128, 128,0.5)"}}, {"source": "C55", "target": "C25", "value": "1", "lineStyle": {"width": 0.408248, "color": "rgba(128, 128, 128,0.5)"}}, {"source": "C55", "target": "C14", "value": "1", "lineStyle": {"width": 0.408248, "color": "rgba(128, 128, 128,0.5)"}}, {"source": "C55", "target": "C56", "value": "1", "lineStyle": {"width": 0.316228, "color": "rgba(128, 128, 128,0.5)"}}, {"source": "C55", "target": "C12", "value": "1", "lineStyle": {"width": 0.316228, "color": "rgba(128, 128, 128,0.5)"}}, {"source": "C55", "target": "C2", "value": "1", "lineStyle": {"width": 0.288675, "color": "rgba(128, 128, 128,0.5)"}}, {"source": "C55", "target": "C29", "value": "1", "lineStyle": {"width": 0.267261, "color": "rgba(128, 128, 128,0.5)"}}, {"source": "C55", "target": "C6", "value": "1", "lineStyle": {"width": 0.226455, "color": "rgba(128, 128, 128,0.5)"}}, {"source": "C55", "target": "C16", "value": "1", "lineStyle": {"width": 0.187317, "color": "rgba(128, 128, 128,0.5)"}}, {"source": "C55", "target": "C10", "value": "1", "lineStyle": {"width": 0.182574, "color": "rgba(128, 128, 128,0.5)"}}, {"source": "C55", "target": "C31", "value": "1", "lineStyle": {"width": 0.162221, "color": "rgba(128, 128, 128,0.5)"}}, {"source": "C55", "target": "C1", "value": "1", "lineStyle": {"width": 0.158114, "color": "rgba(128, 128, 128,0.5)"}}, {"source": "C55", "target": "C11", "value": "1", "lineStyle": {"width": 0.150756, "color": "rgba(128, 128, 128,0.5)"}}, {"source": "C55", "target": "C53", "value": "1", "lineStyle": {"width": 0.105409, "color": "rgba(128, 128, 128,0.5)"}}, {"source": "C55", "target": "C5", "value": "1", "lineStyle": {"width": 0.104257, "color": "rgba(128, 128, 128,0.5)"}}, {"source": "C55", "target": "C4", "value": "1", "lineStyle": {"width": 0.083918, "color": "rgba(128, 128, 128,0.5)"}}, {"source": "C55", "target": "C3", "value": "1", "lineStyle": {"width": 0.08165, "color": "rgba(128, 128, 128,0.5)"}}, {"source": "C48", "target": "C57", "value": "1", "lineStyle": {"width": 0.707107, "color": "rgba(128, 128, 128,0.5)"}}, {"source": "C48", "target": "C43", "value": "1", "lineStyle": {"width": 0.5, "color": "rgba(128, 128, 128,0.5)"}}, {"source": "C48", "target": "C45", "value": "1", "lineStyle": {"width": 0.408248, "color": "rgba(128, 128, 128,0.5)"}}, {"source": "C48", "target": "C30", "value": "1", "lineStyle": {"width": 0.235702, "color": "rgba(128, 128, 128,0.5)"}}, {"source": "C48", "target": "C1", "value": "1", "lineStyle": {"width": 0.158114, "color": "rgba(128, 128, 128,0.5)"}}, {"source": "C43", "target": "C42", "value": "1", "lineStyle": {"width": 0.408248, "color": "rgba(128, 128, 128,0.5)"}}, {"source": "C43", "target": "C45", "value": "1", "lineStyle": {"width": 0.408248, "color": "rgba(128, 128, 128,0.5)"}}, {"source": "C43", "target": "C31", "value": "1", "lineStyle": {"width": 0.162221, "color": "rgba(128, 128, 128,0.5)"}}, {"source": "C43", "target": "C1", "value": "1", "lineStyle": {"width": 0.158114, "color": "rgba(128, 128, 128,0.5)"}}, {"source": "C43", "target": "C18", "value": "1", "lineStyle": {"width": 0.150756, "color": "rgba(128, 128, 128,0.5)"}}, {"source": "C43", "target": "C17", "value": "1", "lineStyle": {"width": 0.141421, "color": "rgba(128, 128, 128,0.5)"}}, {"source": "C57", "target": "C30", "value": "1", "lineStyle": {"width": 0.333333, "color": "rgba(128, 128, 128,0.5)"}}, {"source": "C57", "target": "C1", "value": "1", "lineStyle": {"width": 0.223607, "color": "rgba(128, 128, 128,0.5)"}}, {"source": "C51", "target": "C26", "value": "1", "lineStyle": {"width": 0.707107, "color": "rgba(128, 128, 128,0.5)"}}, {"source": "C51", "target": "C53", "value": "1", "lineStyle": {"width": 0.149071, "color": "rgba(128, 128, 128,0.5)"}}, {"source": "C51", "target": "C3", "value": "1", "lineStyle": {"width": 0.11547, "color": "rgba(128, 128, 128,0.5)"}}, {"source": "C26", "target": "C10", "value": "1", "lineStyle": {"width": 0.182574, "color": "rgba(128, 128, 128,0.5)"}}, {"source": "C26", "target": "C53", "value": "1", "lineStyle": {"width": 0.105409, "color": "rgba(128, 128, 128,0.5)"}}, {"source": "C26", "target": "C5", "value": "1", "lineStyle": {"width": 0.104257, "color": "rgba(128, 128, 128,0.5)"}}, {"source": "C26", "target": "C4", "value": "1", "lineStyle": {"width": 0.083918, "color": "rgba(128, 128, 128,0.5)"}}, {"source": "C26", "target": "C3", "value": "1", "lineStyle": {"width": 0.08165, "color": "rgba(128, 128, 128,0.5)"}}, {"source": "C60", "target": "C39", "value": "1", "lineStyle": {"width": 0.316228, "color": "rgba(128, 128, 128,0.5)"}}, {"source": "C60", "target": "C50", "value": "1", "lineStyle": {"width": 0.301511, "color": "rgba(128, 128, 128,0.5)"}}, {"source": "C60", "target": "C11", "value": "1", "lineStyle": {"width": 0.213201, "color": "rgba(128, 128, 128,0.5)"}}, {"source": "C60", "target": "C5", "value": "1", "lineStyle": {"width": 0.147442, "color": "rgba(128, 128, 128,0.5)"}}, {"source": "C42", "target": "C17", "value": "1", "lineStyle": {"width": 0.34641, "color": "rgba(128, 128, 128,0.5)"}}, {"source": "C42", "target": "C45", "value": "1", "lineStyle": {"width": 0.333333, "color": "rgba(128, 128, 128,0.5)"}}, {"source": "C42", "target": "C1", "value": "1", "lineStyle": {"width": 0.258199, "color": "rgba(128, 128, 128,0.5)"}}, {"source": "C42", "target": "C56", "value": "1", "lineStyle": {"width": 0.258199, "color": "rgba(128, 128, 128,0.5)"}}, {"source": "C42", "target": "C18", "value": "1", "lineStyle": {"width": 0.246183, "color": "rgba(128, 128, 128,0.5)"}}, {"source": "C42", "target": "C2", "value": "1", "lineStyle": {"width": 0.235702, "color": "rgba(128, 128, 128,0.5)"}}, {"source": "C42", "target": "C20", "value": "1", "lineStyle": {"width": 0.204124, "color": "rgba(128, 128, 128,0.5)"}}, {"source": "C42", "target": "C39", "value": "1", "lineStyle": {"width": 0.182574, "color": "rgba(128, 128, 128,0.5)"}}, {"source": "C42", "target": "C16", "value": "1", "lineStyle": {"width": 0.152944, "color": "rgba(128, 128, 128,0.5)"}}, {"source": "C42", "target": "C31", "value": "1", "lineStyle": {"width": 0.132453, "color": "rgba(128, 128, 128,0.5)"}}, {"source": "C42", "target": "C6", "value": "1", "lineStyle": {"width": 0.09245, "color": "rgba(128, 128, 128,0.5)"}}, {"source": "C42", "target": "C3", "value": "1", "lineStyle": {"width": 0.066667, "color": "rgba(128, 128, 128,0.5)"}}, {"source": "C45", "target": "C2", "value": "1", "lineStyle": {"width": 0.235702, "color": "rgba(128, 128, 128,0.5)"}}, {"source": "C45", "target": "C29", "value": "1", "lineStyle": {"width": 0.218218, "color": "rgba(128, 128, 128,0.5)"}}, {"source": "C45", "target": "C17", "value": "1", "lineStyle": {"width": 0.11547, "color": "rgba(128, 128, 128,0.5)"}}, {"source": "C45", "target": "C13", "value": "1", "lineStyle": {"width": 0.093659, "color": "rgba(128, 128, 128,0.5)"}}, {"source": "C45", "target": "C53", "value": "1", "lineStyle": {"width": 0.086066, "color": "rgba(128, 128, 128,0.5)"}}, {"source": "C45", "target": "C16", "value": "1", "lineStyle": {"width": 0.076472, "color": "rgba(128, 128, 128,0.5)"}}, {"source": "C45", "target": "C3", "value": "1", "lineStyle": {"width": 0.066667, "color": "rgba(128, 128, 128,0.5)"}}, {"source": "C14", "target": "C59", "value": "1", "lineStyle": {"width": 0.57735, "color": "rgba(128, 128, 128,0.5)"}}, {"source": "C14", "target": "C11", "value": "1", "lineStyle": {"width": 0.369274, "color": "rgba(128, 128, 128,0.5)"}}, {"source": "C14", "target": "C25", "value": "1", "lineStyle": {"width": 0.333333, "color": "rgba(128, 128, 128,0.5)"}}, {"source": "C14", "target": "C15", "value": "1", "lineStyle": {"width": 0.288675, "color": "rgba(128, 128, 128,0.5)"}}, {"source": "C14", "target": "C6", "value": "1", "lineStyle": {"width": 0.27735, "color": "rgba(128, 128, 128,0.5)"}}, {"source": "C14", "target": "C2", "value": "1", "lineStyle": {"width": 0.235702, "color": "rgba(128, 128, 128,0.5)"}}, {"source": "C14", "target": "C29", "value": "1", "lineStyle": {"width": 0.218218, "color": "rgba(128, 128, 128,0.5)"}}, {"source": "C14", "target": "C50", "value": "1", "lineStyle": {"width": 0.174078, "color": "rgba(128, 128, 128,0.5)"}}, {"source": "C14", "target": "C53", "value": "1", "lineStyle": {"width": 0.172133, "color": "rgba(128, 128, 128,0.5)"}}, {"source": "C14", "target": "C10", "value": "1", "lineStyle": {"width": 0.149071, "color": "rgba(128, 128, 128,0.5)"}}, {"source": "C14", "target": "C32", "value": "1", "lineStyle": {"width": 0.149071, "color": "rgba(128, 128, 128,0.5)"}}, {"source": "C14", "target": "C31", "value": "1", "lineStyle": {"width": 0.132453, "color": "rgba(128, 128, 128,0.5)"}}, {"source": "C14", "target": "C1", "value": "1", "lineStyle": {"width": 0.129099, "color": "rgba(128, 128, 128,0.5)"}}, {"source": "C14", "target": "C21", "value": "1", "lineStyle": {"width": 0.111111, "color": "rgba(128, 128, 128,0.5)"}}, {"source": "C14", "target": "C9", "value": "1", "lineStyle": {"width": 0.102062, "color": "rgba(128, 128, 128,0.5)"}}, {"source": "C14", "target": "C16", "value": "1", "lineStyle": {"width": 0.076472, "color": "rgba(128, 128, 128,0.5)"}}, {"source": "C14", "target": "C4", "value": "1", "lineStyle": {"width": 0.068519, "color": "rgba(128, 128, 128,0.5)"}}, {"source": "C14", "target": "C3", "value": "1", "lineStyle": {"width": 0.066667, "color": "rgba(128, 128, 128,0.5)"}}, {"source": "C59", "target": "C11", "value": "1", "lineStyle": {"width": 0.213201, "color": "rgba(128, 128, 128,0.5)"}}, {"source": "C59", "target": "C21", "value": "1", "lineStyle": {"width": 0.19245, "color": "rgba(128, 128, 128,0.5)"}}, {"source": "C59", "target": "C6", "value": "1", "lineStyle": {"width": 0.160128, "color": "rgba(128, 128, 128,0.5)"}}, {"source": "C25", "target": "C7", "value": "1", "lineStyle": {"width": 0.288675, "color": "rgba(128, 128, 128,0.5)"}}, {"source": "C25", "target": "C11", "value": "1", "lineStyle": {"width": 0.246183, "color": "rgba(128, 128, 128,0.5)"}}, {"source": "C25", "target": "C2", "value": "1", "lineStyle": {"width": 0.235702, "color": "rgba(128, 128, 128,0.5)"}}, {"source": "C25", "target": "C8", "value": "1", "lineStyle": {"width": 0.218218, "color": "rgba(128, 128, 128,0.5)"}}, {"source": "C25", "target": "C29", "value": "1", "lineStyle": {"width": 0.218218, "color": "rgba(128, 128, 128,0.5)"}}, {"source": "C25", "target": "C24", "value": "1", "lineStyle": {"width": 0.174078, "color": "rgba(128, 128, 128,0.5)"}}, {"source": "C25", "target": "C50", "value": "1", "lineStyle": {"width": 0.174078, "color": "rgba(128, 128, 128,0.5)"}}, {"source": "C25", "target": "C32", "value": "1", "lineStyle": {"width": 0.149071, "color": "rgba(128, 128, 128,0.5)"}}, {"source": "C25", "target": "C10", "value": "1", "lineStyle": {"width": 0.149071, "color": "rgba(128, 128, 128,0.5)"}}, {"source": "C25", "target": "C3", "value": "1", "lineStyle": {"width": 0.133333, "color": "rgba(128, 128, 128,0.5)"}}, {"source": "C25", "target": "C31", "value": "1", "lineStyle": {"width": 0.132453, "color": "rgba(128, 128, 128,0.5)"}}, {"source": "C25", "target": "C1", "value": "1", "lineStyle": {"width": 0.129099, "color": "rgba(128, 128, 128,0.5)"}}, {"source": "C25", "target": "C13", "value": "1", "lineStyle": {"width": 0.093659, "color": "rgba(128, 128, 128,0.5)"}}, {"source": "C25", "target": "C6", "value": "1", "lineStyle": {"width": 0.09245, "color": "rgba(128, 128, 128,0.5)"}}, {"source": "C25", "target": "C53", "value": "1", "lineStyle": {"width": 0.086066, "color": "rgba(128, 128, 128,0.5)"}}, {"source": "C25", "target": "C5", "value": "1", "lineStyle": {"width": 0.085126, "color": "rgba(128, 128, 128,0.5)"}}, {"source": "C25", "target": "C16", "value": "1", "lineStyle": {"width": 0.076472, "color": "rgba(128, 128, 128,0.5)"}}, {"source": "C25", "target": "C4", "value": "1", "lineStyle": {"width": 0.068519, "color": "rgba(128, 128, 128,0.5)"}}, {"source": "C17", "target": "C16", "value": "1", "lineStyle": {"width": 0.450341, "color": "rgba(128, 128, 128,0.5)"}}, {"source": "C17", "target": "C1", "value": "1", "lineStyle": {"width": 0.402492, "color": "rgba(128, 128, 128,0.5)"}}, {"source": "C17", "target": "C20", "value": "1", "lineStyle": {"width": 0.282843, "color": "rgba(128, 128, 128,0.5)"}}, {"source": "C17", "target": "C31", "value": "1", "lineStyle": {"width": 0.275299, "color": "rgba(128, 128, 128,0.5)"}}, {"source": "C17", "target": "C18", "value": "1", "lineStyle": {"width": 0.255841, "color": "rgba(128, 128, 128,0.5)"}}, {"source": "C17", "target": "C13", "value": "1", "lineStyle": {"width": 0.194666, "color": "rgba(128, 128, 128,0.5)"}}, {"source": "C17", "target": "C3", "value": "1", "lineStyle": {"width": 0.184752, "color": "rgba(128, 128, 128,0.5)"}}, {"source": "C17", "target": "C29", "value": "1", "lineStyle": {"width": 0.151186, "color": "rgba(128, 128, 128,0.5)"}}, {"source": "C17", "target": "C39", "value": "1", "lineStyle": {"width": 0.126491, "color": "rgba(128, 128, 128,0.5)"}}, {"source": "C17", "target": "C5", "value": "1", "lineStyle": {"width": 0.117954, "color": "rgba(128, 128, 128,0.5)"}}, {"source": "C17", "target": "C6", "value": "1", "lineStyle": {"width": 0.096077, "color": "rgba(128, 128, 128,0.5)"}}, {"source": "C17", "target": "C56", "value": "1", "lineStyle": {"width": 0.089443, "color": "rgba(128, 128, 128,0.5)"}}, {"source": "C17", "target": "C2", "value": "1", "lineStyle": {"width": 0.08165, "color": "rgba(128, 128, 128,0.5)"}}, {"source": "C17", "target": "C9", "value": "1", "lineStyle": {"width": 0.070711, "color": "rgba(128, 128, 128,0.5)"}}, {"source": "C17", "target": "C50", "value": "1", "lineStyle": {"width": 0.060302, "color": "rgba(128, 128, 128,0.5)"}}, {"source": "C17", "target": "C53", "value": "1", "lineStyle": {"width": 0.059628, "color": "rgba(128, 128, 128,0.5)"}}, {"source": "C17", "target": "C19", "value": "1", "lineStyle": {"width": 0.057735, "color": "rgba(128, 128, 128,0.5)"}}, {"source": "C17", "target": "C10", "value": "1", "lineStyle": {"width": 0.05164, "color": "rgba(128, 128, 128,0.5)"}}, {"source": "C17", "target": "C11", "value": "1", "lineStyle": {"width": 0.04264, "color": "rgba(128, 128, 128,0.5)"}}, {"source": "C17", "target": "C21", "value": "1", "lineStyle": {"width": 0.03849, "color": "rgba(128, 128, 128,0.5)"}}, {"source": "C17", "target": "C23", "value": "1", "lineStyle": {"width": 0.035921, "color": "rgba(128, 128, 128,0.5)"}}, {"source": "C17", "target": "C4", "value": "1", "lineStyle": {"width": 0.023736, "color": "rgba(128, 128, 128,0.5)"}}, {"source": "C16", "target": "C1", "value": "1", "lineStyle": {"width": 0.355409, "color": "rgba(128, 128, 128,0.5)"}}, {"source": "C16", "target": "C53", "value": "1", "lineStyle": {"width": 0.315919, "color": "rgba(128, 128, 128,0.5)"}}, {"source": "C16", "target": "C18", "value": "1", "lineStyle": {"width": 0.31063, "color": "rgba(128, 128, 128,0.5)"}}, {"source": "C16", "target": "C3", "value": "1", "lineStyle": {"width": 0.305888, "color": "rgba(128, 128, 128,0.5)"}}, {"source": "C16", "target": "C5", "value": "1", "lineStyle": {"width": 0.292937, "color": "rgba(128, 128, 128,0.5)"}}, {"source": "C16", "target": "C13", "value": "1", "lineStyle": {"width": 0.279328, "color": "rgba(128, 128, 128,0.5)"}}, {"source": "C16", "target": "C29", "value": "1", "lineStyle": {"width": 0.250313, "color": "rgba(128, 128, 128,0.5)"}}, {"source": "C16", "target": "C31", "value": "1", "lineStyle": {"width": 0.243095, "color": "rgba(128, 128, 128,0.5)"}}, {"source": "C16", "target": "C50", "value": "1", "lineStyle": {"width": 0.239617, "color": "rgba(128, 128, 128,0.5)"}}, {"source": "C16", "target": "C4", "value": "1", "lineStyle": {"width": 0.22007, "color": "rgba(128, 128, 128,0.5)"}}, {"source": "C16", "target": "C28", "value": "1", "lineStyle": {"width": 0.19868, "color": "rgba(128, 128, 128,0.5)"}}, {"source": "C16", "target": "C20", "value": "1", "lineStyle": {"width": 0.187317, "color": "rgba(128, 128, 128,0.5)"}}, {"source": "C16", "target": "C56", "value": "1", "lineStyle": {"width": 0.177705, "color": "rgba(128, 128, 128,0.5)"}}, {"source": "C16", "target": "C30", "value": "1", "lineStyle": {"width": 0.176604, "color": "rgba(128, 128, 128,0.5)"}}, {"source": "C16", "target": "C21", "value": "1", "lineStyle": {"width": 0.152944, "color": "rgba(128, 128, 128,0.5)"}}, {"source": "C16", "target": "C6", "value": "1", "lineStyle": {"width": 0.148466, "color": "rgba(128, 128, 128,0.5)"}}, {"source": "C16", "target": "C9", "value": "1", "lineStyle": {"width": 0.140488, "color": "rgba(128, 128, 128,0.5)"}}, {"source": "C16", "target": "C10", "value": "1", "lineStyle": {"width": 0.136797, "color": "rgba(128, 128, 128,0.5)"}}, {"source": "C16", "target": "C52", "value": "1", "lineStyle": {"width": 0.132453, "color": "rgba(128, 128, 128,0.5)"}}, {"source": "C16", "target": "C23", "value": "1", "lineStyle": {"width": 0.118947, "color": "rgba(128, 128, 128,0.5)"}}, {"source": "C16", "target": "C11", "value": "1", "lineStyle": {"width": 0.112957, "color": "rgba(128, 128, 128,0.5)"}}, {"source": "C16", "target": "C2", "value": "1", "lineStyle": {"width": 0.108148, "color": "rgba(128, 128, 128,0.5)"}}, {"source": "C16", "target": "C39", "value": "1", "lineStyle": {"width": 0.083771, "color": "rgba(128, 128, 128,0.5)"}}, {"source": "C16", "target": "C24", "value": "1", "lineStyle": {"width": 0.079872, "color": "rgba(128, 128, 128,0.5)"}}, {"source": "C16", "target": "C19", "value": "1", "lineStyle": {"width": 0.076472, "color": "rgba(128, 128, 128,0.5)"}}, {"source": "C16", "target": "C27", "value": "1", "lineStyle": {"width": 0.076472, "color": "rgba(128, 128, 128,0.5)"}}, {"source": "C16", "target": "C12", "value": "1", "lineStyle": {"width": 0.059235, "color": "rgba(128, 128, 128,0.5)"}}, {"source": "C16", "target": "C32", "value": "1", "lineStyle": {"width": 0.034199, "color": "rgba(128, 128, 128,0.5)"}}, {"source": "C56", "target": "C50", "value": "1", "lineStyle": {"width": 0.26968, "color": "rgba(128, 128, 128,0.5)"}}, {"source": "C56", "target": "C12", "value": "1", "lineStyle": {"width": 0.2, "color": "rgba(128, 128, 128,0.5)"}}, {"source": "C56", "target": "C18", "value": "1", "lineStyle": {"width": 0.190693, "color": "rgba(128, 128, 128,0.5)"}}, {"source": "C56", "target": "C20", "value": "1", "lineStyle": {"width": 0.158114, "color": "rgba(128, 128, 128,0.5)"}}, {"source": "C56", "target": "C6", "value": "1", "lineStyle": {"width": 0.143223, "color": "rgba(128, 128, 128,0.5)"}}, {"source": "C56", "target": "C39", "value": "1", "lineStyle": {"width": 0.141421, "color": "rgba(128, 128, 128,0.5)"}}, {"source": "C56", "target": "C5", "value": "1", "lineStyle": {"width": 0.131876, "color": "rgba(128, 128, 128,0.5)"}}, {"source": "C56", "target": "C32", "value": "1", "lineStyle": {"width": 0.11547, "color": "rgba(128, 128, 128,0.5)"}}, {"source": "C56", "target": "C1", "value": "1", "lineStyle": {"width": 0.1, "color": "rgba(128, 128, 128,0.5)"}}, {"source": "C56", "target": "C21", "value": "1", "lineStyle": {"width": 0.086066, "color": "rgba(128, 128, 128,0.5)"}}, {"source": "C56", "target": "C9", "value": "1", "lineStyle": {"width": 0.079057, "color": "rgba(128, 128, 128,0.5)"}}, {"source": "C56", "target": "C3", "value": "1", "lineStyle": {"width": 0.05164, "color": "rgba(128, 128, 128,0.5)"}}, {"source": "C11", "target": "C15", "value": "1", "lineStyle": {"width": 0.426401, "color": "rgba(128, 128, 128,0.5)"}}, {"source": "C11", "target": "C32", "value": "1", "lineStyle": {"width": 0.330289, "color": "rgba(128, 128, 128,0.5)"}}, {"source": "C11", "target": "C2", "value": "1", "lineStyle": {"width": 0.261116, "color": "rgba(128, 128, 128,0.5)"}}, {"source": "C11", "target": "C6", "value": "1", "lineStyle": {"width": 0.238976, "color": "rgba(128, 128, 128,0.5)"}}, {"source": "C11", "target": "C50", "value": "1", "lineStyle": {"width": 0.192847, "color": "rgba(128, 128, 128,0.5)"}}, {"source": "C11", "target": "C23", "value": "1", "lineStyle": {"width": 0.19146, "color": "rgba(128, 128, 128,0.5)"}}, {"source": "C11", "target": "C21", "value": "1", "lineStyle": {"width": 0.164122, "color": "rgba(128, 128, 128,0.5)"}}, {"source": "C11", "target": "C8", "value": "1", "lineStyle": {"width": 0.161165, "color": "rgba(128, 128, 128,0.5)"}}, {"source": "C11", "target": "C9", "value": "1", "lineStyle": {"width": 0.150756, "color": "rgba(128, 128, 128,0.5)"}}, {"source": "C11", "target": "C3", "value": "1", "lineStyle": {"width": 0.14771, "color": "rgba(128, 128, 128,0.5)"}}, {"source": "C11", "target": "C4", "value": "1", "lineStyle": {"width": 0.126511, "color": "rgba(128, 128, 128,0.5)"}}, {"source": "C11", "target": "C27", "value": "1", "lineStyle": {"width": 0.123091, "color": "rgba(128, 128, 128,0.5)"}}, {"source": "C11", "target": "C10", "value": "1", "lineStyle": {"width": 0.110096, "color": "rgba(128, 128, 128,0.5)"}}, {"source": "C11", "target": "C7", "value": "1", "lineStyle": {"width": 0.1066, "color": "rgba(128, 128, 128,0.5)"}}, {"source": "C11", "target": "C1", "value": "1", "lineStyle": {"width": 0.095346, "color": "rgba(128, 128, 128,0.5)"}}, {"source": "C11", "target": "C53", "value": "1", "lineStyle": {"width": 0.095346, "color": "rgba(128, 128, 128,0.5)"}}, {"source": "C11", "target": "C12", "value": "1", "lineStyle": {"width": 0.095346, "color": "rgba(128, 128, 128,0.5)"}}, {"source": "C11", "target": "C5", "value": "1", "lineStyle": {"width": 0.094304, "color": "rgba(128, 128, 128,0.5)"}}, {"source": "C11", "target": "C29", "value": "1", "lineStyle": {"width": 0.080582, "color": "rgba(128, 128, 128,0.5)"}}, {"source": "C11", "target": "C39", "value": "1", "lineStyle": {"width": 0.06742, "color": "rgba(128, 128, 128,0.5)"}}, {"source": "C11", "target": "C19", "value": "1", "lineStyle": {"width": 0.061546, "color": "rgba(128, 128, 128,0.5)"}}, {"source": "C11", "target": "C31", "value": "1", "lineStyle": {"width": 0.048912, "color": "rgba(128, 128, 128,0.5)"}}, {"source": "C11", "target": "C13", "value": "1", "lineStyle": {"width": 0.034586, "color": "rgba(128, 128, 128,0.5)"}}, {"source": "C15", "target": "C12", "value": "1", "lineStyle": {"width": 0.223607, "color": "rgba(128, 128, 128,0.5)"}}, {"source": "C15", "target": "C53", "value": "1", "lineStyle": {"width": 0.149071, "color": "rgba(128, 128, 128,0.5)"}}, {"source": "C15", "target": "C32", "value": "1", "lineStyle": {"width": 0.129099, "color": "rgba(128, 128, 128,0.5)"}}, {"source": "C15", "target": "C1", "value": "1", "lineStyle": {"width": 0.111803, "color": "rgba(128, 128, 128,0.5)"}}, {"source": "C15", "target": "C21", "value": "1", "lineStyle": {"width": 0.096225, "color": "rgba(128, 128, 128,0.5)"}}, {"source": "C15", "target": "C23", "value": "1", "lineStyle": {"width": 0.089803, "color": "rgba(128, 128, 128,0.5)"}}, {"source": "C15", "target": "C9", "value": "1", "lineStyle": {"width": 0.088388, "color": "rgba(128, 128, 128,0.5)"}}, {"source": "C15", "target": "C6", "value": "1", "lineStyle": {"width": 0.080064, "color": "rgba(128, 128, 128,0.5)"}}, {"source": "C15", "target": "C4", "value": "1", "lineStyle": {"width": 0.059339, "color": "rgba(128, 128, 128,0.5)"}}, {"source": "C15", "target": "C3", "value": "1", "lineStyle": {"width": 0.057735, "color": "rgba(128, 128, 128,0.5)"}}, {"source": "C50", "target": "C53", "value": "1", "lineStyle": {"width": 0.179787, "color": "rgba(128, 128, 128,0.5)"}}, {"source": "C50", "target": "C5", "value": "1", "lineStyle": {"width": 0.177822, "color": "rgba(128, 128, 128,0.5)"}}, {"source": "C50", "target": "C3", "value": "1", "lineStyle": {"width": 0.174078, "color": "rgba(128, 128, 128,0.5)"}}, {"source": "C50", "target": "C52", "value": "1", "lineStyle": {"width": 0.150756, "color": "rgba(128, 128, 128,0.5)"}}, {"source": "C50", "target": "C4", "value": "1", "lineStyle": {"width": 0.143131, "color": "rgba(128, 128, 128,0.5)"}}, {"source": "C50", "target": "C12", "value": "1", "lineStyle": {"width": 0.13484, "color": "rgba(128, 128, 128,0.5)"}}, {"source": "C50", "target": "C1", "value": "1", "lineStyle": {"width": 0.13484, "color": "rgba(128, 128, 128,0.5)"}}, {"source": "C50", "target": "C2", "value": "1", "lineStyle": {"width": 0.123091, "color": "rgba(128, 128, 128,0.5)"}}, {"source": "C50", "target": "C29", "value": "1", "lineStyle": {"width": 0.113961, "color": "rgba(128, 128, 128,0.5)"}}, {"source": "C50", "target": "C9", "value": "1", "lineStyle": {"width": 0.1066, "color": "rgba(128, 128, 128,0.5)"}}, {"source": "C50", "target": "C20", "value": "1", "lineStyle": {"width": 0.1066, "color": "rgba(128, 128, 128,0.5)"}}, {"source": "C50", "target": "C6", "value": "1", "lineStyle": {"width": 0.096561, "color": "rgba(128, 128, 128,0.5)"}}, {"source": "C50", "target": "C39", "value": "1", "lineStyle": {"width": 0.095346, "color": "rgba(128, 128, 128,0.5)"}}, {"source": "C50", "target": "C19", "value": "1", "lineStyle": {"width": 0.087039, "color": "rgba(128, 128, 128,0.5)"}}, {"source": "C50", "target": "C10", "value": "1", "lineStyle": {"width": 0.07785, "color": "rgba(128, 128, 128,0.5)"}}, {"source": "C50", "target": "C31", "value": "1", "lineStyle": {"width": 0.069171, "color": "rgba(128, 128, 128,0.5)"}}, {"source": "C50", "target": "C21", "value": "1", "lineStyle": {"width": 0.058026, "color": "rgba(128, 128, 128,0.5)"}}, {"source": "C50", "target": "C13", "value": "1", "lineStyle": {"width": 0.048912, "color": "rgba(128, 128, 128,0.5)"}}, {"source": "C2", "target": "C27", "value": "1", "lineStyle": {"width": 0.235702, "color": "rgba(128, 128, 128,0.5)"}}, {"source": "C2", "target": "C3", "value": "1", "lineStyle": {"width": 0.188562, "color": "rgba(128, 128, 128,0.5)"}}, {"source": "C2", "target": "C29", "value": "1", "lineStyle": {"width": 0.154303, "color": "rgba(128, 128, 128,0.5)"}}, {"source": "C2", "target": "C23", "value": "1", "lineStyle": {"width": 0.146647, "color": "rgba(128, 128, 128,0.5)"}}, {"source": "C2", "target": "C9", "value": "1", "lineStyle": {"width": 0.144338, "color": "rgba(128, 128, 128,0.5)"}}, {"source": "C2", "target": "C32", "value": "1", "lineStyle": {"width": 0.105409, "color": "rgba(128, 128, 128,0.5)"}}, {"source": "C2", "target": "C10", "value": "1", "lineStyle": {"width": 0.105409, "color": "rgba(128, 128, 128,0.5)"}}, {"source": "C2", "target": "C4", "value": "1", "lineStyle": {"width": 0.0969, "color": "rgba(128, 128, 128,0.5)"}}, {"source": "C2", "target": "C31", "value": "1", "lineStyle": {"width": 0.093659, "color": "rgba(128, 128, 128,0.5)"}}, {"source": "C2", "target": "C1", "value": "1", "lineStyle": {"width": 0.091287, "color": "rgba(128, 128, 128,0.5)"}}, {"source": "C2", "target": "C21", "value": "1", "lineStyle": {"width": 0.078567, "color": "rgba(128, 128, 128,0.5)"}}, {"source": "C2", "target": "C13", "value": "1", "lineStyle": {"width": 0.066227, "color": "rgba(128, 128, 128,0.5)"}}, {"source": "C2", "target": "C6", "value": "1", "lineStyle": {"width": 0.065372, "color": "rgba(128, 128, 128,0.5)"}}, {"source": "C2", "target": "C53", "value": "1", "lineStyle": {"width": 0.060858, "color": "rgba(128, 128, 128,0.5)"}}, {"source": "C1", "target": "C31", "value": "1", "lineStyle": {"width": 0.307793, "color": "rgba(128, 128, 128,0.5)"}}, {"source": "C1", "target": "C13", "value": "1", "lineStyle": {"width": 0.253917, "color": "rgba(128, 128, 128,0.5)"}}, {"source": "C1", "target": "C18", "value": "1", "lineStyle": {"width": 0.238366, "color": "rgba(128, 128, 128,0.5)"}}, {"source": "C1", "target": "C5", "value": "1", "lineStyle": {"width": 0.197814, "color": "rgba(128, 128, 128,0.5)"}}, {"source": "C1", "target": "C3", "value": "1", "lineStyle": {"width": 0.180739, "color": "rgba(128, 128, 128,0.5)"}}, {"source": "C1", "target": "C10", "value": "1", "lineStyle": {"width": 0.173205, "color": "rgba(128, 128, 128,0.5)"}}, {"source": "C1", "target": "C29", "value": "1", "lineStyle": {"width": 0.169031, "color": "rgba(128, 128, 128,0.5)"}}, {"source": "C1", "target": "C53", "value": "1", "lineStyle": {"width": 0.166667, "color": "rgba(128, 128, 128,0.5)"}}, {"source": "C1", "target": "C30", "value": "1", "lineStyle": {"width": 0.149071, "color": "rgba(128, 128, 128,0.5)"}}, {"source": "C1", "target": "C6", "value": "1", "lineStyle": {"width": 0.143223, "color": "rgba(128, 128, 128,0.5)"}}, {"source": "C1", "target": "C24", "value": "1", "lineStyle": {"width": 0.13484, "color": "rgba(128, 128, 128,0.5)"}}, {"source": "C1", "target": "C4", "value": "1", "lineStyle": {"width": 0.132686, "color": "rgba(128, 128, 128,0.5)"}}, {"source": "C1", "target": "C12", "value": "1", "lineStyle": {"width": 0.1, "color": "rgba(128, 128, 128,0.5)"}}, {"source": "C1", "target": "C9", "value": "1", "lineStyle": {"width": 0.079057, "color": "rgba(128, 128, 128,0.5)"}}, {"source": "C1", "target": "C20", "value": "1", "lineStyle": {"width": 0.079057, "color": "rgba(128, 128, 128,0.5)"}}, {"source": "C1", "target": "C39", "value": "1", "lineStyle": {"width": 0.070711, "color": "rgba(128, 128, 128,0.5)"}}, {"source": "C1", "target": "C21", "value": "1", "lineStyle": {"width": 0.043033, "color": "rgba(128, 128, 128,0.5)"}}, {"source": "C53", "target": "C3", "value": "1", "lineStyle": {"width": 0.378692, "color": "rgba(128, 128, 128,0.5)"}}, {"source": "C53", "target": "C30", "value": "1", "lineStyle": {"width": 0.248452, "color": "rgba(128, 128, 128,0.5)"}}, {"source": "C53", "target": "C13", "value": "1", "lineStyle": {"width": 0.241825, "color": "rgba(128, 128, 128,0.5)"}}, {"source": "C53", "target": "C31", "value": "1", "lineStyle": {"width": 0.239395, "color": "rgba(128, 128, 128,0.5)"}}, {"source": "C53", "target": "C29", "value": "1", "lineStyle": {"width": 0.169031, "color": "rgba(128, 128, 128,0.5)"}}, {"source": "C53", "target": "C6", "value": "1", "lineStyle": {"width": 0.167093, "color": "rgba(128, 128, 128,0.5)"}}, {"source": "C53", "target": "C54", "value": "1", "lineStyle": {"width": 0.149071, "color": "rgba(128, 128, 128,0.5)"}}, {"source": "C53", "target": "C28", "value": "1", "lineStyle": {"width": 0.149071, "color": "rgba(128, 128, 128,0.5)"}}, {"source": "C53", "target": "C52", "value": "1", "lineStyle": {"width": 0.149071, "color": "rgba(128, 128, 128,0.5)"}}, {"source": "C53", "target": "C12", "value": "1", "lineStyle": {"width": 0.133333, "color": "rgba(128, 128, 128,0.5)"}}, {"source": "C53", "target": "C18", "value": "1", "lineStyle": {"width": 0.127128, "color": "rgba(128, 128, 128,0.5)"}}, {"source": "C53", "target": "C32", "value": "1", "lineStyle": {"width": 0.11547, "color": "rgba(128, 128, 128,0.5)"}}, {"source": "C53", "target": "C5", "value": "1", "lineStyle": {"width": 0.109897, "color": "rgba(128, 128, 128,0.5)"}}, {"source": "C53", "target": "C4", "value": "1", "lineStyle": {"width": 0.106149, "color": "rgba(128, 128, 128,0.5)"}}, {"source": "C53", "target": "C9", "value": "1", "lineStyle": {"width": 0.105409, "color": "rgba(128, 128, 128,0.5)"}}, {"source": "C53", "target": "C22", "value": "1", "lineStyle": {"width": 0.086066, "color": "rgba(128, 128, 128,0.5)"}}, {"source": "C53", "target": "C21", "value": "1", "lineStyle": {"width": 0.086066, "color": "rgba(128, 128, 128,0.5)"}}, {"source": "C53", "target": "C20", "value": "1", "lineStyle": {"width": 0.052705, "color": "rgba(128, 128, 128,0.5)"}}, {"source": "C53", "target": "C39", "value": "1", "lineStyle": {"width": 0.04714, "color": "rgba(128, 128, 128,0.5)"}}, {"source": "C53", "target": "C19", "value": "1", "lineStyle": {"width": 0.043033, "color": "rgba(128, 128, 128,0.5)"}}, {"source": "C53", "target": "C10", "value": "1", "lineStyle": {"width": 0.03849, "color": "rgba(128, 128, 128,0.5)"}}, {"source": "C53", "target": "C23", "value": "1", "lineStyle": {"width": 0.026774, "color": "rgba(128, 128, 128,0.5)"}}, {"source": "C3", "target": "C4", "value": "1", "lineStyle": {"width": 0.301483, "color": "rgba(128, 128, 128,0.5)"}}, {"source": "C3", "target": "C13", "value": "1", "lineStyle": {"width": 0.280976, "color": "rgba(128, 128, 128,0.5)"}}, {"source": "C3", "target": "C19", "value": "1", "lineStyle": {"width": 0.233333, "color": "rgba(128, 128, 128,0.5)"}}, {"source": "C3", "target": "C9", "value": "1", "lineStyle": {"width": 0.163299, "color": "rgba(128, 128, 128,0.5)"}}, {"source": "C3", "target": "C32", "value": "1", "lineStyle": {"width": 0.149071, "color": "rgba(128, 128, 128,0.5)"}}, {"source": "C3", "target": "C5", "value": "1", "lineStyle": {"width": 0.136201, "color": "rgba(128, 128, 128,0.5)"}}, {"source": "C3", "target": "C27", "value": "1", "lineStyle": {"width": 0.133333, "color": "rgba(128, 128, 128,0.5)"}}, {"source": "C3", "target": "C6", "value": "1", "lineStyle": {"width": 0.12943, "color": "rgba(128, 128, 128,0.5)"}}, {"source": "C3", "target": "C23", "value": "1", "lineStyle": {"width": 0.124434, "color": "rgba(128, 128, 128,0.5)"}}, {"source": "C3", "target": "C10", "value": "1", "lineStyle": {"width": 0.119257, "color": "rgba(128, 128, 128,0.5)"}}, {"source": "C3", "target": "C52", "value": "1", "lineStyle": {"width": 0.11547, "color": "rgba(128, 128, 128,0.5)"}}, {"source": "C3", "target": "C54", "value": "1", "lineStyle": {"width": 0.11547, "color": "rgba(128, 128, 128,0.5)"}}, {"source": "C3", "target": "C29", "value": "1", "lineStyle": {"width": 0.087287, "color": "rgba(128, 128, 128,0.5)"}}, {"source": "C3", "target": "C31", "value": "1", "lineStyle": {"width": 0.079472, "color": "rgba(128, 128, 128,0.5)"}}, {"source": "C3", "target": "C24", "value": "1", "lineStyle": {"width": 0.069631, "color": "rgba(128, 128, 128,0.5)"}}, {"source": "C3", "target": "C28", "value": "1", "lineStyle": {"width": 0.057735, "color": "rgba(128, 128, 128,0.5)"}}, {"source": "C3", "target": "C21", "value": "1", "lineStyle": {"width": 0.044444, "color": "rgba(128, 128, 128,0.5)"}}, {"source": "C3", "target": "C8", "value": "1", "lineStyle": {"width": 0.043644, "color": "rgba(128, 128, 128,0.5)"}}, {"source": "C3", "target": "C30", "value": "1", "lineStyle": {"width": 0.03849, "color": "rgba(128, 128, 128,0.5)"}}, {"source": "C3", "target": "C39", "value": "1", "lineStyle": {"width": 0.036515, "color": "rgba(128, 128, 128,0.5)"}}, {"source": "C29", "target": "C54", "value": "1", "lineStyle": {"width": 0.377964, "color": "rgba(128, 128, 128,0.5)"}}, {"source": "C29", "target": "C13", "value": "1", "lineStyle": {"width": 0.245256, "color": "rgba(128, 128, 128,0.5)"}}, {"source": "C29", "target": "C18", "value": "1", "lineStyle": {"width": 0.241747, "color": "rgba(128, 128, 128,0.5)"}}, {"source": "C29", "target": "C30", "value": "1", "lineStyle": {"width": 0.125988, "color": "rgba(128, 128, 128,0.5)"}}, {"source": "C29", "target": "C6", "value": "1", "lineStyle": {"width": 0.121046, "color": "rgba(128, 128, 128,0.5)"}}, {"source": "C29", "target": "C32", "value": "1", "lineStyle": {"width": 0.09759, "color": "rgba(128, 128, 128,0.5)"}}, {"source": "C29", "target": "C10", "value": "1", "lineStyle": {"width": 0.09759, "color": "rgba(128, 128, 128,0.5)"}}, {"source": "C29", "target": "C31", "value": "1", "lineStyle": {"width": 0.086711, "color": "rgba(128, 128, 128,0.5)"}}, {"source": "C29", "target": "C5", "value": "1", "lineStyle": {"width": 0.055728, "color": "rgba(128, 128, 128,0.5)"}}, {"source": "C29", "target": "C4", "value": "1", "lineStyle": {"width": 0.044856, "color": "rgba(128, 128, 128,0.5)"}}, {"source": "C54", "target": "C32", "value": "1", "lineStyle": {"width": 0.258199, "color": "rgba(128, 128, 128,0.5)"}}, {"source": "C54", "target": "C6", "value": "1", "lineStyle": {"width": 0.160128, "color": "rgba(128, 128, 128,0.5)"}}, {"source": "C20", "target": "C22", "value": "1", "lineStyle": {"width": 0.204124, "color": "rgba(128, 128, 128,0.5)"}}, {"source": "C20", "target": "C10", "value": "1", "lineStyle": {"width": 0.182574, "color": "rgba(128, 128, 128,0.5)"}}, {"source": "C20", "target": "C6", "value": "1", "lineStyle": {"width": 0.113228, "color": "rgba(128, 128, 128,0.5)"}}, {"source": "C20", "target": "C39", "value": "1", "lineStyle": {"width": 0.111803, "color": "rgba(128, 128, 128,0.5)"}}, {"source": "C20", "target": "C5", "value": "1", "lineStyle": {"width": 0.104257, "color": "rgba(128, 128, 128,0.5)"}}, {"source": "C20", "target": "C19", "value": "1", "lineStyle": {"width": 0.102062, "color": "rgba(128, 128, 128,0.5)"}}, {"source": "C20", "target": "C32", "value": "1", "lineStyle": {"width": 0.091287, "color": "rgba(128, 128, 128,0.5)"}}, {"source": "C20", "target": "C4", "value": "1", "lineStyle": {"width": 0.083918, "color": "rgba(128, 128, 128,0.5)"}}, {"source": "C20", "target": "C18", "value": "1", "lineStyle": {"width": 0.075378, "color": "rgba(128, 128, 128,0.5)"}}, {"source": "C20", "target": "C9", "value": "1", "lineStyle": {"width": 0.0625, "color": "rgba(128, 128, 128,0.5)"}}, {"source": "C20", "target": "C13", "value": "1", "lineStyle": {"width": 0.057354, "color": "rgba(128, 128, 128,0.5)"}}, {"source": "C30", "target": "C18", "value": "1", "lineStyle": {"width": 0.213201, "color": "rgba(128, 128, 128,0.5)"}}, {"source": "C30", "target": "C31", "value": "1", "lineStyle": {"width": 0.076472, "color": "rgba(128, 128, 128,0.5)"}}, {"source": "C30", "target": "C23", "value": "1", "lineStyle": {"width": 0.059868, "color": "rgba(128, 128, 128,0.5)"}}, {"source": "C30", "target": "C9", "value": "1", "lineStyle": {"width": 0.058926, "color": "rgba(128, 128, 128,0.5)"}}, {"source": "C30", "target": "C13", "value": "1", "lineStyle": {"width": 0.054074, "color": "rgba(128, 128, 128,0.5)"}}, {"source": "C30", "target": "C6", "value": "1", "lineStyle": {"width": 0.053376, "color": "rgba(128, 128, 128,0.5)"}}, {"source": "C30", "target": "C5", "value": "1", "lineStyle": {"width": 0.049147, "color": "rgba(128, 128, 128,0.5)"}}, {"source": "C32", "target": "C9", "value": "1", "lineStyle": {"width": 0.228218, "color": "rgba(128, 128, 128,0.5)"}}, {"source": "C32", "target": "C8", "value": "1", "lineStyle": {"width": 0.19518, "color": "rgba(128, 128, 128,0.5)"}}, {"source": "C32", "target": "C6", "value": "1", "lineStyle": {"width": 0.16538, "color": "rgba(128, 128, 128,0.5)"}}, {"source": "C32", "target": "C27", "value": "1", "lineStyle": {"width": 0.149071, "color": "rgba(128, 128, 128,0.5)"}}, {"source": "C32", "target": "C22", "value": "1", "lineStyle": {"width": 0.149071, "color": "rgba(128, 128, 128,0.5)"}}, {"source": "C32", "target": "C7", "value": "1", "lineStyle": {"width": 0.129099, "color": "rgba(128, 128, 128,0.5)"}}, {"source": "C32", "target": "C5", "value": "1", "lineStyle": {"width": 0.114208, "color": "rgba(128, 128, 128,0.5)"}}, {"source": "C32", "target": "C13", "value": "1", "lineStyle": {"width": 0.083771, "color": "rgba(128, 128, 128,0.5)"}}, {"source": "C32", "target": "C39", "value": "1", "lineStyle": {"width": 0.08165, "color": "rgba(128, 128, 128,0.5)"}}, {"source": "C32", "target": "C19", "value": "1", "lineStyle": {"width": 0.074536, "color": "rgba(128, 128, 128,0.5)"}}, {"source": "C32", "target": "C31", "value": "1", "lineStyle": {"width": 0.059235, "color": "rgba(128, 128, 128,0.5)"}}, {"source": "C32", "target": "C18", "value": "1", "lineStyle": {"width": 0.055048, "color": "rgba(128, 128, 128,0.5)"}}, {"source": "C32", "target": "C21", "value": "1", "lineStyle": {"width": 0.04969, "color": "rgba(128, 128, 128,0.5)"}}, {"source": "C32", "target": "C4", "value": "1", "lineStyle": {"width": 0.030643, "color": "rgba(128, 128, 128,0.5)"}}, {"source": "C39", "target": "C5", "value": "1", "lineStyle": {"width": 0.326377, "color": "rgba(128, 128, 128,0.5)"}}, {"source": "C39", "target": "C18", "value": "1", "lineStyle": {"width": 0.13484, "color": "rgba(128, 128, 128,0.5)"}}, {"source": "C39", "target": "C21", "value": "1", "lineStyle": {"width": 0.121716, "color": "rgba(128, 128, 128,0.5)"}}, {"source": "C39", "target": "C8", "value": "1", "lineStyle": {"width": 0.119523, "color": "rgba(128, 128, 128,0.5)"}}, {"source": "C39", "target": "C4", "value": "1", "lineStyle": {"width": 0.112588, "color": "rgba(128, 128, 128,0.5)"}}, {"source": "C39", "target": "C6", "value": "1", "lineStyle": {"width": 0.050637, "color": "rgba(128, 128, 128,0.5)"}}, {"source": "C5", "target": "C10", "value": "1", "lineStyle": {"width": 0.304555, "color": "rgba(128, 128, 128,0.5)"}}, {"source": "C5", "target": "C4", "value": "1", "lineStyle": {"width": 0.297468, "color": "rgba(128, 128, 128,0.5)"}}, {"source": "C5", "target": "C8", "value": "1", "lineStyle": {"width": 0.222911, "color": "rgba(128, 128, 128,0.5)"}}, {"source": "C5", "target": "C31", "value": "1", "lineStyle": {"width": 0.202953, "color": "rgba(128, 128, 128,0.5)"}}, {"source": "C5", "target": "C21", "value": "1", "lineStyle": {"width": 0.198627, "color": "rgba(128, 128, 128,0.5)"}}, {"source": "C5", "target": "C12", "value": "1", "lineStyle": {"width": 0.197814, "color": "rgba(128, 128, 128,0.5)"}}, {"source": "C5", "target": "C13", "value": "1", "lineStyle": {"width": 0.191346, "color": "rgba(128, 128, 128,0.5)"}}, {"source": "C5", "target": "C9", "value": "1", "lineStyle": {"width": 0.18245, "color": "rgba(128, 128, 128,0.5)"}}, {"source": "C5", "target": "C6", "value": "1", "lineStyle": {"width": 0.141658, "color": "rgba(128, 128, 128,0.5)"}}, {"source": "C5", "target": "C19", "value": "1", "lineStyle": {"width": 0.127688, "color": "rgba(128, 128, 128,0.5)"}}, {"source": "C5", "target": "C24", "value": "1", "lineStyle": {"width": 0.088911, "color": "rgba(128, 128, 128,0.5)"}}, {"source": "C5", "target": "C22", "value": "1", "lineStyle": {"width": 0.085126, "color": "rgba(128, 128, 128,0.5)"}}, {"source": "C5", "target": "C27", "value": "1", "lineStyle": {"width": 0.085126, "color": "rgba(128, 128, 128,0.5)"}}, {"source": "C5", "target": "C28", "value": "1", "lineStyle": {"width": 0.073721, "color": "rgba(128, 128, 128,0.5)"}}, {"source": "C5", "target": "C18", "value": "1", "lineStyle": {"width": 0.031435, "color": "rgba(128, 128, 128,0.5)"}}, {"source": "C23", "target": "C4", "value": "1", "lineStyle": {"width": 0.319728, "color": "rgba(128, 128, 128,0.5)"}}, {"source": "C23", "target": "C9", "value": "1", "lineStyle": {"width": 0.28575, "color": "rgba(128, 128, 128,0.5)"}}, {"source": "C23", "target": "C21", "value": "1", "lineStyle": {"width": 0.27652, "color": "rgba(128, 128, 128,0.5)"}}, {"source": "C23", "target": "C7", "value": "1", "lineStyle": {"width": 0.179605, "color": "rgba(128, 128, 128,0.5)"}}, {"source": "C23", "target": "C49", "value": "1", "lineStyle": {"width": 0.179605, "color": "rgba(128, 128, 128,0.5)"}}, {"source": "C23", "target": "C6", "value": "1", "lineStyle": {"width": 0.172559, "color": "rgba(128, 128, 128,0.5)"}}, {"source": "C23", "target": "C10", "value": "1", "lineStyle": {"width": 0.139122, "color": "rgba(128, 128, 128,0.5)"}}, {"source": "C23", "target": "C28", "value": "1", "lineStyle": {"width": 0.089803, "color": "rgba(128, 128, 128,0.5)"}}, {"source": "C23", "target": "C13", "value": "1", "lineStyle": {"width": 0.087407, "color": "rgba(128, 128, 128,0.5)"}}, {"source": "C23", "target": "C12", "value": "1", "lineStyle": {"width": 0.080322, "color": "rgba(128, 128, 128,0.5)"}}, {"source": "C23", "target": "C8", "value": "1", "lineStyle": {"width": 0.067884, "color": "rgba(128, 128, 128,0.5)"}}, {"source": "C23", "target": "C19", "value": "1", "lineStyle": {"width": 0.051848, "color": "rgba(128, 128, 128,0.5)"}}, {"source": "C4", "target": "C6", "value": "1", "lineStyle": {"width": 0.304059, "color": "rgba(128, 128, 128,0.5)"}}, {"source": "C4", "target": "C21", "value": "1", "lineStyle": {"width": 0.296915, "color": "rgba(128, 128, 128,0.5)"}}, {"source": "C4", "target": "C9", "value": "1", "lineStyle": {"width": 0.272734, "color": "rgba(128, 128, 128,0.5)"}}, {"source": "C4", "target": "C24", "value": "1", "lineStyle": {"width": 0.214697, "color": "rgba(128, 128, 128,0.5)"}}, {"source": "C4", "target": "C13", "value": "1", "lineStyle": {"width": 0.192521, "color": "rgba(128, 128, 128,0.5)"}}, {"source": "C4", "target": "C10", "value": "1", "lineStyle": {"width": 0.183855, "color": "rgba(128, 128, 128,0.5)"}}, {"source": "C4", "target": "C31", "value": "1", "lineStyle": {"width": 0.136133, "color": "rgba(128, 128, 128,0.5)"}}, {"source": "C4", "target": "C8", "value": "1", "lineStyle": {"width": 0.134568, "color": "rgba(128, 128, 128,0.5)"}}, {"source": "C4", "target": "C49", "value": "1", "lineStyle": {"width": 0.118678, "color": "rgba(128, 128, 128,0.5)"}}, {"source": "C4", "target": "C7", "value": "1", "lineStyle": {"width": 0.118678, "color": "rgba(128, 128, 128,0.5)"}}, {"source": "C4", "target": "C12", "value": "1", "lineStyle": {"width": 0.106149, "color": "rgba(128, 128, 128,0.5)"}}, {"source": "C4", "target": "C18", "value": "1", "lineStyle": {"width": 0.075907, "color": "rgba(128, 128, 128,0.5)"}}, {"source": "C4", "target": "C19", "value": "1", "lineStyle": {"width": 0.068519, "color": "rgba(128, 128, 128,0.5)"}}, {"source": "C4", "target": "C22", "value": "1", "lineStyle": {"width": 0.068519, "color": "rgba(128, 128, 128,0.5)"}}, {"source": "C4", "target": "C27", "value": "1", "lineStyle": {"width": 0.068519, "color": "rgba(128, 128, 128,0.5)"}}, {"source": "C4", "target": "C52", "value": "1", "lineStyle": {"width": 0.059339, "color": "rgba(128, 128, 128,0.5)"}}, {"source": "C4", "target": "C28", "value": "1", "lineStyle": {"width": 0.059339, "color": "rgba(128, 128, 128,0.5)"}}, {"source": "C12", "target": "C22", "value": "1", "lineStyle": {"width": 0.258199, "color": "rgba(128, 128, 128,0.5)"}}, {"source": "C12", "target": "C7", "value": "1", "lineStyle": {"width": 0.223607, "color": "rgba(128, 128, 128,0.5)"}}, {"source": "C12", "target": "C6", "value": "1", "lineStyle": {"width": 0.143223, "color": "rgba(128, 128, 128,0.5)"}}, {"source": "C12", "target": "C31", "value": "1", "lineStyle": {"width": 0.102598, "color": "rgba(128, 128, 128,0.5)"}}, {"source": "C12", "target": "C9", "value": "1", "lineStyle": {"width": 0.079057, "color": "rgba(128, 128, 128,0.5)"}}, {"source": "C18", "target": "C31", "value": "1", "lineStyle": {"width": 0.244558, "color": "rgba(128, 128, 128,0.5)"}}, {"source": "C18", "target": "C13", "value": "1", "lineStyle": {"width": 0.172929, "color": "rgba(128, 128, 128,0.5)"}}, {"source": "C18", "target": "C52", "value": "1", "lineStyle": {"width": 0.1066, "color": "rgba(128, 128, 128,0.5)"}}, {"source": "C18", "target": "C9", "value": "1", "lineStyle": {"width": 0.075378, "color": "rgba(128, 128, 128,0.5)"}}, {"source": "C18", "target": "C6", "value": "1", "lineStyle": {"width": 0.068279, "color": "rgba(128, 128, 128,0.5)"}}, {"source": "C31", "target": "C10", "value": "1", "lineStyle": {"width": 0.23694, "color": "rgba(128, 128, 128,0.5)"}}, {"source": "C31", "target": "C22", "value": "1", "lineStyle": {"width": 0.132453, "color": "rgba(128, 128, 128,0.5)"}}, {"source": "C31", "target": "C13", "value": "1", "lineStyle": {"width": 0.111648, "color": "rgba(128, 128, 128,0.5)"}}, {"source": "C31", "target": "C6", "value": "1", "lineStyle": {"width": 0.110208, "color": "rgba(128, 128, 128,0.5)"}}, {"source": "C31", "target": "C9", "value": "1", "lineStyle": {"width": 0.081111, "color": "rgba(128, 128, 128,0.5)"}}, {"source": "C31", "target": "C24", "value": "1", "lineStyle": {"width": 0.069171, "color": "rgba(128, 128, 128,0.5)"}}, {"source": "C31", "target": "C21", "value": "1", "lineStyle": {"width": 0.044151, "color": "rgba(128, 128, 128,0.5)"}}, {"source": "C10", "target": "C27", "value": "1", "lineStyle": {"width": 0.149071, "color": "rgba(128, 128, 128,0.5)"}}, {"source": "C10", "target": "C9", "value": "1", "lineStyle": {"width": 0.136931, "color": "rgba(128, 128, 128,0.5)"}}, {"source": "C10", "target": "C28", "value": "1", "lineStyle": {"width": 0.129099, "color": "rgba(128, 128, 128,0.5)"}}, {"source": "C10", "target": "C6", "value": "1", "lineStyle": {"width": 0.08269, "color": "rgba(128, 128, 128,0.5)"}}, {"source": "C10", "target": "C13", "value": "1", "lineStyle": {"width": 0.041885, "color": "rgba(128, 128, 128,0.5)"}}, {"source": "C6", "target": "C9", "value": "1", "lineStyle": {"width": 0.226455, "color": "rgba(128, 128, 128,0.5)"}}, {"source": "C6", "target": "C22", "value": "1", "lineStyle": {"width": 0.1849, "color": "rgba(128, 128, 128,0.5)"}}, {"source": "C6", "target": "C21", "value": "1", "lineStyle": {"width": 0.123267, "color": "rgba(128, 128, 128,0.5)"}}, {"source": "C6", "target": "C24", "value": "1", "lineStyle": {"width": 0.096561, "color": "rgba(128, 128, 128,0.5)"}}, {"source": "C6", "target": "C19", "value": "1", "lineStyle": {"width": 0.09245, "color": "rgba(128, 128, 128,0.5)"}}, {"source": "C6", "target": "C28", "value": "1", "lineStyle": {"width": 0.080064, "color": "rgba(128, 128, 128,0.5)"}}, {"source": "C6", "target": "C7", "value": "1", "lineStyle": {"width": 0.080064, "color": "rgba(128, 128, 128,0.5)"}}, {"source": "C6", "target": "C13", "value": "1", "lineStyle": {"width": 0.025976, "color": "rgba(128, 128, 128,0.5)"}}, {"source": "C21", "target": "C9", "value": "1", "lineStyle": {"width": 0.136083, "color": "rgba(128, 128, 128,0.5)"}}, {"source": "C21", "target": "C24", "value": "1", "lineStyle": {"width": 0.116052, "color": "rgba(128, 128, 128,0.5)"}}, {"source": "C21", "target": "C7", "value": "1", "lineStyle": {"width": 0.096225, "color": "rgba(128, 128, 128,0.5)"}}, {"source": "C21", "target": "C8", "value": "1", "lineStyle": {"width": 0.072739, "color": "rgba(128, 128, 128,0.5)"}}, {"source": "C21", "target": "C19", "value": "1", "lineStyle": {"width": 0.055556, "color": "rgba(128, 128, 128,0.5)"}}, {"source": "C24", "target": "C13", "value": "1", "lineStyle": {"width": 0.29347, "color": "rgba(128, 128, 128,0.5)"}}, {"source": "C24", "target": "C19", "value": "1", "lineStyle": {"width": 0.174078, "color": "rgba(128, 128, 128,0.5)"}}, {"source": "C24", "target": "C9", "value": "1", "lineStyle": {"width": 0.1066, "color": "rgba(128, 128, 128,0.5)"}}, {"source": "C13", "target": "C27", "value": "1", "lineStyle": {"width": 0.187317, "color": "rgba(128, 128, 128,0.5)"}}, {"source": "C13", "target": "C8", "value": "1", "lineStyle": {"width": 0.122628, "color": "rgba(128, 128, 128,0.5)"}}, {"source": "C13", "target": "C28", "value": "1", "lineStyle": {"width": 0.081111, "color": "rgba(128, 128, 128,0.5)"}}, {"source": "C13", "target": "C9", "value": "1", "lineStyle": {"width": 0.057354, "color": "rgba(128, 128, 128,0.5)"}}, {"source": "C13", "target": "C19", "value": "1", "lineStyle": {"width": 0.046829, "color": "rgba(128, 128, 128,0.5)"}}, {"source": "C7", "target": "C8", "value": "1", "lineStyle": {"width": 0.188982, "color": "rgba(128, 128, 128,0.5)"}}, {"source": "C28", "target": "C27", "value": "1", "lineStyle": {"width": 0.288675, "color": "rgba(128, 128, 128,0.5)"}}, {"source": "C28", "target": "C9", "value": "1", "lineStyle": {"width": 0.088388, "color": "rgba(128, 128, 128,0.5)"}}, {"source": "C27", "target": "C9", "value": "1", "lineStyle": {"width": 0.102062, "color": "rgba(128, 128, 128,0.5)"}}, {"source": "C9", "target": "C19", "value": "1", "lineStyle": {"width": 0.204124, "color": "rgba(128, 128, 128,0.5)"}}, {"source": "C9", "target": "C49", "value": "1", "lineStyle": {"width": 0.176777, "color": "rgba(128, 128, 128,0.5)"}}, {"source": "C9", "target": "C8", "value": "1", "lineStyle": {"width": 0.133631, "color": "rgba(128, 128, 128,0.5)"}}, {"source": "C9", "target": "C22", "value": "1", "lineStyle": {"width": 0.102062, "color": "rgba(128, 128, 128,0.5)"}}, {"source": "C19", "target": "C52", "value": "1", "lineStyle": {"width": 0.144338, "color": "rgba(128, 128, 128,0.5)"}}, {"source": "C19", "target": "C8", "value": "1", "lineStyle": {"width": 0.109109, "color": "rgba(128, 128, 128,0.5)"}}]