[{"source": "C33", "target": "C41", "value": 1.0, "lineStyle": {"width": 1, "color": "rgb(0, 0, 0)"}}, {"source": "C33", "target": "C38", "value": 1.0, "lineStyle": {"width": 1, "color": "rgb(0, 0, 0)"}}, {"source": "C33", "target": "C35", "value": 1.0, "lineStyle": {"width": 1, "color": "rgb(0, 0, 0)"}}, {"source": "C33", "target": "C34", "value": 0.71, "lineStyle": {"width": 1, "color": "rgb(0, 0, 0)"}}, {"source": "C33", "target": "C40", "value": 0.71, "lineStyle": {"width": 1, "color": "rgb(0, 0, 0)"}}, {"source": "C33", "target": "C37", "value": 0.71, "lineStyle": {"width": 1, "color": "rgb(0, 0, 0)"}}, {"source": "C33", "target": "C36", "value": 0.71, "lineStyle": {"width": 1, "color": "rgb(0, 0, 0)"}}, {"source": "C33", "target": "C42", "value": 0.58, "lineStyle": {"width": 1, "color": "rgb(0, 0, 0)"}}, {"source": "C33", "target": "C56", "value": 0.45, "lineStyle": {"width": 1, "color": "rgb(0, 0, 0)"}}, {"source": "C33", "target": "C20", "value": 0.35, "lineStyle": {"width": 1, "color": "rgb(0, 0, 0)"}}, {"source": "C41", "target": "C38", "value": 1.0, "lineStyle": {"width": 1, "color": "rgb(0, 0, 0)"}}, {"source": "C41", "target": "C35", "value": 1.0, "lineStyle": {"width": 1, "color": "rgb(0, 0, 0)"}}, {"source": "C41", "target": "C40", "value": 0.71, "lineStyle": {"width": 1, "color": "rgb(0, 0, 0)"}}, {"source": "C41", "target": "C34", "value": 0.71, "lineStyle": {"width": 1, "color": "rgb(0, 0, 0)"}}, {"source": "C41", "target": "C37", "value": 0.71, "lineStyle": {"width": 1, "color": "rgb(0, 0, 0)"}}, {"source": "C41", "target": "C36", "value": 0.71, "lineStyle": {"width": 1, "color": "rgb(0, 0, 0)"}}, {"source": "C41", "target": "C42", "value": 0.58, "lineStyle": {"width": 1, "color": "rgb(0, 0, 0)"}}, {"source": "C41", "target": "C56", "value": 0.45, "lineStyle": {"width": 1, "color": "rgb(0, 0, 0)"}}, {"source": "C41", "target": "C20", "value": 0.35, "lineStyle": {"width": 1, "color": "rgb(0, 0, 0)"}}, {"source": "C38", "target": "C35", "value": 1.0, "lineStyle": {"width": 1, "color": "rgb(0, 0, 0)"}}, {"source": "C38", "target": "C40", "value": 0.71, "lineStyle": {"width": 1, "color": "rgb(0, 0, 0)"}}, {"source": "C38", "target": "C34", "value": 0.71, "lineStyle": {"width": 1, "color": "rgb(0, 0, 0)"}}, {"source": "C38", "target": "C36", "value": 0.71, "lineStyle": {"width": 1, "color": "rgb(0, 0, 0)"}}, {"source": "C38", "target": "C37", "value": 0.71, "lineStyle": {"width": 1, "color": "rgb(0, 0, 0)"}}, {"source": "C38", "target": "C42", "value": 0.58, "lineStyle": {"width": 1, "color": "rgb(0, 0, 0)"}}, {"source": "C38", "target": "C56", "value": 0.45, "lineStyle": {"width": 1, "color": "rgb(0, 0, 0)"}}, {"source": "C38", "target": "C20", "value": 0.35, "lineStyle": {"width": 1, "color": "rgb(0, 0, 0)"}}, {"source": "C35", "target": "C40", "value": 0.71, "lineStyle": {"width": 1, "color": "rgb(0, 0, 0)"}}, {"source": "C35", "target": "C34", "value": 0.71, "lineStyle": {"width": 1, "color": "rgb(0, 0, 0)"}}, {"source": "C35", "target": "C36", "value": 0.71, "lineStyle": {"width": 1, "color": "rgb(0, 0, 0)"}}, {"source": "C35", "target": "C37", "value": 0.71, "lineStyle": {"width": 1, "color": "rgb(0, 0, 0)"}}, {"source": "C35", "target": "C42", "value": 0.58, "lineStyle": {"width": 1, "color": "rgb(0, 0, 0)"}}, {"source": "C35", "target": "C56", "value": 0.45, "lineStyle": {"width": 1, "color": "rgb(0, 0, 0)"}}, {"source": "C35", "target": "C20", "value": 0.35, "lineStyle": {"width": 1, "color": "rgb(0, 0, 0)"}}, {"source": "C40", "target": "C36", "value": 1.0, "lineStyle": {"width": 1, "color": "rgb(0, 0, 0)"}}, {"source": "C40", "target": "C37", "value": 1.0, "lineStyle": {"width": 1, "color": "rgb(0, 0, 0)"}}, {"source": "C40", "target": "C34", "value": 0.5, "lineStyle": {"width": 1, "color": "rgb(0, 0, 0)"}}, {"source": "C40", "target": "C42", "value": 0.41, "lineStyle": {"width": 1, "color": "rgb(0, 0, 0)"}}, {"source": "C36", "target": "C37", "value": 1.0, "lineStyle": {"width": 1, "color": "rgb(0, 0, 0)"}}, {"source": "C36", "target": "C34", "value": 0.5, "lineStyle": {"width": 1, "color": "rgb(0, 0, 0)"}}, {"source": "C36", "target": "C42", "value": 0.41, "lineStyle": {"width": 1, "color": "rgb(0, 0, 0)"}}, {"source": "C37", "target": "C34", "value": 0.5, "lineStyle": {"width": 1, "color": "rgb(0, 0, 0)"}}, {"source": "C37", "target": "C42", "value": 0.41, "lineStyle": {"width": 1, "color": "rgb(0, 0, 0)"}}, {"source": "C44", "target": "C46", "value": 1.0, "lineStyle": {"width": 1, "color": "rgb(0, 0, 0)"}}, {"source": "C44", "target": "C47", "value": 0.71, "lineStyle": {"width": 1, "color": "rgb(0, 0, 0)"}}, {"source": "C44", "target": "C43", "value": 0.71, "lineStyle": {"width": 1, "color": "rgb(0, 0, 0)"}}, {"source": "C44", "target": "C48", "value": 0.71, "lineStyle": {"width": 1, "color": "rgb(0, 0, 0)"}}, {"source": "C44", "target": "C45", "value": 0.58, "lineStyle": {"width": 1, "color": "rgb(0, 0, 0)"}}, {"source": "C46", "target": "C47", "value": 0.71, "lineStyle": {"width": 1, "color": "rgb(0, 0, 0)"}}, {"source": "C46", "target": "C48", "value": 0.71, "lineStyle": {"width": 1, "color": "rgb(0, 0, 0)"}}, {"source": "C46", "target": "C43", "value": 0.71, "lineStyle": {"width": 1, "color": "rgb(0, 0, 0)"}}, {"source": "C46", "target": "C45", "value": 0.58, "lineStyle": {"width": 1, "color": "rgb(0, 0, 0)"}}, {"source": "C34", "target": "C42", "value": 0.41, "lineStyle": {"width": 1, "color": "rgb(0, 0, 0)"}}, {"source": "C47", "target": "C60", "value": 0.71, "lineStyle": {"width": 1, "color": "rgb(0, 0, 0)"}}, {"source": "C47", "target": "C48", "value": 0.5, "lineStyle": {"width": 1, "color": "rgb(0, 0, 0)"}}, {"source": "C47", "target": "C43", "value": 0.5, "lineStyle": {"width": 1, "color": "rgb(0, 0, 0)"}}, {"source": "C47", "target": "C45", "value": 0.41, "lineStyle": {"width": 1, "color": "rgb(0, 0, 0)"}}, {"source": "C58", "target": "C55", "value": 0.71, "lineStyle": {"width": 1, "color": "rgb(0, 0, 0)"}}, {"source": "C58", "target": "C14", "value": 0.58, "lineStyle": {"width": 1, "color": "rgb(0, 0, 0)"}}, {"source": "C58", "target": "C25", "value": 0.58, "lineStyle": {"width": 1, "color": "rgb(0, 0, 0)"}}, {"source": "C58", "target": "C2", "value": 0.41, "lineStyle": {"width": 1, "color": "rgb(0, 0, 0)"}}, {"source": "C58", "target": "C29", "value": 0.38, "lineStyle": {"width": 1, "color": "rgb(0, 0, 0)"}}, {"source": "C55", "target": "C50", "value": 0.43, "lineStyle": {"width": 1, "color": "rgb(0, 0, 0)"}}, {"source": "C55", "target": "C25", "value": 0.41, "lineStyle": {"width": 1, "color": "rgb(0, 0, 0)"}}, {"source": "C55", "target": "C14", "value": 0.41, "lineStyle": {"width": 1, "color": "rgb(0, 0, 0)"}}, {"source": "C48", "target": "C57", "value": 0.71, "lineStyle": {"width": 1, "color": "rgb(0, 0, 0)"}}, {"source": "C48", "target": "C43", "value": 0.5, "lineStyle": {"width": 1, "color": "rgb(0, 0, 0)"}}, {"source": "C48", "target": "C45", "value": 0.41, "lineStyle": {"width": 1, "color": "rgb(0, 0, 0)"}}, {"source": "C43", "target": "C42", "value": 0.41, "lineStyle": {"width": 1, "color": "rgb(0, 0, 0)"}}, {"source": "C43", "target": "C45", "value": 0.41, "lineStyle": {"width": 1, "color": "rgb(0, 0, 0)"}}, {"source": "C57", "target": "C30", "value": 0.33, "lineStyle": {"width": 1, "color": "rgb(0, 0, 0)"}}, {"source": "C51", "target": "C26", "value": 0.71, "lineStyle": {"width": 1, "color": "rgb(0, 0, 0)"}}, {"source": "C42", "target": "C17", "value": 0.35, "lineStyle": {"width": 1, "color": "rgb(0, 0, 0)"}}, {"source": "C42", "target": "C45", "value": 0.33, "lineStyle": {"width": 1, "color": "rgb(0, 0, 0)"}}, {"source": "C14", "target": "C59", "value": 0.58, "lineStyle": {"width": 1, "color": "rgb(0, 0, 0)"}}, {"source": "C14", "target": "C11", "value": 0.37, "lineStyle": {"width": 1, "color": "rgb(0, 0, 0)"}}, {"source": "C14", "target": "C25", "value": 0.33, "lineStyle": {"width": 1, "color": "rgb(0, 0, 0)"}}, {"source": "C17", "target": "C16", "value": 0.45, "lineStyle": {"width": 1, "color": "rgb(0, 0, 0)"}}, {"source": "C17", "target": "C1", "value": 0.4, "lineStyle": {"width": 1, "color": "rgb(0, 0, 0)"}}, {"source": "C16", "target": "C1", "value": 0.36, "lineStyle": {"width": 1, "color": "rgb(0, 0, 0)"}}, {"source": "C11", "target": "C15", "value": 0.43, "lineStyle": {"width": 1, "color": "rgb(0, 0, 0)"}}, {"source": "C11", "target": "C32", "value": 0.33, "lineStyle": {"width": 1, "color": "rgb(0, 0, 0)"}}, {"source": "C53", "target": "C3", "value": 0.38, "lineStyle": {"width": 1, "color": "rgb(0, 0, 0)"}}, {"source": "C29", "target": "C54", "value": 0.38, "lineStyle": {"width": 1, "color": "rgb(0, 0, 0)"}}, {"source": "C39", "target": "C5", "value": 0.33, "lineStyle": {"width": 1, "color": "rgb(0, 0, 0)"}}]