[{"source": "C110", "target": "C105", "value": "1", "lineStyle": {"width": 3.0, "color": "rgba(100.0, 100.0, 100.0, 0.7)"}}, {"source": "C110", "target": "C107", "value": "1", "lineStyle": {"width": 3.0, "color": "rgba(100.0, 100.0, 100.0, 0.7)"}}, {"source": "C110", "target": "C111", "value": "1", "lineStyle": {"width": 3.0, "color": "rgba(100.0, 100.0, 100.0, 0.7)"}}, {"source": "C110", "target": "C109", "value": "1", "lineStyle": {"width": 3.0, "color": "rgba(100.0, 100.0, 100.0, 0.7)"}}, {"source": "C110", "target": "C108", "value": "0.707107", "lineStyle": {"width": 2.121321, "color": "rgba(145.398415, 145.398415, 145.398415, 0.7)"}}, {"source": "C110", "target": "C106", "value": "0.707107", "lineStyle": {"width": 2.121321, "color": "rgba(145.398415, 145.398415, 145.398415, 0.7)"}}, {"source": "C110", "target": "C58", "value": "0.5", "lineStyle": {"width": 1.5, "color": "rgba(177.5, 177.5, 177.5, 0.7)"}}, {"source": "C110", "target": "C87", "value": "0.408248", "lineStyle": {"width": 1.224744, "color": "rgba(191.72156, 191.72156, 191.72156, 0.7)"}}, {"source": "C110", "target": "C34", "value": "0.353553", "lineStyle": {"width": 1.060659, "color": "rgba(200.199285, 200.199285, 200.199285, 0.7)"}}, {"source": "C110", "target": "C27", "value": "0.316228", "lineStyle": {"width": 0.9486840000000001, "color": "rgba(205.98466000000002, 205.98466000000002, 205.98466000000002, 0.7)"}}, {"source": "C105", "target": "C107", "value": "1", "lineStyle": {"width": 3.0, "color": "rgba(100.0, 100.0, 100.0, 0.7)"}}, {"source": "C105", "target": "C111", "value": "1", "lineStyle": {"width": 3.0, "color": "rgba(100.0, 100.0, 100.0, 0.7)"}}, {"source": "C105", "target": "C109", "value": "1", "lineStyle": {"width": 3.0, "color": "rgba(100.0, 100.0, 100.0, 0.7)"}}, {"source": "C105", "target": "C108", "value": "0.707107", "lineStyle": {"width": 2.121321, "color": "rgba(145.398415, 145.398415, 145.398415, 0.7)"}}, {"source": "C105", "target": "C106", "value": "0.707107", "lineStyle": {"width": 2.121321, "color": "rgba(145.398415, 145.398415, 145.398415, 0.7)"}}, {"source": "C105", "target": "C58", "value": "0.5", "lineStyle": {"width": 1.5, "color": "rgba(177.5, 177.5, 177.5, 0.7)"}}, {"source": "C105", "target": "C87", "value": "0.408248", "lineStyle": {"width": 1.224744, "color": "rgba(191.72156, 191.72156, 191.72156, 0.7)"}}, {"source": "C105", "target": "C34", "value": "0.353553", "lineStyle": {"width": 1.060659, "color": "rgba(200.199285, 200.199285, 200.199285, 0.7)"}}, {"source": "C105", "target": "C27", "value": "0.316228", "lineStyle": {"width": 0.9486840000000001, "color": "rgba(205.98466000000002, 205.98466000000002, 205.98466000000002, 0.7)"}}, {"source": "C107", "target": "C109", "value": "1", "lineStyle": {"width": 3.0, "color": "rgba(100.0, 100.0, 100.0, 0.7)"}}, {"source": "C107", "target": "C111", "value": "1", "lineStyle": {"width": 3.0, "color": "rgba(100.0, 100.0, 100.0, 0.7)"}}, {"source": "C107", "target": "C108", "value": "0.707107", "lineStyle": {"width": 2.121321, "color": "rgba(145.398415, 145.398415, 145.398415, 0.7)"}}, {"source": "C107", "target": "C106", "value": "0.707107", "lineStyle": {"width": 2.121321, "color": "rgba(145.398415, 145.398415, 145.398415, 0.7)"}}, {"source": "C107", "target": "C58", "value": "0.5", "lineStyle": {"width": 1.5, "color": "rgba(177.5, 177.5, 177.5, 0.7)"}}, {"source": "C107", "target": "C87", "value": "0.408248", "lineStyle": {"width": 1.224744, "color": "rgba(191.72156, 191.72156, 191.72156, 0.7)"}}, {"source": "C107", "target": "C34", "value": "0.353553", "lineStyle": {"width": 1.060659, "color": "rgba(200.199285, 200.199285, 200.199285, 0.7)"}}, {"source": "C107", "target": "C27", "value": "0.316228", "lineStyle": {"width": 0.9486840000000001, "color": "rgba(205.98466000000002, 205.98466000000002, 205.98466000000002, 0.7)"}}, {"source": "C109", "target": "C111", "value": "1", "lineStyle": {"width": 3.0, "color": "rgba(100.0, 100.0, 100.0, 0.7)"}}, {"source": "C109", "target": "C108", "value": "0.707107", "lineStyle": {"width": 2.121321, "color": "rgba(145.398415, 145.398415, 145.398415, 0.7)"}}, {"source": "C109", "target": "C106", "value": "0.707107", "lineStyle": {"width": 2.121321, "color": "rgba(145.398415, 145.398415, 145.398415, 0.7)"}}, {"source": "C109", "target": "C58", "value": "0.5", "lineStyle": {"width": 1.5, "color": "rgba(177.5, 177.5, 177.5, 0.7)"}}, {"source": "C109", "target": "C87", "value": "0.408248", "lineStyle": {"width": 1.224744, "color": "rgba(191.72156, 191.72156, 191.72156, 0.7)"}}, {"source": "C109", "target": "C34", "value": "0.353553", "lineStyle": {"width": 1.060659, "color": "rgba(200.199285, 200.199285, 200.199285, 0.7)"}}, {"source": "C109", "target": "C27", "value": "0.316228", "lineStyle": {"width": 0.9486840000000001, "color": "rgba(205.98466000000002, 205.98466000000002, 205.98466000000002, 0.7)"}}, {"source": "C111", "target": "C106", "value": "0.707107", "lineStyle": {"width": 2.121321, "color": "rgba(145.398415, 145.398415, 145.398415, 0.7)"}}, {"source": "C111", "target": "C108", "value": "0.707107", "lineStyle": {"width": 2.121321, "color": "rgba(145.398415, 145.398415, 145.398415, 0.7)"}}, {"source": "C111", "target": "C58", "value": "0.5", "lineStyle": {"width": 1.5, "color": "rgba(177.5, 177.5, 177.5, 0.7)"}}, {"source": "C111", "target": "C87", "value": "0.408248", "lineStyle": {"width": 1.224744, "color": "rgba(191.72156, 191.72156, 191.72156, 0.7)"}}, {"source": "C111", "target": "C34", "value": "0.353553", "lineStyle": {"width": 1.060659, "color": "rgba(200.199285, 200.199285, 200.199285, 0.7)"}}, {"source": "C111", "target": "C27", "value": "0.316228", "lineStyle": {"width": 0.9486840000000001, "color": "rgba(205.98466000000002, 205.98466000000002, 205.98466000000002, 0.7)"}}, {"source": "C139", "target": "C140", "value": "1", "lineStyle": {"width": 3.0, "color": "rgba(100.0, 100.0, 100.0, 0.7)"}}, {"source": "C139", "target": "C138", "value": "1", "lineStyle": {"width": 3.0, "color": "rgba(100.0, 100.0, 100.0, 0.7)"}}, {"source": "C139", "target": "C54", "value": "0.5", "lineStyle": {"width": 1.5, "color": "rgba(177.5, 177.5, 177.5, 0.7)"}}, {"source": "C139", "target": "C25", "value": "0.316228", "lineStyle": {"width": 0.9486840000000001, "color": "rgba(205.98466000000002, 205.98466000000002, 205.98466000000002, 0.7)"}}, {"source": "C140", "target": "C138", "value": "1", "lineStyle": {"width": 3.0, "color": "rgba(100.0, 100.0, 100.0, 0.7)"}}, {"source": "C140", "target": "C54", "value": "0.5", "lineStyle": {"width": 1.5, "color": "rgba(177.5, 177.5, 177.5, 0.7)"}}, {"source": "C140", "target": "C25", "value": "0.316228", "lineStyle": {"width": 0.9486840000000001, "color": "rgba(205.98466000000002, 205.98466000000002, 205.98466000000002, 0.7)"}}, {"source": "C78", "target": "C77", "value": "1", "lineStyle": {"width": 3.0, "color": "rgba(100.0, 100.0, 100.0, 0.7)"}}, {"source": "C78", "target": "C80", "value": "1", "lineStyle": {"width": 3.0, "color": "rgba(100.0, 100.0, 100.0, 0.7)"}}, {"source": "C78", "target": "C79", "value": "0.707107", "lineStyle": {"width": 2.121321, "color": "rgba(145.398415, 145.398415, 145.398415, 0.7)"}}, {"source": "C77", "target": "C80", "value": "1", "lineStyle": {"width": 3.0, "color": "rgba(100.0, 100.0, 100.0, 0.7)"}}, {"source": "C77", "target": "C79", "value": "0.707107", "lineStyle": {"width": 2.121321, "color": "rgba(145.398415, 145.398415, 145.398415, 0.7)"}}, {"source": "C114", "target": "C116", "value": "1", "lineStyle": {"width": 3.0, "color": "rgba(100.0, 100.0, 100.0, 0.7)"}}, {"source": "C114", "target": "C117", "value": "0.707107", "lineStyle": {"width": 2.121321, "color": "rgba(145.398415, 145.398415, 145.398415, 0.7)"}}, {"source": "C114", "target": "C133", "value": "0.5", "lineStyle": {"width": 1.5, "color": "rgba(177.5, 177.5, 177.5, 0.7)"}}, {"source": "C114", "target": "C115", "value": "0.5", "lineStyle": {"width": 1.5, "color": "rgba(177.5, 177.5, 177.5, 0.7)"}}, {"source": "C114", "target": "C113", "value": "0.408248", "lineStyle": {"width": 1.224744, "color": "rgba(191.72156, 191.72156, 191.72156, 0.7)"}}, {"source": "C116", "target": "C117", "value": "0.707107", "lineStyle": {"width": 2.121321, "color": "rgba(145.398415, 145.398415, 145.398415, 0.7)"}}, {"source": "C116", "target": "C133", "value": "0.5", "lineStyle": {"width": 1.5, "color": "rgba(177.5, 177.5, 177.5, 0.7)"}}, {"source": "C116", "target": "C115", "value": "0.5", "lineStyle": {"width": 1.5, "color": "rgba(177.5, 177.5, 177.5, 0.7)"}}, {"source": "C116", "target": "C113", "value": "0.408248", "lineStyle": {"width": 1.224744, "color": "rgba(191.72156, 191.72156, 191.72156, 0.7)"}}, {"source": "C138", "target": "C54", "value": "0.5", "lineStyle": {"width": 1.5, "color": "rgba(177.5, 177.5, 177.5, 0.7)"}}, {"source": "C138", "target": "C25", "value": "0.316228", "lineStyle": {"width": 0.9486840000000001, "color": "rgba(205.98466000000002, 205.98466000000002, 205.98466000000002, 0.7)"}}, {"source": "C155", "target": "C154", "value": "1", "lineStyle": {"width": 3.0, "color": "rgba(100.0, 100.0, 100.0, 0.7)"}}, {"source": "C155", "target": "C124", "value": "0.57735", "lineStyle": {"width": 1.73205, "color": "rgba(165.51075, 165.51075, 165.51075, 0.7)"}}, {"source": "C155", "target": "C49", "value": "0.447214", "lineStyle": {"width": 1.341642, "color": "rgba(185.68183, 185.68183, 185.68183, 0.7)"}}, {"source": "C155", "target": "C72", "value": "0.377964", "lineStyle": {"width": 1.1338920000000001, "color": "rgba(196.41558, 196.41558, 196.41558, 0.7)"}}, {"source": "C155", "target": "C144", "value": "0.377964", "lineStyle": {"width": 1.1338920000000001, "color": "rgba(196.41558, 196.41558, 196.41558, 0.7)"}}, {"source": "C155", "target": "C27", "value": "0.316228", "lineStyle": {"width": 0.9486840000000001, "color": "rgba(205.98466000000002, 205.98466000000002, 205.98466000000002, 0.7)"}}, {"source": "C155", "target": "C91", "value": "0.316228", "lineStyle": {"width": 0.9486840000000001, "color": "rgba(205.98466000000002, 205.98466000000002, 205.98466000000002, 0.7)"}}, {"source": "C154", "target": "C124", "value": "0.57735", "lineStyle": {"width": 1.73205, "color": "rgba(165.51075, 165.51075, 165.51075, 0.7)"}}, {"source": "C154", "target": "C49", "value": "0.447214", "lineStyle": {"width": 1.341642, "color": "rgba(185.68183, 185.68183, 185.68183, 0.7)"}}, {"source": "C154", "target": "C144", "value": "0.377964", "lineStyle": {"width": 1.1338920000000001, "color": "rgba(196.41558, 196.41558, 196.41558, 0.7)"}}, {"source": "C154", "target": "C72", "value": "0.377964", "lineStyle": {"width": 1.1338920000000001, "color": "rgba(196.41558, 196.41558, 196.41558, 0.7)"}}, {"source": "C154", "target": "C27", "value": "0.316228", "lineStyle": {"width": 0.9486840000000001, "color": "rgba(205.98466000000002, 205.98466000000002, 205.98466000000002, 0.7)"}}, {"source": "C154", "target": "C91", "value": "0.316228", "lineStyle": {"width": 0.9486840000000001, "color": "rgba(205.98466000000002, 205.98466000000002, 205.98466000000002, 0.7)"}}, {"source": "C80", "target": "C79", "value": "0.707107", "lineStyle": {"width": 2.121321, "color": "rgba(145.398415, 145.398415, 145.398415, 0.7)"}}, {"source": "C103", "target": "C101", "value": "1", "lineStyle": {"width": 3.0, "color": "rgba(100.0, 100.0, 100.0, 0.7)"}}, {"source": "C103", "target": "C102", "value": "0.707107", "lineStyle": {"width": 2.121321, "color": "rgba(145.398415, 145.398415, 145.398415, 0.7)"}}, {"source": "C103", "target": "C147", "value": "0.707107", "lineStyle": {"width": 2.121321, "color": "rgba(145.398415, 145.398415, 145.398415, 0.7)"}}, {"source": "C103", "target": "C100", "value": "0.5", "lineStyle": {"width": 1.5, "color": "rgba(177.5, 177.5, 177.5, 0.7)"}}, {"source": "C101", "target": "C147", "value": "0.707107", "lineStyle": {"width": 2.121321, "color": "rgba(145.398415, 145.398415, 145.398415, 0.7)"}}, {"source": "C101", "target": "C102", "value": "0.707107", "lineStyle": {"width": 2.121321, "color": "rgba(145.398415, 145.398415, 145.398415, 0.7)"}}, {"source": "C101", "target": "C100", "value": "0.5", "lineStyle": {"width": 1.5, "color": "rgba(177.5, 177.5, 177.5, 0.7)"}}, {"source": "C137", "target": "C135", "value": "1", "lineStyle": {"width": 3.0, "color": "rgba(100.0, 100.0, 100.0, 0.7)"}}, {"source": "C137", "target": "C133", "value": "0.707107", "lineStyle": {"width": 2.121321, "color": "rgba(145.398415, 145.398415, 145.398415, 0.7)"}}, {"source": "C137", "target": "C134", "value": "0.57735", "lineStyle": {"width": 1.73205, "color": "rgba(165.51075, 165.51075, 165.51075, 0.7)"}}, {"source": "C137", "target": "C136", "value": "0.57735", "lineStyle": {"width": 1.73205, "color": "rgba(165.51075, 165.51075, 165.51075, 0.7)"}}, {"source": "C137", "target": "C71", "value": "0.57735", "lineStyle": {"width": 1.73205, "color": "rgba(165.51075, 165.51075, 165.51075, 0.7)"}}, {"source": "C137", "target": "C92", "value": "0.408248", "lineStyle": {"width": 1.224744, "color": "rgba(191.72156, 191.72156, 191.72156, 0.7)"}}, {"source": "C137", "target": "C132", "value": "0.353553", "lineStyle": {"width": 1.060659, "color": "rgba(200.199285, 200.199285, 200.199285, 0.7)"}}, {"source": "C137", "target": "C131", "value": "0.333333", "lineStyle": {"width": 0.999999, "color": "rgba(203.33338500000002, 203.33338500000002, 203.33338500000002, 0.7)"}}, {"source": "C135", "target": "C133", "value": "0.707107", "lineStyle": {"width": 2.121321, "color": "rgba(145.398415, 145.398415, 145.398415, 0.7)"}}, {"source": "C135", "target": "C134", "value": "0.57735", "lineStyle": {"width": 1.73205, "color": "rgba(165.51075, 165.51075, 165.51075, 0.7)"}}, {"source": "C135", "target": "C136", "value": "0.57735", "lineStyle": {"width": 1.73205, "color": "rgba(165.51075, 165.51075, 165.51075, 0.7)"}}, {"source": "C135", "target": "C71", "value": "0.57735", "lineStyle": {"width": 1.73205, "color": "rgba(165.51075, 165.51075, 165.51075, 0.7)"}}, {"source": "C135", "target": "C92", "value": "0.408248", "lineStyle": {"width": 1.224744, "color": "rgba(191.72156, 191.72156, 191.72156, 0.7)"}}, {"source": "C135", "target": "C132", "value": "0.353553", "lineStyle": {"width": 1.060659, "color": "rgba(200.199285, 200.199285, 200.199285, 0.7)"}}, {"source": "C135", "target": "C131", "value": "0.333333", "lineStyle": {"width": 0.999999, "color": "rgba(203.33338500000002, 203.33338500000002, 203.33338500000002, 0.7)"}}, {"source": "C153", "target": "C152", "value": "1", "lineStyle": {"width": 3.0, "color": "rgba(100.0, 100.0, 100.0, 0.7)"}}, {"source": "C153", "target": "C132", "value": "0.353553", "lineStyle": {"width": 1.060659, "color": "rgba(200.199285, 200.199285, 200.199285, 0.7)"}}, {"source": "C153", "target": "C12", "value": "0.353553", "lineStyle": {"width": 1.060659, "color": "rgba(200.199285, 200.199285, 200.199285, 0.7)"}}, {"source": "C153", "target": "C66", "value": "0.353553", "lineStyle": {"width": 1.060659, "color": "rgba(200.199285, 200.199285, 200.199285, 0.7)"}}, {"source": "C152", "target": "C132", "value": "0.353553", "lineStyle": {"width": 1.060659, "color": "rgba(200.199285, 200.199285, 200.199285, 0.7)"}}, {"source": "C152", "target": "C66", "value": "0.353553", "lineStyle": {"width": 1.060659, "color": "rgba(200.199285, 200.199285, 200.199285, 0.7)"}}, {"source": "C152", "target": "C12", "value": "0.353553", "lineStyle": {"width": 1.060659, "color": "rgba(200.199285, 200.199285, 200.199285, 0.7)"}}, {"source": "C133", "target": "C117", "value": "0.707107", "lineStyle": {"width": 2.121321, "color": "rgba(145.398415, 145.398415, 145.398415, 0.7)"}}, {"source": "C133", "target": "C115", "value": "0.5", "lineStyle": {"width": 1.5, "color": "rgba(177.5, 177.5, 177.5, 0.7)"}}, {"source": "C133", "target": "C134", "value": "0.408248", "lineStyle": {"width": 1.224744, "color": "rgba(191.72156, 191.72156, 191.72156, 0.7)"}}, {"source": "C133", "target": "C136", "value": "0.408248", "lineStyle": {"width": 1.224744, "color": "rgba(191.72156, 191.72156, 191.72156, 0.7)"}}, {"source": "C133", "target": "C71", "value": "0.408248", "lineStyle": {"width": 1.224744, "color": "rgba(191.72156, 191.72156, 191.72156, 0.7)"}}, {"source": "C133", "target": "C113", "value": "0.408248", "lineStyle": {"width": 1.224744, "color": "rgba(191.72156, 191.72156, 191.72156, 0.7)"}}, {"source": "C117", "target": "C115", "value": "0.707107", "lineStyle": {"width": 2.121321, "color": "rgba(145.398415, 145.398415, 145.398415, 0.7)"}}, {"source": "C117", "target": "C113", "value": "0.57735", "lineStyle": {"width": 1.73205, "color": "rgba(165.51075, 165.51075, 165.51075, 0.7)"}}, {"source": "C147", "target": "C148", "value": "0.707107", "lineStyle": {"width": 2.121321, "color": "rgba(145.398415, 145.398415, 145.398415, 0.7)"}}, {"source": "C147", "target": "C100", "value": "0.707107", "lineStyle": {"width": 2.121321, "color": "rgba(145.398415, 145.398415, 145.398415, 0.7)"}}, {"source": "C147", "target": "C102", "value": "0.5", "lineStyle": {"width": 1.5, "color": "rgba(177.5, 177.5, 177.5, 0.7)"}}, {"source": "C147", "target": "C146", "value": "0.408248", "lineStyle": {"width": 1.224744, "color": "rgba(191.72156, 191.72156, 191.72156, 0.7)"}}, {"source": "C147", "target": "C136", "value": "0.408248", "lineStyle": {"width": 1.224744, "color": "rgba(191.72156, 191.72156, 191.72156, 0.7)"}}, {"source": "C147", "target": "C73", "value": "0.342997", "lineStyle": {"width": 1.028991, "color": "rgba(201.835465, 201.835465, 201.835465, 0.7)"}}, {"source": "C147", "target": "C70", "value": "0.316228", "lineStyle": {"width": 0.9486840000000001, "color": "rgba(205.98466000000002, 205.98466000000002, 205.98466000000002, 0.7)"}}, {"source": "C102", "target": "C118", "value": "0.353553", "lineStyle": {"width": 1.060659, "color": "rgba(200.199285, 200.199285, 200.199285, 0.7)"}}, {"source": "C102", "target": "C100", "value": "0.353553", "lineStyle": {"width": 1.060659, "color": "rgba(200.199285, 200.199285, 200.199285, 0.7)"}}, {"source": "C102", "target": "C37", "value": "0.316228", "lineStyle": {"width": 0.9486840000000001, "color": "rgba(205.98466000000002, 205.98466000000002, 205.98466000000002, 0.7)"}}, {"source": "C108", "target": "C165", "value": "0.707107", "lineStyle": {"width": 2.121321, "color": "rgba(145.398415, 145.398415, 145.398415, 0.7)"}}, {"source": "C108", "target": "C106", "value": "0.5", "lineStyle": {"width": 1.5, "color": "rgba(177.5, 177.5, 177.5, 0.7)"}}, {"source": "C108", "target": "C58", "value": "0.353553", "lineStyle": {"width": 1.060659, "color": "rgba(200.199285, 200.199285, 200.199285, 0.7)"}}, {"source": "C108", "target": "C123", "value": "0.353553", "lineStyle": {"width": 1.060659, "color": "rgba(200.199285, 200.199285, 200.199285, 0.7)"}}, {"source": "C106", "target": "C58", "value": "0.353553", "lineStyle": {"width": 1.060659, "color": "rgba(200.199285, 200.199285, 200.199285, 0.7)"}}, {"source": "C115", "target": "C113", "value": "0.408248", "lineStyle": {"width": 1.224744, "color": "rgba(191.72156, 191.72156, 191.72156, 0.7)"}}, {"source": "C165", "target": "C123", "value": "0.5", "lineStyle": {"width": 1.5, "color": "rgba(177.5, 177.5, 177.5, 0.7)"}}, {"source": "C148", "target": "C136", "value": "0.57735", "lineStyle": {"width": 1.73205, "color": "rgba(165.51075, 165.51075, 165.51075, 0.7)"}}, {"source": "C148", "target": "C146", "value": "0.57735", "lineStyle": {"width": 1.73205, "color": "rgba(165.51075, 165.51075, 165.51075, 0.7)"}}, {"source": "C148", "target": "C100", "value": "0.5", "lineStyle": {"width": 1.5, "color": "rgba(177.5, 177.5, 177.5, 0.7)"}}, {"source": "C148", "target": "C70", "value": "0.447214", "lineStyle": {"width": 1.341642, "color": "rgba(185.68183, 185.68183, 185.68183, 0.7)"}}, {"source": "C148", "target": "C132", "value": "0.353553", "lineStyle": {"width": 1.060659, "color": "rgba(200.199285, 200.199285, 200.199285, 0.7)"}}, {"source": "C148", "target": "C76", "value": "0.301511", "lineStyle": {"width": 0.9045329999999999, "color": "rgba(208.265795, 208.265795, 208.265795, 0.7)"}}, {"source": "C79", "target": "C42", "value": "0.316228", "lineStyle": {"width": 0.9486840000000001, "color": "rgba(205.98466000000002, 205.98466000000002, 205.98466000000002, 0.7)"}}, {"source": "C134", "target": "C136", "value": "0.666667", "lineStyle": {"width": 2.000001, "color": "rgba(151.666615, 151.666615, 151.666615, 0.7)"}}, {"source": "C134", "target": "C71", "value": "0.333333", "lineStyle": {"width": 0.999999, "color": "rgba(203.33338500000002, 203.33338500000002, 203.33338500000002, 0.7)"}}, {"source": "C134", "target": "C95", "value": "0.333333", "lineStyle": {"width": 0.999999, "color": "rgba(203.33338500000002, 203.33338500000002, 203.33338500000002, 0.7)"}}, {"source": "C136", "target": "C132", "value": "0.408248", "lineStyle": {"width": 1.224744, "color": "rgba(191.72156, 191.72156, 191.72156, 0.7)"}}, {"source": "C136", "target": "C76", "value": "0.348155", "lineStyle": {"width": 1.044465, "color": "rgba(201.035975, 201.035975, 201.035975, 0.7)"}}, {"source": "C136", "target": "C71", "value": "0.333333", "lineStyle": {"width": 0.999999, "color": "rgba(203.33338500000002, 203.33338500000002, 203.33338500000002, 0.7)"}}, {"source": "C136", "target": "C146", "value": "0.333333", "lineStyle": {"width": 0.999999, "color": "rgba(203.33338500000002, 203.33338500000002, 203.33338500000002, 0.7)"}}, {"source": "C128", "target": "C127", "value": "0.57735", "lineStyle": {"width": 1.73205, "color": "rgba(165.51075, 165.51075, 165.51075, 0.7)"}}, {"source": "C128", "target": "C86", "value": "0.57735", "lineStyle": {"width": 1.73205, "color": "rgba(165.51075, 165.51075, 165.51075, 0.7)"}}, {"source": "C128", "target": "C112", "value": "0.5", "lineStyle": {"width": 1.5, "color": "rgba(177.5, 177.5, 177.5, 0.7)"}}, {"source": "C128", "target": "C57", "value": "0.316228", "lineStyle": {"width": 0.9486840000000001, "color": "rgba(205.98466000000002, 205.98466000000002, 205.98466000000002, 0.7)"}}, {"source": "C128", "target": "C27", "value": "0.316228", "lineStyle": {"width": 0.9486840000000001, "color": "rgba(205.98466000000002, 205.98466000000002, 205.98466000000002, 0.7)"}}, {"source": "C127", "target": "C86", "value": "0.333333", "lineStyle": {"width": 0.999999, "color": "rgba(203.33338500000002, 203.33338500000002, 203.33338500000002, 0.7)"}}, {"source": "C113", "target": "C124", "value": "0.333333", "lineStyle": {"width": 0.999999, "color": "rgba(203.33338500000002, 203.33338500000002, 203.33338500000002, 0.7)"}}, {"source": "C151", "target": "C99", "value": "0.57735", "lineStyle": {"width": 1.73205, "color": "rgba(165.51075, 165.51075, 165.51075, 0.7)"}}, {"source": "C151", "target": "C37", "value": "0.447214", "lineStyle": {"width": 1.341642, "color": "rgba(185.68183, 185.68183, 185.68183, 0.7)"}}, {"source": "C151", "target": "C66", "value": "0.353553", "lineStyle": {"width": 1.060659, "color": "rgba(200.199285, 200.199285, 200.199285, 0.7)"}}, {"source": "C71", "target": "C68", "value": "0.348155", "lineStyle": {"width": 1.044465, "color": "rgba(201.035975, 201.035975, 201.035975, 0.7)"}}, {"source": "C86", "target": "C60", "value": "0.333333", "lineStyle": {"width": 0.999999, "color": "rgba(203.33338500000002, 203.33338500000002, 203.33338500000002, 0.7)"}}, {"source": "C146", "target": "C158", "value": "0.57735", "lineStyle": {"width": 1.73205, "color": "rgba(165.51075, 165.51075, 165.51075, 0.7)"}}, {"source": "C120", "target": "C161", "value": "0.5", "lineStyle": {"width": 1.5, "color": "rgba(177.5, 177.5, 177.5, 0.7)"}}, {"source": "C120", "target": "C119", "value": "0.5", "lineStyle": {"width": 1.5, "color": "rgba(177.5, 177.5, 177.5, 0.7)"}}, {"source": "C120", "target": "C123", "value": "0.5", "lineStyle": {"width": 1.5, "color": "rgba(177.5, 177.5, 177.5, 0.7)"}}, {"source": "C120", "target": "C46", "value": "0.447214", "lineStyle": {"width": 1.341642, "color": "rgba(185.68183, 185.68183, 185.68183, 0.7)"}}, {"source": "C120", "target": "C57", "value": "0.316228", "lineStyle": {"width": 0.9486840000000001, "color": "rgba(205.98466000000002, 205.98466000000002, 205.98466000000002, 0.7)"}}, {"source": "C120", "target": "C68", "value": "0.301511", "lineStyle": {"width": 0.9045329999999999, "color": "rgba(208.265795, 208.265795, 208.265795, 0.7)"}}, {"source": "C161", "target": "C159", "value": "0.5", "lineStyle": {"width": 1.5, "color": "rgba(177.5, 177.5, 177.5, 0.7)"}}, {"source": "C161", "target": "C57", "value": "0.316228", "lineStyle": {"width": 0.9486840000000001, "color": "rgba(205.98466000000002, 205.98466000000002, 205.98466000000002, 0.7)"}}, {"source": "C161", "target": "C25", "value": "0.316228", "lineStyle": {"width": 0.9486840000000001, "color": "rgba(205.98466000000002, 205.98466000000002, 205.98466000000002, 0.7)"}}, {"source": "C161", "target": "C68", "value": "0.301511", "lineStyle": {"width": 0.9045329999999999, "color": "rgba(208.265795, 208.265795, 208.265795, 0.7)"}}, {"source": "C119", "target": "C34", "value": "0.353553", "lineStyle": {"width": 1.060659, "color": "rgba(200.199285, 200.199285, 200.199285, 0.7)"}}, {"source": "C119", "target": "C57", "value": "0.316228", "lineStyle": {"width": 0.9486840000000001, "color": "rgba(205.98466000000002, 205.98466000000002, 205.98466000000002, 0.7)"}}, {"source": "C123", "target": "C46", "value": "0.447214", "lineStyle": {"width": 1.341642, "color": "rgba(185.68183, 185.68183, 185.68183, 0.7)"}}, {"source": "C123", "target": "C126", "value": "0.416025", "lineStyle": {"width": 1.248075, "color": "rgba(190.516125, 190.516125, 190.516125, 0.7)"}}, {"source": "C123", "target": "C68", "value": "0.301511", "lineStyle": {"width": 0.9045329999999999, "color": "rgba(208.265795, 208.265795, 208.265795, 0.7)"}}, {"source": "C58", "target": "C87", "value": "0.408248", "lineStyle": {"width": 1.224744, "color": "rgba(191.72156, 191.72156, 191.72156, 0.7)"}}, {"source": "C162", "target": "C163", "value": "0.5", "lineStyle": {"width": 1.5, "color": "rgba(177.5, 177.5, 177.5, 0.7)"}}, {"source": "C112", "target": "C51", "value": "0.353553", "lineStyle": {"width": 1.060659, "color": "rgba(200.199285, 200.199285, 200.199285, 0.7)"}}, {"source": "C49", "target": "C72", "value": "0.338062", "lineStyle": {"width": 1.014186, "color": "rgba(202.60039, 202.60039, 202.60039, 0.7)"}}, {"source": "C142", "target": "C145", "value": "0.447214", "lineStyle": {"width": 1.341642, "color": "rgba(185.68183, 185.68183, 185.68183, 0.7)"}}, {"source": "C145", "target": "C82", "value": "0.316228", "lineStyle": {"width": 0.9486840000000001, "color": "rgba(205.98466000000002, 205.98466000000002, 205.98466000000002, 0.7)"}}, {"source": "C143", "target": "C92", "value": "0.408248", "lineStyle": {"width": 1.224744, "color": "rgba(191.72156, 191.72156, 191.72156, 0.7)"}}, {"source": "C74", "target": "C73", "value": "0.366679", "lineStyle": {"width": 1.100037, "color": "rgba(198.164755, 198.164755, 198.164755, 0.7)"}}, {"source": "C166", "target": "C27", "value": "0.365148", "lineStyle": {"width": 1.0954439999999999, "color": "rgba(198.40206, 198.40206, 198.40206, 0.7)"}}, {"source": "C27", "target": "C149", "value": "0.316228", "lineStyle": {"width": 0.9486840000000001, "color": "rgba(205.98466000000002, 205.98466000000002, 205.98466000000002, 0.7)"}}, {"source": "C41", "target": "C129", "value": "0.365148", "lineStyle": {"width": 1.0954439999999999, "color": "rgba(198.40206, 198.40206, 198.40206, 0.7)"}}, {"source": "C65", "target": "C90", "value": "0.353553", "lineStyle": {"width": 1.060659, "color": "rgba(200.199285, 200.199285, 200.199285, 0.7)"}}, {"source": "C65", "target": "C91", "value": "0.316228", "lineStyle": {"width": 0.9486840000000001, "color": "rgba(205.98466000000002, 205.98466000000002, 205.98466000000002, 0.7)"}}, {"source": "C15", "target": "C26", "value": "0.329617", "lineStyle": {"width": 0.9888509999999999, "color": "rgba(203.90936499999998, 203.90936499999998, 203.90936499999998, 0.7)"}}, {"source": "C157", "target": "C56", "value": "0.316228", "lineStyle": {"width": 0.9486840000000001, "color": "rgba(205.98466000000002, 205.98466000000002, 205.98466000000002, 0.7)"}}, {"source": "C25", "target": "C44", "value": "0.316228", "lineStyle": {"width": 0.9486840000000001, "color": "rgba(205.98466000000002, 205.98466000000002, 205.98466000000002, 0.7)"}}, {"source": "C149", "target": "C83", "value": "0.301511", "lineStyle": {"width": 0.9045329999999999, "color": "rgba(208.265795, 208.265795, 208.265795, 0.7)"}}, {"source": "C67", "target": "C156", "value": "0.316228", "lineStyle": {"width": 0.9486840000000001, "color": "rgba(205.98466000000002, 205.98466000000002, 205.98466000000002, 0.7)"}}, {"source": "C64", "target": "C89", "value": "0.316228", "lineStyle": {"width": 0.9486840000000001, "color": "rgba(205.98466000000002, 205.98466000000002, 205.98466000000002, 0.7)"}}]