[{"name": "C1", "value": 20, "symbol": "circle", "symbolSize": 15, "itemStyle": {"color": "rgb(10,10,10)"}}, {"name": "C2", "value": 6, "symbol": "circle", "symbolSize": 15, "itemStyle": {"color": "rgb(240,240,240)"}}, {"name": "C3", "value": 75, "symbol": "circle", "symbolSize": 60.0, "itemStyle": {"color": "rgb(78,68,59)"}}, {"name": "C4", "value": 71, "symbol": "circle", "symbolSize": 56.800000000000004, "itemStyle": {"color": "rgb(130,113,93)"}}, {"name": "C5", "value": 46, "symbol": "circle", "symbolSize": 36.800000000000004, "itemStyle": {"color": "rgb(97,92,73)"}}, {"name": "C6", "value": 39, "symbol": "circle", "symbolSize": 31.200000000000003, "itemStyle": {"color": "rgb(85,85,85)"}}, {"name": "C7", "value": 4, "symbol": "circle", "symbolSize": 15, "itemStyle": {"color": "rgb(124,95,89)"}}, {"name": "C8", "value": 7, "symbol": "circle", "symbolSize": 15, "itemStyle": {"color": "rgb(190,171,154)"}}, {"name": "C9", "value": 32, "symbol": "circle", "symbolSize": 25.6, "itemStyle": {"color": "rgb(170,141,113)"}}, {"name": "C10", "value": 15, "symbol": "circle", "symbolSize": 15, "itemStyle": {"color": "rgb(190,166,128)"}}, {"name": "C11", "value": 22, "symbol": "circle", "symbolSize": 17.6, "itemStyle": {"color": "rgb(136,129,119)"}}, {"name": "C12", "value": 5, "symbol": "circle", "symbolSize": 15, "itemStyle": {"color": "rgb(170,85,85)"}}, {"name": "C13", "value": 38, "symbol": "circle", "symbolSize": 30.400000000000002, "itemStyle": {"color": "rgb(45,41,38)"}}, {"name": "C14", "value": 3, "symbol": "circle", "symbolSize": 15, "itemStyle": {"color": "rgb(170,170,170)"}}, {"name": "C15", "value": 4, "symbol": "circle", "symbolSize": 15, "itemStyle": {"color": "rgb(127,127,63)"}}, {"name": "C16", "value": 57, "symbol": "circle", "symbolSize": 45.6, "itemStyle": {"color": "rgb(149,124,84)"}}, {"name": "C17", "value": 25, "symbol": "circle", "symbolSize": 20.0, "itemStyle": {"color": "rgb(114,99,60)"}}, {"name": "C18", "value": 22, "symbol": "circle", "symbolSize": 17.6, "itemStyle": {"color": "rgb(83,69,40)"}}, {"name": "C19", "value": 12, "symbol": "circle", "symbolSize": 15, "itemStyle": {"color": "rgb(144,109,87)"}}, {"name": "C20", "value": 8, "symbol": "circle", "symbolSize": 15, "itemStyle": {"color": "rgb(70,75,54)"}}, {"name": "C21", "value": 27, "symbol": "circle", "symbolSize": 21.6, "itemStyle": {"color": "rgb(63,63,63)"}}, {"name": "C22", "value": 3, "symbol": "circle", "symbolSize": 15, "itemStyle": {"color": "rgb(127,131,108)"}}, {"name": "C23", "value": 31, "symbol": "circle", "symbolSize": 24.8, "itemStyle": {"color": "rgb(104,91,82)"}}, {"name": "C24", "value": 11, "symbol": "circle", "symbolSize": 15, "itemStyle": {"color": "rgb(102,76,63)"}}, {"name": "C25", "value": 3, "symbol": "circle", "symbolSize": 15, "itemStyle": {"color": "rgb(127,63,63)"}}, {"name": "C26", "value": 2, "symbol": "circle", "symbolSize": 15, "itemStyle": {"color": "rgb(157,97,81)"}}, {"name": "C27", "value": 3, "symbol": "circle", "symbolSize": 15, "itemStyle": {"color": "rgb(234,229,210)"}}, {"name": "C28", "value": 4, "symbol": "circle", "symbolSize": 15, "itemStyle": {"color": "rgb(173,115,85)"}}, {"name": "C29", "value": 7, "symbol": "circle", "symbolSize": 15, "itemStyle": {"color": "rgb(147,98,52)"}}, {"name": "C30", "value": 9, "symbol": "circle", "symbolSize": 15, "itemStyle": {"color": "rgb(48,33,24)"}}, {"name": "C31", "value": 19, "symbol": "circle", "symbolSize": 15, "itemStyle": {"color": "rgb(52,47,25)"}}, {"name": "C32", "value": 15, "symbol": "circle", "symbolSize": 15, "itemStyle": {"color": "rgb(113,111,96)"}}, {"name": "C33", "value": 1, "symbol": "circle", "symbolSize": 15, "itemStyle": {"color": "rgb(56,102,76)"}}, {"name": "C34", "value": 2, "symbol": "circle", "symbolSize": 15, "itemStyle": {"color": "rgb(21,40,38)"}}, {"name": "C35", "value": 1, "symbol": "circle", "symbolSize": 15, "itemStyle": {"color": "rgb(20,66,56)"}}, {"name": "C36", "value": 2, "symbol": "circle", "symbolSize": 15, "itemStyle": {"color": "rgb(69,130,96)"}}, {"name": "C37", "value": 2, "symbol": "circle", "symbolSize": 15, "itemStyle": {"color": "rgb(91,99,71)"}}, {"name": "C38", "value": 1, "symbol": "circle", "symbolSize": 15, "itemStyle": {"color": "rgb(18,60,76)"}}, {"name": "C39", "value": 10, "symbol": "circle", "symbolSize": 15, "itemStyle": {"color": "rgb(154,148,116)"}}, {"name": "C40", "value": 2, "symbol": "circle", "symbolSize": 15, "itemStyle": {"color": "rgb(27,88,98)"}}, {"name": "C41", "value": 1, "symbol": "circle", "symbolSize": 15, "itemStyle": {"color": "rgb(127,0,0)"}}, {"name": "C42", "value": 3, "symbol": "circle", "symbolSize": 15, "itemStyle": {"color": "rgb(190,148,72)"}}, {"name": "C43", "value": 2, "symbol": "circle", "symbolSize": 15, "itemStyle": {"color": "rgb(85,85,0)"}}, {"name": "C44", "value": 1, "symbol": "circle", "symbolSize": 15, "itemStyle": {"color": "rgb(133,96,18)"}}, {"name": "C45", "value": 3, "symbol": "circle", "symbolSize": 15, "itemStyle": {"color": "rgb(54,37,9)"}}, {"name": "C46", "value": 1, "symbol": "circle", "symbolSize": 15, "itemStyle": {"color": "rgb(50,21,5)"}}, {"name": "C47", "value": 2, "symbol": "circle", "symbolSize": 15, "itemStyle": {"color": "rgb(89,65,10)"}}, {"name": "C48", "value": 2, "symbol": "circle", "symbolSize": 15, "itemStyle": {"color": "rgb(127,63,0)"}}, {"name": "C49", "value": 1, "symbol": "circle", "symbolSize": 15, "itemStyle": {"color": "rgb(191,127,127)"}}, {"name": "C50", "value": 11, "symbol": "circle", "symbolSize": 15, "itemStyle": {"color": "rgb(213,200,183)"}}, {"name": "C51", "value": 1, "symbol": "circle", "symbolSize": 15, "itemStyle": {"color": "rgb(255,191,127)"}}, {"name": "C52", "value": 4, "symbol": "circle", "symbolSize": 15, "itemStyle": {"color": "rgb(222,186,134)"}}, {"name": "C53", "value": 45, "symbol": "circle", "symbolSize": 36.0, "itemStyle": {"color": "rgb(111,86,56)"}}, {"name": "C54", "value": 1, "symbol": "circle", "symbolSize": 15, "itemStyle": {"color": "rgb(191,127,63)"}}, {"name": "C55", "value": 2, "symbol": "circle", "symbolSize": 15, "itemStyle": {"color": "rgb(191,191,127)"}}, {"name": "C56", "value": 5, "symbol": "circle", "symbolSize": 15, "itemStyle": {"color": "rgb(131,89,67)"}}, {"name": "C57", "value": 1, "symbol": "circle", "symbolSize": 15, "itemStyle": {"color": "rgb(91,50,27)"}}, {"name": "C58", "value": 1, "symbol": "circle", "symbolSize": 15, "itemStyle": {"color": "rgb(255,170,170)"}}, {"name": "C59", "value": 1, "symbol": "circle", "symbolSize": 15, "itemStyle": {"color": "rgb(162,136,133)"}}, {"name": "C60", "value": 1, "symbol": "circle", "symbolSize": 15, "itemStyle": {"color": "rgb(229,184,155)"}}, {"name": "1", "value": "\u5362\u9e3f\u8349\u5802\u5341\u5fd7\u56fe", "symbol": "rect", "symbolSize": 0, "itemStyle": {"color": "rgba(140, 70, 40, 0.6)"}}, {"name": "2", "value": "\u4e1d\u7eb6\u56fe", "symbol": "rect", "symbolSize": 0, "itemStyle": {"color": "rgba(140, 70, 40, 0.6)"}}, {"name": "3", "value": "\u5c71\u5761\u8bba\u9053\u56fe", "symbol": "rect", "symbolSize": 0, "itemStyle": {"color": "rgba(140, 70, 40, 0.6)"}}, {"name": "4", "value": "\u5c71\u5c45\u5bf9\u5f08\u56fe", "symbol": "rect", "symbolSize": 0, "itemStyle": {"color": "rgba(140, 70, 40, 0.6)"}}, {"name": "5", "value": "\u67f3\u6eaa\u9493\u8247\u56fe", "symbol": "rect", "symbolSize": 0, "itemStyle": {"color": "rgba(140, 70, 40, 0.6)"}}, {"name": "6", "value": "\u67f3\u836b\u4e91\u7893\u56fe", "symbol": "rect", "symbolSize": 0, "itemStyle": {"color": "rgba(140, 70, 40, 0.6)"}}, {"name": "7", "value": "\u6c34\u9601\u98ce\u51c9\u56fe", "symbol": "rect", "symbolSize": 0, "itemStyle": {"color": "rgba(140, 70, 40, 0.6)"}}, {"name": "8", "value": "\u4e34\u6d41\u629a\u7434\u56fe", "symbol": "rect", "symbolSize": 0, "itemStyle": {"color": "rgba(140, 70, 40, 0.6)"}}, {"name": "9", "value": "\u4e91\u5cf0\u8fdc\u773a\u56fe", "symbol": "rect", "symbolSize": 0, "itemStyle": {"color": "rgba(140, 70, 40, 0.6)"}}, {"name": "10", "value": "\u6885\u6eaa\u653e\u8247\u56fe", "symbol": "rect", "symbolSize": 0, "itemStyle": {"color": "rgba(140, 70, 40, 0.6)"}}, {"name": "11", "value": "\u5c71\u5e97\u98ce\u5e18\u56fe", "symbol": "rect", "symbolSize": 0, "itemStyle": {"color": "rgba(140, 70, 40, 0.6)"}}, {"name": "12", "value": "\u7eb3\u51c9\u89c2\u7011\u56fe", "symbol": "rect", "symbolSize": 0, "itemStyle": {"color": "rgba(140, 70, 40, 0.6)"}}, {"name": "13", "value": "\u83b2\u5858\u6cdb\u8247\u56fe", "symbol": "rect", "symbolSize": 0, "itemStyle": {"color": "rgba(140, 70, 40, 0.6)"}}, {"name": "14", "value": "\u67f3\u9662\u6d88\u6691\u56fe", "symbol": "rect", "symbolSize": 0, "itemStyle": {"color": "rgba(140, 70, 40, 0.6)"}}, {"name": "15", "value": "\u6df1\u5802\u7434\u8da3\u56fe", "symbol": "rect", "symbolSize": 0, "itemStyle": {"color": "rgba(140, 70, 40, 0.6)"}}, {"name": "16", "value": "\u5f81\u4eba\u6653\u53d1\u56fe", "symbol": "rect", "symbolSize": 0, "itemStyle": {"color": "rgba(140, 70, 40, 0.6)"}}, {"name": "17", "value": "\u7af9\u6da7\u711a\u9999\u56fe", "symbol": "rect", "symbolSize": 0, "itemStyle": {"color": "rgba(140, 70, 40, 0.6)"}}, {"name": "18", "value": "\u79cb\u5802\u5ba2\u8bdd\u56fe", "symbol": "rect", "symbolSize": 0, "itemStyle": {"color": "rgba(140, 70, 40, 0.6)"}}, {"name": "19", "value": "\u677e\u8c37\u95ee\u9053\u56fe", "symbol": "rect", "symbolSize": 0, "itemStyle": {"color": "rgba(140, 70, 40, 0.6)"}}, {"name": "20", "value": "\u91c7\u82b1\u56fe", "symbol": "rect", "symbolSize": 0, "itemStyle": {"color": "rgba(140, 70, 40, 0.6)"}}, {"name": "21", "value": "\u6e14\u4e50\u56fe", "symbol": "rect", "symbolSize": 0, "itemStyle": {"color": "rgba(140, 70, 40, 0.6)"}}, {"name": "22", "value": "\u5c71\u5c45\u8bf4\u542c\u56fe", "symbol": "rect", "symbolSize": 0, "itemStyle": {"color": "rgba(140, 70, 40, 0.6)"}}, {"name": "23", "value": "\u67f3\u5858\u6cdb\u6708\u56fe", "symbol": "rect", "symbolSize": 0, "itemStyle": {"color": "rgba(140, 70, 40, 0.6)"}}, {"name": "24", "value": "\u6625\u6e38\u665a\u5f52\u56fe", "symbol": "rect", "symbolSize": 0, "itemStyle": {"color": "rgba(140, 70, 40, 0.6)"}}, {"name": "25", "value": "\u67f3\u5802\u8bfb\u4e66\u56fe", "symbol": "rect", "symbolSize": 0, "itemStyle": {"color": "rgba(140, 70, 40, 0.6)"}}, {"name": "26", "value": "\u96ea\u6eaa\u653e\u7267\u56fe", "symbol": "rect", "symbolSize": 0, "itemStyle": {"color": "rgba(140, 70, 40, 0.6)"}}, {"name": "27", "value": "\u96ea\u5c71\u884c\u9a91\u56fe", "symbol": "rect", "symbolSize": 0, "itemStyle": {"color": "rgba(140, 70, 40, 0.6)"}}, {"name": "28", "value": "\u6c34\u6751\u70df\u972d\u56fe", "symbol": "rect", "symbolSize": 0, "itemStyle": {"color": "rgba(140, 70, 40, 0.6)"}}, {"name": "29", "value": "\u677e\u5188\u66ae\u8272\u56fe", "symbol": "rect", "symbolSize": 0, "itemStyle": {"color": "rgba(140, 70, 40, 0.6)"}}, {"name": "30", "value": "\u98ce\u96e8\u5f52\u821f\u56fe", "symbol": "rect", "symbolSize": 0, "itemStyle": {"color": "rgba(140, 70, 40, 0.6)"}}, {"name": "31", "value": "\u6c5f\u4e0a\u9752\u5cf0\u56fe", "symbol": "rect", "symbolSize": 0, "itemStyle": {"color": "rgba(140, 70, 40, 0.6)"}}, {"name": "32", "value": "\u6625\u6c5f\u5e06\u9971\u56fe", "symbol": "rect", "symbolSize": 0, "itemStyle": {"color": "rgba(140, 70, 40, 0.6)"}}, {"name": "33", "value": "\u5c71\u8170\u697c\u89c2\u56fe", "symbol": "rect", "symbolSize": 0, "itemStyle": {"color": "rgba(140, 70, 40, 0.6)"}}, {"name": "34", "value": "\u6728\u672b\u5b64\u4ead\u56fe", "symbol": "rect", "symbolSize": 0, "itemStyle": {"color": "rgba(140, 70, 40, 0.6)"}}, {"name": "35", "value": "\u6625\u5c71\u6e14\u8247\u56fe", "symbol": "rect", "symbolSize": 0, "itemStyle": {"color": "rgba(140, 70, 40, 0.6)"}}, {"name": "36", "value": "\u4e94\u4e91\u697c\u9601\u56fe", "symbol": "rect", "symbolSize": 0, "itemStyle": {"color": "rgba(140, 70, 40, 0.6)"}}, {"name": "37", "value": "\u6ca7\u6e9f\u6d8c\u65e5\u56fe", "symbol": "rect", "symbolSize": 0, "itemStyle": {"color": "rgba(140, 70, 40, 0.6)"}}, {"name": "38", "value": "\u67f3\u9601\u98ce\u5e06\u56fe", "symbol": "rect", "symbolSize": 0, "itemStyle": {"color": "rgba(140, 70, 40, 0.6)"}}, {"name": "39", "value": "\u4e91\u5173\u96ea\u6808\u56fe", "symbol": "rect", "symbolSize": 0, "itemStyle": {"color": "rgba(140, 70, 40, 0.6)"}}, {"name": "40", "value": "\u67f3\u6eaa\u6625\u8272\u56fe", "symbol": "rect", "symbolSize": 0, "itemStyle": {"color": "rgba(140, 70, 40, 0.6)"}}, {"name": "41", "value": "\u5ca9\u6867\u56fe", "symbol": "rect", "symbolSize": 0, "itemStyle": {"color": "rgba(140, 70, 40, 0.6)"}}, {"name": "42", "value": "\u6768\u67f3\u6eaa\u5802\u56fe", "symbol": "rect", "symbolSize": 0, "itemStyle": {"color": "rgba(140, 70, 40, 0.6)"}}, {"name": "43", "value": "\u6e05\u6eaa\u98ce\u5e06\u56fe", "symbol": "rect", "symbolSize": 0, "itemStyle": {"color": "rgba(140, 70, 40, 0.6)"}}, {"name": "44", "value": "\u6c34\u6751\u697c\u9601\u56fe", "symbol": "rect", "symbolSize": 0, "itemStyle": {"color": "rgba(140, 70, 40, 0.6)"}}, {"name": "45", "value": "\u897f\u6e56\u6625\u6653\u56fe", "symbol": "rect", "symbolSize": 0, "itemStyle": {"color": "rgba(140, 70, 40, 0.6)"}}, {"name": "46", "value": "\u677e\u6eaa\u653e\u8247\u56fe", "symbol": "rect", "symbolSize": 0, "itemStyle": {"color": "rgba(140, 70, 40, 0.6)"}}, {"name": "47", "value": "\u9752\u5c71\u767d\u4e91\u56fe", "symbol": "rect", "symbolSize": 0, "itemStyle": {"color": "rgba(140, 70, 40, 0.6)"}}, {"name": "48", "value": "\u6eaa\u5c71\u6625\u6653\u56fe", "symbol": "rect", "symbolSize": 0, "itemStyle": {"color": "rgba(140, 70, 40, 0.6)"}}, {"name": "49", "value": "\u79cb\u6c5f\u669d\u6cca\u56fe", "symbol": "rect", "symbolSize": 0, "itemStyle": {"color": "rgba(140, 70, 40, 0.6)"}}, {"name": "50", "value": "\u5929\u672b\u5f52\u5e06\u56fe", "symbol": "rect", "symbolSize": 0, "itemStyle": {"color": "rgba(140, 70, 40, 0.6)"}}, {"name": "51", "value": "\u6eaa\u5c71\u6c34\u9601\u56fe", "symbol": "rect", "symbolSize": 0, "itemStyle": {"color": "rgba(140, 70, 40, 0.6)"}}, {"name": "52", "value": "\u4ed9\u5c71\u697c\u9601\u56fe", "symbol": "rect", "symbolSize": 0, "itemStyle": {"color": "rgba(140, 70, 40, 0.6)"}}, {"name": "53", "value": "\u957f\u6865\u5367\u6ce2\u56fe", "symbol": "rect", "symbolSize": 0, "itemStyle": {"color": "rgba(140, 70, 40, 0.6)"}}, {"name": "54", "value": "\u67f3\u5858\u79cb\u8349\u56fe", "symbol": "rect", "symbolSize": 0, "itemStyle": {"color": "rgba(140, 70, 40, 0.6)"}}, {"name": "55", "value": "\u5bd2\u6c40\u843d\u96c1\u56fe", "symbol": "rect", "symbolSize": 0, "itemStyle": {"color": "rgba(140, 70, 40, 0.6)"}}, {"name": "56", "value": "\u7af9\u6da7\u9e33\u9e2f\u56fe", "symbol": "rect", "symbolSize": 0, "itemStyle": {"color": "rgba(140, 70, 40, 0.6)"}}, {"name": "57", "value": "\u677e\u6da7\u5c71\u79bd\u56fe", "symbol": "rect", "symbolSize": 0, "itemStyle": {"color": "rgba(140, 70, 40, 0.6)"}}, {"name": "58", "value": "\u53e4\u6728\u5bd2\u79bd\u56fe", "symbol": "rect", "symbolSize": 0, "itemStyle": {"color": "rgba(140, 70, 40, 0.6)"}}, {"name": "59", "value": "\u590f\u5c71\u56fe", "symbol": "rect", "symbolSize": 0, "itemStyle": {"color": "rgba(140, 70, 40, 0.6)"}}, {"name": "60", "value": "\u5e7d\u8c37\u56fe", "symbol": "rect", "symbolSize": 0, "itemStyle": {"color": "rgba(140, 70, 40, 0.6)"}}, {"name": "61", "value": "\u53e4\u6728\u9065\u5c71\u56fe", "symbol": "rect", "symbolSize": 0, "itemStyle": {"color": "rgba(140, 70, 40, 0.6)"}}, {"name": "62", "value": "\u4e07\u58d1\u677e\u98ce\u56fe", "symbol": "rect", "symbolSize": 0, "itemStyle": {"color": "rgba(140, 70, 40, 0.6)"}}, {"name": "63", "value": "\u6f47\u6e58\u56fe", "symbol": "rect", "symbolSize": 0, "itemStyle": {"color": "rgba(140, 70, 40, 0.6)"}}, {"name": "64", "value": "\u53e4\u6728\u602a\u77f3\u56fe\u3001\u58a8\u7af9\u56fe", "symbol": "rect", "symbolSize": 0, "itemStyle": {"color": "rgba(140, 70, 40, 0.6)"}}, {"name": "65", "value": "\u70df\u6c5f\u53e0\u5d82\u56fe", "symbol": "rect", "symbolSize": 0, "itemStyle": {"color": "rgba(140, 70, 40, 0.6)"}}, {"name": "66", "value": "\u897f\u6e56\u56fe", "symbol": "rect", "symbolSize": 0, "itemStyle": {"color": "rgba(140, 70, 40, 0.6)"}}, {"name": "67", "value": "\u6eaa\u5c71\u884c\u65c5\u56fe", "symbol": "rect", "symbolSize": 0, "itemStyle": {"color": "rgba(140, 70, 40, 0.6)"}}, {"name": "68", "value": "\u90ca\u539f\u66f3\u6756\u56fe", "symbol": "rect", "symbolSize": 0, "itemStyle": {"color": "rgba(140, 70, 40, 0.6)"}}, {"name": "69", "value": "\u697c\u53f0\u591c\u6708\u56fe", "symbol": "rect", "symbolSize": 0, "itemStyle": {"color": "rgba(140, 70, 40, 0.6)"}}, {"name": "70", "value": "\u96ea\u5c50\u89c2\u6885\u56fe", "symbol": "rect", "symbolSize": 0, "itemStyle": {"color": "rgba(140, 70, 40, 0.6)"}}, {"name": "71", "value": "\u677e\u4e0b\u95f2\u541f\u56fe", "symbol": "rect", "symbolSize": 0, "itemStyle": {"color": "rgba(140, 70, 40, 0.6)"}}, {"name": "72", "value": "\u70df\u6c5f\u6b32\u96e8\u56fe", "symbol": "rect", "symbolSize": 0, "itemStyle": {"color": "rgba(140, 70, 40, 0.6)"}}, {"name": "73", "value": "\u5c71\u697c\u6765\u51e4\u56fe", "symbol": "rect", "symbolSize": 0, "itemStyle": {"color": "rgba(140, 70, 40, 0.6)"}}, {"name": "74", "value": "\u96ea\u666f\u56db\u6bb5", "symbol": "rect", "symbolSize": 0, "itemStyle": {"color": "rgba(140, 70, 40, 0.6)"}}, {"name": "75", "value": "\u96ea\u666f\u5c71\u6c34\u56fe", "symbol": "rect", "symbolSize": 0, "itemStyle": {"color": "rgba(140, 70, 40, 0.6)"}}, {"name": "76", "value": "\u79cb\u5c71\u8427\u5bfa\u56fe", "symbol": "rect", "symbolSize": 0, "itemStyle": {"color": "rgba(140, 70, 40, 0.6)"}}, {"name": "77", "value": "\u7267\u7f8a\u56fe", "symbol": "rect", "symbolSize": 0, "itemStyle": {"color": "rgba(140, 70, 40, 0.6)"}}, {"name": "78", "value": "\u6eaa\u6865\u5f52\u9a91\u56fe", "symbol": "rect", "symbolSize": 0, "itemStyle": {"color": "rgba(140, 70, 40, 0.6)"}}, {"name": "79", "value": "\u643a\u7434\u95f2\u6b65\u56fe", "symbol": "rect", "symbolSize": 0, "itemStyle": {"color": "rgba(140, 70, 40, 0.6)"}}, {"name": "80", "value": "\u6e14\u6751\u5f52\u9493\u56fe", "symbol": "rect", "symbolSize": 0, "itemStyle": {"color": "rgba(140, 70, 40, 0.6)"}}, {"name": "81", "value": "\u82b1\u575e\u9189\u5f52\u56fe", "symbol": "rect", "symbolSize": 0, "itemStyle": {"color": "rgba(140, 70, 40, 0.6)"}}, {"name": "82", "value": "\u8377\u5858\u6309\u4e50\u56fe", "symbol": "rect", "symbolSize": 0, "itemStyle": {"color": "rgba(140, 70, 40, 0.6)"}}, {"name": "83", "value": "\u6c5f\u5983\u73a9\u6708\u56fe", "symbol": "rect", "symbolSize": 0, "itemStyle": {"color": "rgba(140, 70, 40, 0.6)"}}, {"name": "84", "value": "\u677e\u98ce\u697c\u89c2\u56fe", "symbol": "rect", "symbolSize": 0, "itemStyle": {"color": "rgba(140, 70, 40, 0.6)"}}, {"name": "85", "value": "\u6f84\u6c5f\u78a7\u5cab\u56fe", "symbol": "rect", "symbolSize": 0, "itemStyle": {"color": "rgba(140, 70, 40, 0.6)"}}, {"name": "86", "value": "\u6c5f\u6751\u56fe", "symbol": "rect", "symbolSize": 0, "itemStyle": {"color": "rgba(140, 70, 40, 0.6)"}}, {"name": "87", "value": "\u6e38\u6625\u56fe", "symbol": "rect", "symbolSize": 0, "itemStyle": {"color": "rgba(140, 70, 40, 0.6)"}}, {"name": "88", "value": "\u96ea\u6c5f\u5f52\u68f9\u56fe", "symbol": "rect", "symbolSize": 0, "itemStyle": {"color": "rgba(140, 70, 40, 0.6)"}}, {"name": "89", "value": "\u675c\u752b\u8bd7\u610f\u56fe", "symbol": "rect", "symbolSize": 0, "itemStyle": {"color": "rgba(140, 70, 40, 0.6)"}}, {"name": "90", "value": "\u665a\u666f\u56fe", "symbol": "rect", "symbolSize": 0, "itemStyle": {"color": "rgba(140, 70, 40, 0.6)"}}, {"name": "91", "value": "\u590f\u666f\u5c71\u53e3\u5f85\u6e21\u56fe", "symbol": "rect", "symbolSize": 0, "itemStyle": {"color": "rgba(140, 70, 40, 0.6)"}}, {"name": "92", "value": "\u6c99\u6c40\u70df\u6811\u56fe", "symbol": "rect", "symbolSize": 0, "itemStyle": {"color": "rgba(140, 70, 40, 0.6)"}}, {"name": "93", "value": "\u8302\u6797\u8fdc\u5cab\u56fe", "symbol": "rect", "symbolSize": 0, "itemStyle": {"color": "rgba(140, 70, 40, 0.6)"}}, {"name": "94", "value": "\u5c0f\u5bd2\u6797\u56fe", "symbol": "rect", "symbolSize": 0, "itemStyle": {"color": "rgba(140, 70, 40, 0.6)"}}, {"name": "95", "value": "\u79cb\u7a97\u8bfb\u6613\u56fe", "symbol": "rect", "symbolSize": 0, "itemStyle": {"color": "rgba(140, 70, 40, 0.6)"}}, {"name": "96", "value": "\u8377\u9999\u6e05\u590f\u56fe", "symbol": "rect", "symbolSize": 0, "itemStyle": {"color": "rgba(140, 70, 40, 0.6)"}}, {"name": "97", "value": "\u677e\u5bff\u56fe", "symbol": "rect", "symbolSize": 0, "itemStyle": {"color": "rgba(140, 70, 40, 0.6)"}}, {"name": "98", "value": "\u79cb\u5c71\u7ea2\u6811\u56fe", "symbol": "rect", "symbolSize": 0, "itemStyle": {"color": "rgba(140, 70, 40, 0.6)"}}, {"name": "99", "value": "\u6df1\u5c71\u4f1a\u68cb\u56fe", "symbol": "rect", "symbolSize": 0, "itemStyle": {"color": "rgba(140, 70, 40, 0.6)"}}, {"name": "100", "value": "\u7389\u697c\u6625\u601d\u56fe", "symbol": "rect", "symbolSize": 0, "itemStyle": {"color": "rgba(140, 70, 40, 0.6)"}}, {"name": "101", "value": "\u6c5f\u4ead\u665a\u773a\u56fe", "symbol": "rect", "symbolSize": 0, "itemStyle": {"color": "rgba(140, 70, 40, 0.6)"}}, {"name": "102", "value": "\u4ed9\u5c71\u697c\u9601\u56fe", "symbol": "rect", "symbolSize": 0, "itemStyle": {"color": "rgba(140, 70, 40, 0.6)"}}, {"name": "103", "value": "\u677e\u6e56\u9493\u9690\u56fe", "symbol": "rect", "symbolSize": 0, "itemStyle": {"color": "rgba(140, 70, 40, 0.6)"}}, {"name": "104", "value": "\u5cfb\u5cad\u6eaa\u6865\u56fe", "symbol": "rect", "symbolSize": 0, "itemStyle": {"color": "rgba(140, 70, 40, 0.6)"}}, {"name": "105", "value": "\u8587\u7701\u9ec4\u660f\u56fe", "symbol": "rect", "symbolSize": 0, "itemStyle": {"color": "rgba(140, 70, 40, 0.6)"}}, {"name": "106", "value": "\u6c5f\u4ead\u63fd\u80dc\u56fe", "symbol": "rect", "symbolSize": 0, "itemStyle": {"color": "rgba(140, 70, 40, 0.6)"}}, {"name": "107", "value": "\u96ea\u666f\u5c71\u6c34\u56fe", "symbol": "rect", "symbolSize": 0, "itemStyle": {"color": "rgba(140, 70, 40, 0.6)"}}, {"name": "108", "value": "\u8fdc\u6d66\u5f52\u5e06\u56fe", "symbol": "rect", "symbolSize": 0, "itemStyle": {"color": "rgba(140, 70, 40, 0.6)"}}, {"name": "109", "value": "\u9001\u90dd\u7384\u660e\u4f7f\u79e6\u4e66\u753b\u56fe", "symbol": "rect", "symbolSize": 0, "itemStyle": {"color": "rgba(140, 70, 40, 0.6)"}}, {"name": "110", "value": "\u8bfb\u7891\u7aa0\u77f3\u56fe", "symbol": "rect", "symbolSize": 0, "itemStyle": {"color": "rgba(140, 70, 40, 0.6)"}}, {"name": "111", "value": "\u53e4\u677e\u697c\u9601\u56fe", "symbol": "rect", "symbolSize": 0, "itemStyle": {"color": "rgba(140, 70, 40, 0.6)"}}, {"name": "112", "value": "\u8fdc\u5cab\u6674\u4e91\u56fe", "symbol": "rect", "symbolSize": 0, "itemStyle": {"color": "rgba(140, 70, 40, 0.6)"}}, {"name": "113", "value": "\u6e56\u7554\u5e7d\u5c45\u56fe", "symbol": "rect", "symbolSize": 0, "itemStyle": {"color": "rgba(140, 70, 40, 0.6)"}}, {"name": "114", "value": "\u6c5f\u5c71\u697c\u89c2\u56fe", "symbol": "rect", "symbolSize": 0, "itemStyle": {"color": "rgba(140, 70, 40, 0.6)"}}, {"name": "115", "value": "\u79cb\u6c5f\u6e14\u8247\u56fe", "symbol": "rect", "symbolSize": 0, "itemStyle": {"color": "rgba(140, 70, 40, 0.6)"}}, {"name": "116", "value": "\u89c2\u7011\u56fe", "symbol": "rect", "symbolSize": 0, "itemStyle": {"color": "rgba(140, 70, 40, 0.6)"}}, {"name": "117", "value": "\u79cb\u5858\u56fe", "symbol": "rect", "symbolSize": 0, "itemStyle": {"color": "rgba(140, 70, 40, 0.6)"}}, {"name": "118", "value": "\u590f\u666f\u5c71\u6c34\u56fe", "symbol": "rect", "symbolSize": 0, "itemStyle": {"color": "rgba(140, 70, 40, 0.6)"}}, {"name": "119", "value": "\u96ea\u666f\u5c71\u6c34\u56fe", "symbol": "rect", "symbolSize": 0, "itemStyle": {"color": "rgba(140, 70, 40, 0.6)"}}, {"name": "120", "value": "\u96ea\u4e2d\u884c\u65c5\u56fe", "symbol": "rect", "symbolSize": 0, "itemStyle": {"color": "rgba(140, 70, 40, 0.6)"}}, {"name": "121", "value": "\u6d1e\u5ead\u79cb\u6708\u56fe", "symbol": "rect", "symbolSize": 0, "itemStyle": {"color": "rgba(140, 70, 40, 0.6)"}}, {"name": "122", "value": "\u8fdc\u6d66\u5f52\u5e06\u56fe", "symbol": "rect", "symbolSize": 0, "itemStyle": {"color": "rgba(140, 70, 40, 0.6)"}}, {"name": "123", "value": "\u6e14\u6751\u5915\u7167\u56fe", "symbol": "rect", "symbolSize": 0, "itemStyle": {"color": "rgba(140, 70, 40, 0.6)"}}, {"name": "124", "value": "\u5bd2\u6797\u91cd\u6c40\u56fe", "symbol": "rect", "symbolSize": 0, "itemStyle": {"color": "rgba(140, 70, 40, 0.6)"}}, {"name": "125", "value": "\u6c5f\u5929\u66ae\u96ea\u56fe", "symbol": "rect", "symbolSize": 0, "itemStyle": {"color": "rgba(140, 70, 40, 0.6)"}}, {"name": "126", "value": "\u70df\u5bfa\u665a\u949f\u56fe", "symbol": "rect", "symbolSize": 0, "itemStyle": {"color": "rgba(140, 70, 40, 0.6)"}}, {"name": "127", "value": "\u96ea\u5c71\u5f52\u730e\u56fe", "symbol": "rect", "symbolSize": 0, "itemStyle": {"color": "rgba(140, 70, 40, 0.6)"}}, {"name": "128", "value": "\u96ea\u666f\u5bd2\u6797\u56fe", "symbol": "rect", "symbolSize": 0, "itemStyle": {"color": "rgba(140, 70, 40, 0.6)"}}, {"name": "129", "value": "\u6fe0\u6fee\u56fe", "symbol": "rect", "symbolSize": 0, "itemStyle": {"color": "rgba(140, 70, 40, 0.6)"}}, {"name": "130", "value": "\u6708\u4e0b\u628a\u676f\u56fe", "symbol": "rect", "symbolSize": 0, "itemStyle": {"color": "rgba(140, 70, 40, 0.6)"}}, {"name": "131", "value": "\u4e30\u7a14\u56fe", "symbol": "rect", "symbolSize": 0, "itemStyle": {"color": "rgba(140, 70, 40, 0.6)"}}, {"name": "132", "value": "\u677e\u658b\u9759\u5750\u56fe", "symbol": "rect", "symbolSize": 0, "itemStyle": {"color": "rgba(140, 70, 40, 0.6)"}}, {"name": "133", "value": "\u705e\u6865\u98ce\u96ea\u56fe", "symbol": "rect", "symbolSize": 0, "itemStyle": {"color": "rgba(140, 70, 40, 0.6)"}}, {"name": "134", "value": "\u96ea\u5c71\u697c\u9601\u56fe", "symbol": "rect", "symbolSize": 0, "itemStyle": {"color": "rgba(140, 70, 40, 0.6)"}}, {"name": "135", "value": "\u96e8\u4f59\u70df\u6811\u56fe", "symbol": "rect", "symbolSize": 0, "itemStyle": {"color": "rgba(140, 70, 40, 0.6)"}}, {"name": "136", "value": "\u5e73\u6797\u9701\u8272\u56fe", "symbol": "rect", "symbolSize": 0, "itemStyle": {"color": "rgba(140, 70, 40, 0.6)"}}, {"name": "137", "value": "\u6c5f\u5c71\u79cb\u8272\u56fe", "symbol": "rect", "symbolSize": 0, "itemStyle": {"color": "rgba(140, 70, 40, 0.6)"}}, {"name": "138", "value": "\u96ea\u5c71\u8427\u5bfa\u56fe", "symbol": "rect", "symbolSize": 0, "itemStyle": {"color": "rgba(140, 70, 40, 0.6)"}}, {"name": "139", "value": "\u8d64\u58c1\u56fe", "symbol": "rect", "symbolSize": 0, "itemStyle": {"color": "rgba(140, 70, 40, 0.6)"}}, {"name": "140", "value": "\u6e56\u5e84\u6e05\u590f\u56fe", "symbol": "rect", "symbolSize": 0, "itemStyle": {"color": "rgba(140, 70, 40, 0.6)"}}, {"name": "141", "value": "\u5bd2\u6797\u805a\u79bd\u56fe", "symbol": "rect", "symbolSize": 0, "itemStyle": {"color": "rgba(140, 70, 40, 0.6)"}}, {"name": "142", "value": "\u6eaa\u5c71\u5170\u82e5\u56fe", "symbol": "rect", "symbolSize": 0, "itemStyle": {"color": "rgba(140, 70, 40, 0.6)"}}, {"name": "143", "value": "\u79cb\u82a6\u98de\u9e5c\u56fe", "symbol": "rect", "symbolSize": 0, "itemStyle": {"color": "rgba(140, 70, 40, 0.6)"}}, {"name": "144", "value": "\u6625\u90ca\u56de\u96c1\u56fe", "symbol": "rect", "symbolSize": 0, "itemStyle": {"color": "rgba(140, 70, 40, 0.6)"}}, {"name": "145", "value": "\u5750\u770b\u4e91\u8d77\u56fe", "symbol": "rect", "symbolSize": 0, "itemStyle": {"color": "rgba(140, 70, 40, 0.6)"}}, {"name": "146", "value": "\u677e\u836b\u89c2\u9e7f\u56fe", "symbol": "rect", "symbolSize": 0, "itemStyle": {"color": "rgba(140, 70, 40, 0.6)"}}, {"name": "147", "value": "\u4e3e\u676f\u9080\u6708\u56fe", "symbol": "rect", "symbolSize": 0, "itemStyle": {"color": "rgba(140, 70, 40, 0.6)"}}, {"name": "148", "value": "\u70df\u6c5f\u5e06\u5f71\u56fe", "symbol": "rect", "symbolSize": 0, "itemStyle": {"color": "rgba(140, 70, 40, 0.6)"}}, {"name": "149", "value": "\u6c5f\u5824\u653e\u7267\u56fe", "symbol": "rect", "symbolSize": 0, "itemStyle": {"color": "rgba(140, 70, 40, 0.6)"}}, {"name": "150", "value": "\u6eaa\u5c71\u65e0\u5c3d\u56fe", "symbol": "rect", "symbolSize": 0, "itemStyle": {"color": "rgba(140, 70, 40, 0.6)"}}, {"name": "151", "value": "\u5bab\u82d1\u56fe", "symbol": "rect", "symbolSize": 0, "itemStyle": {"color": "rgba(140, 70, 40, 0.6)"}}, {"name": "152", "value": "\u96ea\u6c40\u6c34\u79bd\u56fe", "symbol": "rect", "symbolSize": 0, "itemStyle": {"color": "rgba(140, 70, 40, 0.6)"}}, {"name": "153", "value": "\u67f3\u5858\u5bfb\u53e5\u56fe", "symbol": "rect", "symbolSize": 0, "itemStyle": {"color": "rgba(140, 70, 40, 0.6)"}}, {"name": "154", "value": "\u8349\u5802\u6d88\u590f\u56fe", "symbol": "rect", "symbolSize": 0, "itemStyle": {"color": "rgba(140, 70, 40, 0.6)"}}, {"name": "155", "value": "\u6eaa\u5cb8\u56fe", "symbol": "rect", "symbolSize": 0, "itemStyle": {"color": "rgba(140, 70, 40, 0.6)"}}, {"name": "156", "value": "\u6811\u8272\u5e73\u8fdc\u56fe", "symbol": "rect", "symbolSize": 0, "itemStyle": {"color": "rgba(140, 70, 40, 0.6)"}}, {"name": "157", "value": "\u4e91\u5c71\u56fe", "symbol": "rect", "symbolSize": 0, "itemStyle": {"color": "rgba(140, 70, 40, 0.6)"}}, {"name": "158", "value": "\u590f\u5c71\u56fe", "symbol": "rect", "symbolSize": 0, "itemStyle": {"color": "rgba(140, 70, 40, 0.6)"}}, {"name": "159", "value": "\u897f\u585e\u6e14\u793e\u56fe", "symbol": "rect", "symbolSize": 0, "itemStyle": {"color": "rgba(140, 70, 40, 0.6)"}}, {"name": "160", "value": "\u6cfd\u7554\u884c\u541f\u56fe", "symbol": "rect", "symbolSize": 0, "itemStyle": {"color": "rgba(140, 70, 40, 0.6)"}}, {"name": "161", "value": "\u6eaa\u5c71\u96ea\u610f\u56fe", "symbol": "rect", "symbolSize": 0, "itemStyle": {"color": "rgba(140, 70, 40, 0.6)"}}, {"name": "162", "value": "\u6708\u4e0b\u8d4f\u6885\u56fe", "symbol": "rect", "symbolSize": 0, "itemStyle": {"color": "rgba(140, 70, 40, 0.6)"}}, {"name": "163", "value": "\u9ad8\u58eb\u89c2\u7011\u56fe", "symbol": "rect", "symbolSize": 0, "itemStyle": {"color": "rgba(140, 70, 40, 0.6)"}}, {"name": "164", "value": "\u5c71\u5e02\u6674\u5ce6\u56fe", "symbol": "rect", "symbolSize": 0, "itemStyle": {"color": "rgba(140, 70, 40, 0.6)"}}, {"name": "165", "value": "\u6cfd\u7554\u75be\u98ce\u56fe", "symbol": "rect", "symbolSize": 0, "itemStyle": {"color": "rgba(140, 70, 40, 0.6)"}}, {"name": "166", "value": "\u677e\u58d1\u9690\u6816\u56fe", "symbol": "rect", "symbolSize": 0, "itemStyle": {"color": "rgba(140, 70, 40, 0.6)"}}, {"name": "167", "value": "\u4eff\u9a6c\u8fdc\u6d1e\u5929\u8bba\u9053\u56fe", "symbol": "rect", "symbolSize": 0, "itemStyle": {"color": "rgba(140, 70, 40, 0.6)"}}, {"name": "168", "value": "\u4eff\u9a6c\u8fdc\u677e\u836b\u73a9\u6708\u56fe", "symbol": "rect", "symbolSize": 0, "itemStyle": {"color": "rgba(140, 70, 40, 0.6)"}}, {"name": "169", "value": "\u4eff\u590f\u73ea\u5192\u96e8\u5bfb\u5e84\u56fe", "symbol": "rect", "symbolSize": 0, "itemStyle": {"color": "rgba(140, 70, 40, 0.6)"}}, {"name": "170", "value": "\u98ce\u96e8\u7ef4\u821f\u56fe", "symbol": "rect", "symbolSize": 0, "itemStyle": {"color": "rgba(140, 70, 40, 0.6)"}}, {"name": "171", "value": "\u96ea\u666f\u5f85\u6e21\u56fe", "symbol": "rect", "symbolSize": 0, "itemStyle": {"color": "rgba(140, 70, 40, 0.6)"}}, {"name": "172", "value": "\u6625\u5c71\u66db\u66ae\u56fe", "symbol": "rect", "symbolSize": 0, "itemStyle": {"color": "rgba(140, 70, 40, 0.6)"}}, {"name": "173", "value": "\u6cdb\u821f\u67f3\u5858\u56fe", "symbol": "rect", "symbolSize": 0, "itemStyle": {"color": "rgba(140, 70, 40, 0.6)"}}, {"name": "174", "value": "\u79cb\u6c5f\u6e14\u8247\u56fe", "symbol": "rect", "symbolSize": 0, "itemStyle": {"color": "rgba(140, 70, 40, 0.6)"}}, {"name": "175", "value": "\u6797\u5ce6\u79ef\u7fe0\u56fe", "symbol": "rect", "symbolSize": 0, "itemStyle": {"color": "rgba(140, 70, 40, 0.6)"}}, {"name": "176", "value": "\u6674\u5ce6\u8427\u5bfa\u56fe", "symbol": "rect", "symbolSize": 0, "itemStyle": {"color": "rgba(140, 70, 40, 0.6)"}}, {"name": "177", "value": "\u8d64\u58c1\u8d4b\u56fe", "symbol": "rect", "symbolSize": 0, "itemStyle": {"color": "rgba(140, 70, 40, 0.6)"}}, {"name": "178", "value": "\u897f\u56ed\u96c5\u96c6\u56fe", "symbol": "rect", "symbolSize": 0, "itemStyle": {"color": "rgba(140, 70, 40, 0.6)"}}, {"name": "179", "value": "\u540e\u8d64\u58c1\u8d4b\u56fe", "symbol": "rect", "symbolSize": 0, "itemStyle": {"color": "rgba(140, 70, 40, 0.6)"}}, {"name": "180", "value": "\u6c5f\u5c71\u884c\u65c5\u56fe", "symbol": "rect", "symbolSize": 0, "itemStyle": {"color": "rgba(140, 70, 40, 0.6)"}}, {"name": "181", "value": "\u5c71\u6c34\u5341\u4e8c\u666f", "symbol": "rect", "symbolSize": 0, "itemStyle": {"color": "rgba(140, 70, 40, 0.6)"}}, {"name": "182", "value": "\u89c2\u7011\u56fe", "symbol": "rect", "symbolSize": 0, "itemStyle": {"color": "rgba(140, 70, 40, 0.6)"}}, {"name": "183", "value": "\u6eaa\u5c71\u79cb\u9701\u56fe", "symbol": "rect", "symbolSize": 0, "itemStyle": {"color": "rgba(140, 70, 40, 0.6)"}}, {"name": "184", "value": "\u677e\u6749\u884c\u65c5\u56fe", "symbol": "rect", "symbolSize": 0, "itemStyle": {"color": "rgba(140, 70, 40, 0.6)"}}, {"name": "185", "value": "\u6d1e\u5ead\u79cb\u6708\u56fe", "symbol": "rect", "symbolSize": 0, "itemStyle": {"color": "rgba(140, 70, 40, 0.6)"}}, {"name": "186", "value": "\u5c71\u6c34\u56fe", "symbol": "rect", "symbolSize": 0, "itemStyle": {"color": "rgba(140, 70, 40, 0.6)"}}, {"name": "187", "value": "\u6eaa\u7554\u5f52\u7267\u56fe", "symbol": "rect", "symbolSize": 0, "itemStyle": {"color": "rgba(140, 70, 40, 0.6)"}}, {"name": "188", "value": "\u4e91\u8d77\u697c\u56fe", "symbol": "rect", "symbolSize": 0, "itemStyle": {"color": "rgba(140, 70, 40, 0.6)"}}, {"name": "189", "value": "\u6f47\u6e58\u516b\u666f\u56fe", "symbol": "rect", "symbolSize": 0, "itemStyle": {"color": "rgba(140, 70, 40, 0.6)"}}, {"name": "190", "value": "\u9ad8\u58eb\u89c2\u6c34\u56fe", "symbol": "rect", "symbolSize": 0, "itemStyle": {"color": "rgba(140, 70, 40, 0.6)"}}, {"name": "192", "value": "\u4eac\u757f\u745e\u96ea\u56fe", "symbol": "rect", "symbolSize": 0, "itemStyle": {"color": "rgba(140, 70, 40, 0.6)"}}, {"name": "193", "value": "\u6f47\u6e58\u56fe", "symbol": "rect", "symbolSize": 0, "itemStyle": {"color": "rgba(140, 70, 40, 0.6)"}}, {"name": "194", "value": "\u7aa0\u77f3\u5e73\u8fdc\u56fe", "symbol": "rect", "symbolSize": 0, "itemStyle": {"color": "rgba(140, 70, 40, 0.6)"}}, {"name": "195", "value": "\u6c5f\u5c71\u653e\u7267\u56fe", "symbol": "rect", "symbolSize": 0, "itemStyle": {"color": "rgba(140, 70, 40, 0.6)"}}, {"name": "196", "value": "\u9606\u82d1\u5973\u4ed9\u56fe", "symbol": "rect", "symbolSize": 0, "itemStyle": {"color": "rgba(140, 70, 40, 0.6)"}}, {"name": "197", "value": "\u6e14\u6751\u5c0f\u96ea\u56fe", "symbol": "rect", "symbolSize": 0, "itemStyle": {"color": "rgba(140, 70, 40, 0.6)"}}, {"name": "198", "value": "\u9ad8\u58eb\u56fe", "symbol": "rect", "symbolSize": 0, "itemStyle": {"color": "rgba(140, 70, 40, 0.6)"}}, {"name": "199", "value": "\u6625\u5c71\u56fe", "symbol": "rect", "symbolSize": 0, "itemStyle": {"color": "rgba(140, 70, 40, 0.6)"}}, {"name": "201", "value": "\u957f\u590f\u6c5f\u5bfa\u56fe", "symbol": "rect", "symbolSize": 0, "itemStyle": {"color": "rgba(140, 70, 40, 0.6)"}}, {"name": "202", "value": "\u82a6\u6c40\u5bc6\u96ea\u56fe", "symbol": "rect", "symbolSize": 0, "itemStyle": {"color": "rgba(140, 70, 40, 0.6)"}}, {"name": "203", "value": "\u4e91\u5c71\u58a8\u620f\u56fe", "symbol": "rect", "symbolSize": 0, "itemStyle": {"color": "rgba(140, 70, 40, 0.6)"}}, {"name": "204", "value": "\u6f47\u6e58\u5947\u89c2\u56fe", "symbol": "rect", "symbolSize": 0, "itemStyle": {"color": "rgba(140, 70, 40, 0.6)"}}, {"name": "205", "value": "\u5343\u91cc\u6c5f\u5c71\u56fe", "symbol": "rect", "symbolSize": 0, "itemStyle": {"color": "rgba(140, 70, 40, 0.6)"}}, {"name": "206", "value": "\u96ea\u6c5f\u5f52\u68f9\u56fe", "symbol": "rect", "symbolSize": 0, "itemStyle": {"color": "rgba(140, 70, 40, 0.6)"}}, {"name": "207", "value": "\u6e58\u4e61\u5c0f\u666f\u56fe", "symbol": "rect", "symbolSize": 0, "itemStyle": {"color": "rgba(140, 70, 40, 0.6)"}}, {"name": "208", "value": "\u540e\u8d64\u58c1\u8d4b\u56fe", "symbol": "rect", "symbolSize": 0, "itemStyle": {"color": "rgba(140, 70, 40, 0.6)"}}, {"name": "209", "value": "\u94b1\u5858\u89c2\u6f6e\u56fe", "symbol": "rect", "symbolSize": 0, "itemStyle": {"color": "rgba(140, 70, 40, 0.6)"}}, {"name": "210", "value": "\u67f3\u6eaa\u5367\u7b1b\u56fe", "symbol": "rect", "symbolSize": 0, "itemStyle": {"color": "rgba(140, 70, 40, 0.6)"}}, {"name": "211", "value": "\u96ea\u6808\u884c\u9a91\u56fe", "symbol": "rect", "symbolSize": 0, "itemStyle": {"color": "rgba(140, 70, 40, 0.6)"}}, {"name": "212", "value": "\u56db\u666f\u5c71\u6c34\u56fe", "symbol": "rect", "symbolSize": 0, "itemStyle": {"color": "rgba(140, 70, 40, 0.6)"}}, {"name": "213", "value": "\u6c34\u56fe", "symbol": "rect", "symbolSize": 0, "itemStyle": {"color": "rgba(140, 70, 40, 0.6)"}}, {"name": "214", "value": "\u8e0f\u6b4c\u56fe", "symbol": "rect", "symbolSize": 0, "itemStyle": {"color": "rgba(140, 70, 40, 0.6)"}}, {"name": "215", "value": "\u77f3\u58c1\u770b\u4e91\u56fe", "symbol": "rect", "symbolSize": 0, "itemStyle": {"color": "rgba(140, 70, 40, 0.6)"}}, {"name": "216", "value": "\u677e\u6eaa\u6cdb\u6708\u56fe", "symbol": "rect", "symbolSize": 0, "itemStyle": {"color": "rgba(140, 70, 40, 0.6)"}}, {"name": "217", "value": "\u96ea\u5802\u5ba2\u8bdd\u56fe", "symbol": "rect", "symbolSize": 0, "itemStyle": {"color": "rgba(140, 70, 40, 0.6)"}}, {"name": "218", "value": "\u68a7\u7af9\u6eaa\u5802\u56fe", "symbol": "rect", "symbolSize": 0, "itemStyle": {"color": "rgba(140, 70, 40, 0.6)"}}, {"name": "219", "value": "\u70df\u5cab\u6797\u5c45\u56fe", "symbol": "rect", "symbolSize": 0, "itemStyle": {"color": "rgba(140, 70, 40, 0.6)"}}, {"name": "220", "value": "\u9065\u5c91\u70df\u972d\u56fe", "symbol": "rect", "symbolSize": 0, "itemStyle": {"color": "rgba(140, 70, 40, 0.6)"}}, {"name": "221", "value": "\u6c5f\u5c71\u79cb\u8272\u56fe", "symbol": "rect", "symbolSize": 0, "itemStyle": {"color": "rgba(140, 70, 40, 0.6)"}}, {"name": "222", "value": "\u4e07\u677e\u91d1\u9619\u56fe", "symbol": "rect", "symbolSize": 0, "itemStyle": {"color": "rgba(140, 70, 40, 0.6)"}}, {"name": "223", "value": "\u6c5f\u5c71\u4e07\u91cc\u56fe", "symbol": "rect", "symbolSize": 0, "itemStyle": {"color": "rgba(140, 70, 40, 0.6)"}}, {"name": "224", "value": "\u6e56\u5c71\u6625\u6653\u56fe", "symbol": "rect", "symbolSize": 0, "itemStyle": {"color": "rgba(140, 70, 40, 0.6)"}}, {"name": "225", "value": "\u8349\u5802\u5ba2\u8bdd\u56fe", "symbol": "rect", "symbolSize": 0, "itemStyle": {"color": "rgba(140, 70, 40, 0.6)"}}, {"name": "226", "value": "\u96ea\u6c5f\u5356\u9c7c\u56fe", "symbol": "rect", "symbolSize": 0, "itemStyle": {"color": "rgba(140, 70, 40, 0.6)"}}, {"name": "227", "value": "\u79cb\u6797\u89c2\u6cc9\u56fe", "symbol": "rect", "symbolSize": 0, "itemStyle": {"color": "rgba(140, 70, 40, 0.6)"}}, {"name": "228", "value": "\u79cb\u6797\u653e\u728a\u56fe", "symbol": "rect", "symbolSize": 0, "itemStyle": {"color": "rgba(140, 70, 40, 0.6)"}}, {"name": "229", "value": "\u96ea\u6e14\u56fe", "symbol": "rect", "symbolSize": 0, "itemStyle": {"color": "rgba(140, 70, 40, 0.6)"}}, {"name": "230", "value": "\u79cb\u5c71\u7ea2\u6811\u56fe", "symbol": "rect", "symbolSize": 0, "itemStyle": {"color": "rgba(140, 70, 40, 0.6)"}}]