[{"name": "C1", "value": 40, "symbol": "circle", "symbolSize": 20.0, "itemStyle": {"color": "rgb(10,10,10)"}}, {"name": "C2", "value": 24, "symbol": "circle", "symbolSize": 12.0, "itemStyle": {"color": "rgb(240,240,240)"}}, {"name": "C3", "value": 37, "symbol": "circle", "symbolSize": 18.5, "itemStyle": {"color": "rgb(78,68,59)"}}, {"name": "C4", "value": 37, "symbol": "circle", "symbolSize": 18.5, "itemStyle": {"color": "rgb(130,113,93)"}}, {"name": "C5", "value": 34, "symbol": "circle", "symbolSize": 17.0, "itemStyle": {"color": "rgb(97,92,73)"}}, {"name": "C6", "value": 45, "symbol": "circle", "symbolSize": 22.5, "itemStyle": {"color": "rgb(85,85,85)"}}, {"name": "C7", "value": 9, "symbol": "circle", "symbolSize": 10, "itemStyle": {"color": "rgb(124,95,89)"}}, {"name": "C8", "value": 13, "symbol": "circle", "symbolSize": 10, "itemStyle": {"color": "rgb(190,171,154)"}}, {"name": "C9", "value": 32, "symbol": "circle", "symbolSize": 16.0, "itemStyle": {"color": "rgb(170,141,113)"}}, {"name": "C10", "value": 24, "symbol": "circle", "symbolSize": 12.0, "itemStyle": {"color": "rgb(190,166,128)"}}, {"name": "C11", "value": 32, "symbol": "circle", "symbolSize": 16.0, "itemStyle": {"color": "rgb(136,129,119)"}}, {"name": "C12", "value": 16, "symbol": "circle", "symbolSize": 10, "itemStyle": {"color": "rgb(170,85,85)"}}, {"name": "C13", "value": 27, "symbol": "circle", "symbolSize": 13.5, "itemStyle": {"color": "rgb(45,41,38)"}}, {"name": "C14", "value": 20, "symbol": "circle", "symbolSize": 10, "itemStyle": {"color": "rgb(170,170,170)"}}, {"name": "C15", "value": 12, "symbol": "circle", "symbolSize": 10, "itemStyle": {"color": "rgb(127,127,63)"}}, {"name": "C16", "value": 43, "symbol": "circle", "symbolSize": 21.5, "itemStyle": {"color": "rgb(149,124,84)"}}, {"name": "C17", "value": 33, "symbol": "circle", "symbolSize": 16.5, "itemStyle": {"color": "rgb(114,99,60)"}}, {"name": "C18", "value": 27, "symbol": "circle", "symbolSize": 13.5, "itemStyle": {"color": "rgb(83,69,40)"}}, {"name": "C19", "value": 18, "symbol": "circle", "symbolSize": 10, "itemStyle": {"color": "rgb(144,109,87)"}}, {"name": "C20", "value": 26, "symbol": "circle", "symbolSize": 13.0, "itemStyle": {"color": "rgb(70,75,54)"}}, {"name": "C21", "value": 24, "symbol": "circle", "symbolSize": 12.0, "itemStyle": {"color": "rgb(63,63,63)"}}, {"name": "C22", "value": 9, "symbol": "circle", "symbolSize": 10, "itemStyle": {"color": "rgb(127,131,108)"}}, {"name": "C23", "value": 20, "symbol": "circle", "symbolSize": 10, "itemStyle": {"color": "rgb(104,91,82)"}}, {"name": "C24", "value": 12, "symbol": "circle", "symbolSize": 10, "itemStyle": {"color": "rgb(102,76,63)"}}, {"name": "C25", "value": 21, "symbol": "circle", "symbolSize": 10.5, "itemStyle": {"color": "rgb(127,63,63)"}}, {"name": "C26", "value": 6, "symbol": "circle", "symbolSize": 10, "itemStyle": {"color": "rgb(157,97,81)"}}, {"name": "C27", "value": 11, "symbol": "circle", "symbolSize": 10, "itemStyle": {"color": "rgb(234,229,210)"}}, {"name": "C28", "value": 11, "symbol": "circle", "symbolSize": 10, "itemStyle": {"color": "rgb(173,115,85)"}}, {"name": "C29", "value": 23, "symbol": "circle", "symbolSize": 11.5, "itemStyle": {"color": "rgb(147,98,52)"}}, {"name": "C30", "value": 14, "symbol": "circle", "symbolSize": 10, "itemStyle": {"color": "rgb(48,33,24)"}}, {"name": "C31", "value": 28, "symbol": "circle", "symbolSize": 14.0, "itemStyle": {"color": "rgb(52,47,25)"}}, {"name": "C32", "value": 27, "symbol": "circle", "symbolSize": 13.5, "itemStyle": {"color": "rgb(113,111,96)"}}, {"name": "C33", "value": 16, "symbol": "circle", "symbolSize": 10, "itemStyle": {"color": "rgb(56,102,76)"}}, {"name": "C34", "value": 19, "symbol": "circle", "symbolSize": 10, "itemStyle": {"color": "rgb(21,40,38)"}}, {"name": "C35", "value": 16, "symbol": "circle", "symbolSize": 10, "itemStyle": {"color": "rgb(20,66,56)"}}, {"name": "C36", "value": 16, "symbol": "circle", "symbolSize": 10, "itemStyle": {"color": "rgb(69,130,96)"}}, {"name": "C37", "value": 16, "symbol": "circle", "symbolSize": 10, "itemStyle": {"color": "rgb(91,99,71)"}}, {"name": "C38", "value": 16, "symbol": "circle", "symbolSize": 10, "itemStyle": {"color": "rgb(18,60,76)"}}, {"name": "C39", "value": 27, "symbol": "circle", "symbolSize": 13.5, "itemStyle": {"color": "rgb(154,148,116)"}}, {"name": "C40", "value": 16, "symbol": "circle", "symbolSize": 10, "itemStyle": {"color": "rgb(27,88,98)"}}, {"name": "C41", "value": 16, "symbol": "circle", "symbolSize": 10, "itemStyle": {"color": "rgb(127,0,0)"}}, {"name": "C42", "value": 21, "symbol": "circle", "symbolSize": 10.5, "itemStyle": {"color": "rgb(190,148,72)"}}, {"name": "C43", "value": 10, "symbol": "circle", "symbolSize": 10, "itemStyle": {"color": "rgb(85,85,0)"}}, {"name": "C44", "value": 5, "symbol": "circle", "symbolSize": 10, "itemStyle": {"color": "rgb(133,96,18)"}}, {"name": "C45", "value": 13, "symbol": "circle", "symbolSize": 10, "itemStyle": {"color": "rgb(54,37,9)"}}, {"name": "C46", "value": 5, "symbol": "circle", "symbolSize": 10, "itemStyle": {"color": "rgb(50,21,5)"}}, {"name": "C47", "value": 10, "symbol": "circle", "symbolSize": 10, "itemStyle": {"color": "rgb(89,65,10)"}}, {"name": "C48", "value": 8, "symbol": "circle", "symbolSize": 10, "itemStyle": {"color": "rgb(127,63,0)"}}, {"name": "C49", "value": 3, "symbol": "circle", "symbolSize": 10, "itemStyle": {"color": "rgb(191,127,127)"}}, {"name": "C50", "value": 28, "symbol": "circle", "symbolSize": 14.0, "itemStyle": {"color": "rgb(213,200,183)"}}, {"name": "C51", "value": 3, "symbol": "circle", "symbolSize": 10, "itemStyle": {"color": "rgb(255,191,127)"}}, {"name": "C52", "value": 7, "symbol": "circle", "symbolSize": 10, "itemStyle": {"color": "rgb(222,186,134)"}}, {"name": "C53", "value": 36, "symbol": "circle", "symbolSize": 18.0, "itemStyle": {"color": "rgb(111,86,56)"}}, {"name": "C54", "value": 5, "symbol": "circle", "symbolSize": 10, "itemStyle": {"color": "rgb(191,127,63)"}}, {"name": "C55", "value": 18, "symbol": "circle", "symbolSize": 10, "itemStyle": {"color": "rgb(191,191,127)"}}, {"name": "C56", "value": 24, "symbol": "circle", "symbolSize": 12.0, "itemStyle": {"color": "rgb(131,89,67)"}}, {"name": "C57", "value": 3, "symbol": "circle", "symbolSize": 10, "itemStyle": {"color": "rgb(91,50,27)"}}, {"name": "C58", "value": 15, "symbol": "circle", "symbolSize": 10, "itemStyle": {"color": "rgb(255,170,170)"}}, {"name": "C59", "value": 4, "symbol": "circle", "symbolSize": 10, "itemStyle": {"color": "rgb(162,136,133)"}}, {"name": "C60", "value": 5, "symbol": "circle", "symbolSize": 10, "itemStyle": {"color": "rgb(229,184,155)"}}]