[{"name": "C1", "value": 2, "symbol": "circle", "symbolSize": 14, "itemStyle": {"color": "rgb(10,10,10)"}}, {"name": "C2", "value": 1, "symbol": "circle", "symbolSize": 12, "itemStyle": {"color": "rgb(240,240,240)"}}, {"name": "C3", "value": 1, "symbol": "circle", "symbolSize": 12, "itemStyle": {"color": "rgb(78,68,59)"}}, {"name": "C5", "value": 1, "symbol": "circle", "symbolSize": 12, "itemStyle": {"color": "rgb(97,92,73)"}}, {"name": "C11", "value": 3, "symbol": "circle", "symbolSize": 16, "itemStyle": {"color": "rgb(136,129,119)"}}, {"name": "C14", "value": 5, "symbol": "circle", "symbolSize": 20, "itemStyle": {"color": "rgb(170,170,170)"}}, {"name": "C15", "value": 1, "symbol": "circle", "symbolSize": 12, "itemStyle": {"color": "rgb(127,127,63)"}}, {"name": "C16", "value": 2, "symbol": "circle", "symbolSize": 14, "itemStyle": {"color": "rgb(149,124,84)"}}, {"name": "C17", "value": 3, "symbol": "circle", "symbolSize": 16, "itemStyle": {"color": "rgb(114,99,60)"}}, {"name": "C20", "value": 4, "symbol": "circle", "symbolSize": 18, "itemStyle": {"color": "rgb(70,75,54)"}}, {"name": "C25", "value": 3, "symbol": "circle", "symbolSize": 16, "itemStyle": {"color": "rgb(127,63,63)"}}, {"name": "C26", "value": 1, "symbol": "circle", "symbolSize": 12, "itemStyle": {"color": "rgb(157,97,81)"}}, {"name": "C29", "value": 2, "symbol": "circle", "symbolSize": 14, "itemStyle": {"color": "rgb(147,98,52)"}}, {"name": "C30", "value": 1, "symbol": "circle", "symbolSize": 12, "itemStyle": {"color": "rgb(48,33,24)"}}, {"name": "C32", "value": 1, "symbol": "circle", "symbolSize": 12, "itemStyle": {"color": "rgb(113,111,96)"}}, {"name": "C33", "value": 10, "symbol": "circle", "symbolSize": 30, "itemStyle": {"color": "rgb(56,102,76)"}}, {"name": "C34", "value": 8, "symbol": "circle", "symbolSize": 26, "itemStyle": {"color": "rgb(21,40,38)"}}, {"name": "C35", "value": 10, "symbol": "circle", "symbolSize": 30, "itemStyle": {"color": "rgb(20,66,56)"}}, {"name": "C36", "value": 8, "symbol": "circle", "symbolSize": 26, "itemStyle": {"color": "rgb(69,130,96)"}}, {"name": "C37", "value": 8, "symbol": "circle", "symbolSize": 26, "itemStyle": {"color": "rgb(91,99,71)"}}, {"name": "C38", "value": 10, "symbol": "circle", "symbolSize": 30, "itemStyle": {"color": "rgb(18,60,76)"}}, {"name": "C39", "value": 1, "symbol": "circle", "symbolSize": 12, "itemStyle": {"color": "rgb(154,148,116)"}}, {"name": "C40", "value": 8, "symbol": "circle", "symbolSize": 26, "itemStyle": {"color": "rgb(27,88,98)"}}, {"name": "C41", "value": 10, "symbol": "circle", "symbolSize": 30, "itemStyle": {"color": "rgb(127,0,0)"}}, {"name": "C42", "value": 11, "symbol": "circle", "symbolSize": 32, "itemStyle": {"color": "rgb(190,148,72)"}}, {"name": "C43", "value": 6, "symbol": "circle", "symbolSize": 22, "itemStyle": {"color": "rgb(85,85,0)"}}, {"name": "C44", "value": 5, "symbol": "circle", "symbolSize": 20, "itemStyle": {"color": "rgb(133,96,18)"}}, {"name": "C45", "value": 6, "symbol": "circle", "symbolSize": 22, "itemStyle": {"color": "rgb(54,37,9)"}}, {"name": "C46", "value": 5, "symbol": "circle", "symbolSize": 20, "itemStyle": {"color": "rgb(50,21,5)"}}, {"name": "C47", "value": 6, "symbol": "circle", "symbolSize": 22, "itemStyle": {"color": "rgb(89,65,10)"}}, {"name": "C48", "value": 6, "symbol": "circle", "symbolSize": 22, "itemStyle": {"color": "rgb(127,63,0)"}}, {"name": "C50", "value": 1, "symbol": "circle", "symbolSize": 12, "itemStyle": {"color": "rgb(213,200,183)"}}, {"name": "C51", "value": 1, "symbol": "circle", "symbolSize": 12, "itemStyle": {"color": "rgb(255,191,127)"}}, {"name": "C53", "value": 1, "symbol": "circle", "symbolSize": 12, "itemStyle": {"color": "rgb(111,86,56)"}}, {"name": "C54", "value": 1, "symbol": "circle", "symbolSize": 12, "itemStyle": {"color": "rgb(191,127,63)"}}, {"name": "C55", "value": 4, "symbol": "circle", "symbolSize": 18, "itemStyle": {"color": "rgb(191,191,127)"}}, {"name": "C56", "value": 4, "symbol": "circle", "symbolSize": 18, "itemStyle": {"color": "rgb(131,89,67)"}}, {"name": "C57", "value": 2, "symbol": "circle", "symbolSize": 14, "itemStyle": {"color": "rgb(91,50,27)"}}, {"name": "C58", "value": 5, "symbol": "circle", "symbolSize": 20, "itemStyle": {"color": "rgb(255,170,170)"}}, {"name": "C59", "value": 1, "symbol": "circle", "symbolSize": 12, "itemStyle": {"color": "rgb(162,136,133)"}}, {"name": "C60", "value": 1, "symbol": "circle", "symbolSize": 12, "itemStyle": {"color": "rgb(229,184,155)"}}]