{
    "C33": {
        "degree": "10", 
        "weight": "7.138628", 
        "EC": "1", 
        "CC": "0.468085", 
        "BC": "0.010163", 
        "data": {
            "id": ["D016812"], 
            "\u8bbe\u8272": 1, 
            "\u6c34\u58a8": 0, 
            "\u7eb8\u672c": 0, 
            "\u7ee2\u672c": 1, 
            "\u7acb\u8f74": 0, 
            "\u56e2\u6247": 1, 
            "\u518c\u9875": 0, 
            "\u624b\u5377": 0}}, 
    "C41": {"degree": "10", "weight": "7.138628", "EC": "1", "CC": "0.468085", "BC": "0.010163", "data": {"id": ["D016812"], "\u8bbe\u8272": 1, "\u6c34\u58a8": 0, "\u7eb8\u672c": 0, "\u7ee2\u672c": 1, "\u7acb\u8f74": 0, "\u56e2\u6247": 1, "\u518c\u9875": 0, "\u624b\u5377": 0}}, "C38": {"degree": "10", "weight": "7.138628", "EC": "1", "CC": "0.468085", "BC": "0.010163", "data": {"id": ["D016812"], "\u8bbe\u8272": 1, "\u6c34\u58a8": 0, "\u7eb8\u672c": 0, "\u7ee2\u672c": 1, "\u7acb\u8f74": 0, "\u56e2\u6247": 1, "\u518c\u9875": 0, "\u624b\u5377": 0}}, "C35": {"degree": "10", "weight": "7.138628", "EC": "1", "CC": "0.468085", "BC": "0.010163", "data": {"id": ["D016812"], "\u8bbe\u8272": 1, "\u6c34\u58a8": 0, "\u7eb8\u672c": 0, "\u7ee2\u672c": 1, "\u7acb\u8f74": 0, "\u56e2\u6247": 1, "\u518c\u9875": 0, "\u624b\u5377": 0}}, "C40": {"degree": "8", "weight": "5.681648", "EC": "0.901397", "CC": "0.44898", "BC": "0", "data": {"id": ["D016812", "D016324"], "\u8bbe\u8272": 2, "\u6c34\u58a8": 0, "\u7eb8\u672c": 0, "\u7ee2\u672c": 2, "\u7acb\u8f74": 0, "\u56e2\u6247": 1, "\u518c\u9875": 0, "\u624b\u5377": 1}}, "C36": {"degree": "8", "weight": "5.681648", "EC": "0.901397", "CC": "0.44898", "BC": "0", "data": {"id": ["D016812", "D016324"], "\u8bbe\u8272": 2, "\u6c34\u58a8": 0, "\u7eb8\u672c": 0, "\u7ee2\u672c": 2, "\u7acb\u8f74": 0, "\u56e2\u6247": 1, "\u518c\u9875": 0, "\u624b\u5377": 1}}, "C37": {"degree": "8", "weight": "5.681648", "EC": "0.901397", "CC": "0.44898", "BC": "0", "data": {"id": ["D016812", "D016324"], "\u8bbe\u8272": 2, "\u6c34\u58a8": 0, "\u7eb8\u672c": 0, "\u7ee2\u672c": 2, "\u7acb\u8f74": 0, "\u56e2\u6247": 1, "\u518c\u9875": 0, "\u624b\u5377": 1}}, "C44": {"degree": "5", "weight": "3.667032", "EC": "0.14805", "CC": "0.385965", "BC": "0", "data": {"id": ["D016822"], "\u8bbe\u8272": 1, "\u6c34\u58a8": 0, "\u7eb8\u672c": 0, "\u7ee2\u672c": 1, "\u7acb\u8f74": 0, "\u56e2\u6247": 1, "\u518c\u9875": 0, "\u624b\u5377": 0}}, "C46": {"degree": "5", "weight": "3.667032", "EC": "0.14805", "CC": "0.385965", "BC": "0", "data": {"id": ["D016822"], "\u8bbe\u8272": 1, "\u6c34\u58a8": 0, "\u7eb8\u672c": 0, "\u7ee2\u672c": 1, "\u7acb\u8f74": 0, "\u56e2\u6247": 1, "\u518c\u9875": 0, "\u624b\u5377": 0}}, "C34": {"degree": "8", "weight": "4.657335", "EC": "0.901397", "CC": "0.44898", "BC": "0", "data": {"id": ["D016812", "D016875"], "\u8bbe\u8272": 2, "\u6c34\u58a8": 0, "\u7eb8\u672c": 0, "\u7ee2\u672c": 2, "\u7acb\u8f74": 0, "\u56e2\u6247": 1, "\u518c\u9875": 1, "\u624b\u5377": 0}}, "C47": {"degree": "6", "weight": "3.469506", "EC": "0.152334", "CC": "0.392857", "BC": "0.02439", "data": {"id": ["D016822", "D016501"], "\u8bbe\u8272": 1, "\u6c34\u58a8": 1, "\u7eb8\u672c": 1, "\u7ee2\u672c": 1, "\u7acb\u8f74": 0, "\u56e2\u6247": 1, "\u518c\u9875": 0, "\u624b\u5377": 1}}, "C58": {"degree": "5", "weight": "2.590837", "EC": "0.035936", "CC": "0.578947", "BC": "0.030197", "data": {"id": ["D005042"], "\u8bbe\u8272": 1, "\u6c34\u58a8": 0, "\u7eb8\u672c": 0, "\u7ee2\u672c": 1, "\u7acb\u8f74": 0, "\u56e2\u6247": 1, "\u518c\u9875": 0, "\u624b\u5377": 0}}, "C55": {"degree": "4", "weight": "1.900164", "EC": "0.032259", "CC": "0.52381", "BC": "0.011614", "data": {"id": ["D016020", "D005042"], "\u8bbe\u8272": 1, "\u6c34\u58a8": 1, "\u7eb8\u672c": 1, "\u7ee2\u672c": 1, "\u7acb\u8f74": 0, "\u56e2\u6247": 1, "\u518c\u9875": 0, "\u624b\u5377": 1}}, "C48": {"degree": "6", "weight": "3.469506", "EC": "0.153147", "CC": "0.4", "BC": "0.046458", "data": {"id": ["D016822", "D016023"], "\u8bbe\u8272": 1, "\u6c34\u58a8": 1, "\u7eb8\u672c": 0, "\u7ee2\u672c": 2, "\u7acb\u8f74": 0, "\u56e2\u6247": 2, "\u518c\u9875": 0, "\u624b\u5377": 0}}, "C43": {"degree": "6", "weight": "3.163381", "EC": "0.252755", "CC": "0.511628", "BC": "0.056911", "data": {"id": ["D016815", "D016822"], "\u8bbe\u8272": 2, "\u6c34\u58a8": 0, "\u7eb8\u672c": 0, "\u7ee2\u672c": 2, "\u7acb\u8f74": 0, "\u56e2\u6247": 2, "\u518c\u9875": 0, "\u624b\u5377": 0}}, "C57": {"degree": "2", "weight": "1.017111", "EC": "0.028174", "CC": "0.297297", "BC": "0.02439", "data": {"id": ["D016023"], "\u8bbe\u8272": 0, "\u6c34\u58a8": 1, "\u7eb8\u672c": 0, "\u7ee2\u672c": 1, "\u7acb\u8f74": 0, "\u56e2\u6247": 1, "\u518c\u9875": 0, "\u624b\u5377": 0}}, "C51": {"degree": "1", "weight": "0.699986", "EC": "0.002084", "CC": "1", "BC": "0", "data": {"id": ["D016730"], "\u8bbe\u8272": 1, "\u6c34\u58a8": 0, "\u7eb8\u672c": 0, "\u7ee2\u672c": 1, "\u7acb\u8f74": 0, "\u56e2\u6247": 0, "\u518c\u9875": 1, "\u624b\u5377": 0}}, "C26": {"degree": "1", "weight": "0.699986", "EC": "0.002084", "CC": "1", "BC": "0", "data": {"id": ["D016436", "D016730"], "\u8bbe\u8272": 2, "\u6c34\u58a8": 0, "\u7eb8\u672c": 0, "\u7ee2\u672c": 2, "\u7acb\u8f74": 0, "\u56e2\u6247": 1, "\u518c\u9875": 1, "\u624b\u5377": 0}}, "C60": {"degree": "1", "weight": "0.699986", "EC": "0.025258", "CC": "0.285714", "BC": "0", "data": {"id": ["D016501"], "\u8bbe\u8272": 0, "\u6c34\u58a8": 1, "\u7eb8\u672c": 1, "\u7ee2\u672c": 0, "\u7acb\u8f74": 0, "\u56e2\u6247": 0, "\u518c\u9875": 0, "\u624b\u5377": 1}}, "C42": {"degree": "11", "weight": "4.885249", "EC": "0.980495", "CC": "0.594595", "BC": "0.170732", "data": {"id": ["D016812", "D016815", "D015909"], "\u8bbe\u8272": 3, "\u6c34\u58a8": 0, "\u7eb8\u672c": 0, "\u7ee2\u672c": 3, "\u7acb\u8f74": 0, "\u56e2\u6247": 2, "\u518c\u9875": 1, "\u624b\u5377": 0}}, "C45": {"degree": "6", "weight": "2.632858", "EC": "0.252755", "CC": "0.511628", "BC": "0.056911", "data": {"id": ["D016799", "D016822", "D015909"], "\u8bbe\u8272": 3, "\u6c34\u58a8": 0, "\u7eb8\u672c": 0, "\u7ee2\u672c": 3, "\u7acb\u8f74": 1, "\u56e2\u6247": 1, "\u518c\u9875": 1, "\u624b\u5377": 0}}, "C14": {"degree": "5", "weight": "2.199075", "EC": "0.036836", "CC": "0.611111", "BC": "0.036005", "data": {"id": ["D016376", "D005042", "D016318"], "\u8bbe\u8272": 2, "\u6c34\u58a8": 1, "\u7eb8\u672c": 1, "\u7ee2\u672c": 2, "\u7acb\u8f74": 0, "\u56e2\u6247": 2, "\u518c\u9875": 0, "\u624b\u5377": 1}}, "C59": {"degree": "1", "weight": "0.567075", "EC": "0.010448", "CC": "0.392857", "BC": "0", "data": {"id": ["D016318"], "\u8bbe\u8272": 0, "\u6c34\u58a8": 1, "\u7eb8\u672c": 1, "\u7ee2\u672c": 0, "\u7acb\u8f74": 0, "\u56e2\u6247": 0, "\u518c\u9875": 0, "\u624b\u5377": 1}}, "C25": {"degree": "3", "weight": "1.278061", "EC": "0.02978", "CC": "0.5", "BC": "0", "data": {"id": ["D016434", "D016969", "D005042"], "\u8bbe\u8272": 2, "\u6c34\u58a8": 1, "\u7eb8\u672c": 1, "\u7ee2\u672c": 2, "\u7acb\u8f74": 0, "\u56e2\u6247": 2, "\u518c\u9875": 0, "\u624b\u5377": 1}}, "C17": {"degree": "3", "weight": "1.155462", "EC": "0.127807", "CC": "0.407407", "BC": "0.046458", "data": {"id": ["D016379", "D016381", "D016382", "D016431", "D016950", "D016956", "D016957", "D016987", "D016990", "D016994", "D016811", "D016812", "D016815", "D016126", "D017172", "D016898", "D015909", "D016021", "D016864", "D016866", "D016918", "D005038", "D016324", "D016312", "D016326"], "\u8bbe\u8272": 25, "\u6c34\u58a8": 0, "\u7eb8\u672c": 0, "\u7ee2\u672c": 25, "\u7acb\u8f74": 4, "\u56e2\u6247": 10, "\u518c\u9875": 6, "\u624b\u5377": 5}}, "C16": {"degree": "2", "weight": "0.776715", "EC": "0.023101", "CC": "0.297297", "BC": "0", "data": {"id": ["D016366", "D016377", "D016379", "D016381", "D016382", "D016390", "D016394", "D016415", "D016431", "D016466", "D016948", "D016950", "D016962", "D017017", "D016956", "D016957", "D016958", "D016971", "D016971", "D016984", "D016985", "D016986", "D016988", "D016988", "D016990", "D016994", "D016791", "D016792", "D016787", "D016811", "D016812", "D016816", "D015994", "D017172", "D017117", "D017129", "D017222", "D016898", "D015909", "D016733", "D016719", "D016750", "D016020", "D016012", "D016013", "D016019", "D016022", "D016040", "D016862", "D016863", "D016866", "D016875", "D005042", "D016287", "D016324", "D016310", "D016312", "D016328", "D016499"], "\u8bbe\u8272": 53, "\u6c34\u58a8": 6, "\u7eb8\u672c": 2, "\u7ee2\u672c": 57, "\u7acb\u8f74": 10, "\u56e2\u6247": 20, "\u518c\u9875": 18, "\u624b\u5377": 11}}, "C56": {"degree": "4", "weight": "1.735095", "EC": "0.468402", "CC": "0.338462", "BC": "0", "data": {"id": ["D016823", "D016812", "D016020", "D016013", "D016185"], "\u8bbe\u8272": 4, "\u6c34\u58a8": 1, "\u7eb8\u672c": 1, "\u7ee2\u672c": 4, "\u7acb\u8f74": 0, "\u56e2\u6247": 1, "\u518c\u9875": 1, "\u624b\u5377": 3}}, "C11": {"degree": "3", "weight": "1.080402", "EC": "0.015995", "CC": "0.458333", "BC": "0.022067", "data": {"id": ["D016367", "D016371", "D016376", "D016394", "D016960", "D016969", "D016991", "D016696", "D016696", "D015991", "D017172", "D017117", "D016240", "D017179", "D015936", "D016006", "D016018", "D005042", "D016332", "D016317", "D016318", "D016309", "D016501"], "\u8bbe\u8272": 14, "\u6c34\u58a8": 9, "\u7eb8\u672c": 9, "\u7ee2\u672c": 14, "\u7acb\u8f74": 3, "\u56e2\u6247": 8, "\u518c\u9875": 3, "\u624b\u5377": 9}}, "C15": {"degree": "1", "weight": "0.412456", "EC": "0.005644", "CC": "0.323529", "BC": "0", "data": {"id": ["D016376", "D017179", "D015936", "D016006"], "\u8bbe\u8272": 4, "\u6c34\u58a8": 0, "\u7eb8\u672c": 0, "\u7ee2\u672c": 4, "\u7acb\u8f74": 0, "\u56e2\u6247": 1, "\u518c\u9875": 0, "\u624b\u5377": 3}}, "C50": {"degree": "1", "weight": "0.412456", "EC": "0.009097", "CC": "0.354839", "BC": "0", "data": {"id": ["D015928", "D016722", "D016020", "D016013", "D016866", "D005042", "D016317", "D016310", "D016499", "D016501", "D016267"], "\u8bbe\u8272": 7, "\u6c34\u58a8": 4, "\u7eb8\u672c": 3, "\u7ee2\u672c": 8, "\u7acb\u8f74": 2, "\u56e2\u6247": 2, "\u518c\u9875": 0, "\u624b\u5377": 7}}, "C2": {"degree": "1", "weight": "0.393861", "EC": "0.010235", "CC": "0.37931", "BC": "0", "data": {"id": ["D016696", "D015991", "D015999", "D015909", "D017111", "D005042"], "\u8bbe\u8272": 5, "\u6c34\u58a8": 1, "\u7eb8\u672c": 1, "\u7ee2\u672c": 5, "\u7acb\u8f74": 1, "\u56e2\u6247": 3, "\u518c\u9875": 2, "\u624b\u5377": 0}}, "C1": {"degree": "2", "weight": "0.727703", "EC": "0.023101", "CC": "0.297297", "BC": "0", "data": {"id": ["D016373", "D016379", "D016957", "D016959", "D016981", "D016985", "D016986", "D016988", "D016990", "D016994", "D016811", "D016812", "D016815", "D016126", "D015994", "D016713", "D016006", "D016023", "D016866", "D005042"], "\u8bbe\u8272": 19, "\u6c34\u58a8": 1, "\u7eb8\u672c": 0, "\u7ee2\u672c": 20, "\u7acb\u8f74": 2, "\u56e2\u6247": 10, "\u518c\u9875": 6, "\u624b\u5377": 2}}, "C53": {"degree": "1", "weight": "0.363586", "EC": "0.002084", "CC": "1", "BC": "0", "data": {"id": ["D016376", "D016438", "D016962", "D016963", "D017017", "D016959", "D016971", "D016978", "D016791", "D016798", "D016799", "D016800", "D016816", "D016819", "D015997", "D016713", "D016713", "D017129", "D016665", "D017222", "D017180", "D016898", "D015900", "D015928", "D016721", "D016730", "D016733", "D016740", "D016741", "D016743", "D016756", "D016006", "D016012", "D016019", "D016022", "D016866", "D016195", "D005042", "D016272", "D016287", "D016283", "D016300", "D016310", "D016329", "D016498", "D016342"], "\u8bbe\u8272": 38, "\u6c34\u58a8": 8, "\u7eb8\u672c": 1, "\u7ee2\u672c": 45, "\u7acb\u8f74": 15, "\u56e2\u6247": 13, "\u518c\u9875": 7, "\u624b\u5377": 11}}, "C3": {"degree": "1", "weight": "0.363586", "EC": "0.002084", "CC": "1", "BC": "0", "data": {"id": ["D016357", "D016361", "D016367", "D016386", "D016411", "D016412", "D016417", "D016418", "D016419", "D016425", "D016427", "D016429", "D016430", "D016431", "D016432", "D016434", "D016451", "D016949", "D016950", "D016962", "D016958", "D016959", "D016961", "D016971", "D016978", "D016980", "D016981", "D016986", "D016987", "D016994", "D016789", "D016791", "D016798", "D016800", "D016787", "D015991", "D015994", "D017172", "D016240", "D017222", "D017179", "D017180", "D015890", "D015889", "D015909", "D016730", "D016740", "D016719", "D016741", "D016756", "D016053", "D016009", "D016013", "D016019", "D016037", "D016038", "D016041", "D016864", "D016866", "D016191", "D016195", "D017111", "D005042", "D016272", "D016320", "D016325", "D016496", "D016287", "D016510", "D016300", "D016310", "D016327", "D016329", "D016267", "D016343"], "\u8bbe\u8272": 67, "\u6c34\u58a8": 8, "\u7eb8\u672c": 3, "\u7ee2\u672c": 72, "\u7acb\u8f74": 17, "\u56e2\u6247": 22, "\u518c\u9875": 22, "\u624b\u5377": 14}}, "C29": {"degree": "2", "weight": "0.725682", "EC": "0.012765", "CC": "0.407407", "BC": "0.011614", "data": {"id": ["D016956", "D016984", "D016990", "D016799", "D016756", "D016040", "D005042"], "\u8bbe\u8272": 7, "\u6c34\u58a8": 0, "\u7eb8\u672c": 0, "\u7ee2\u672c": 7, "\u7acb\u8f74": 1, "\u56e2\u6247": 3, "\u518c\u9875": 3, "\u624b\u5377": 0}}, "C54": {"degree": "1", "weight": "0.362841", "EC": "0.004566", "CC": "0.297297", "BC": "0", "data": {"id": ["D016756"], "\u8bbe\u8272": 1, "\u6c34\u58a8": 0, "\u7eb8\u672c": 0, "\u7ee2\u672c": 1, "\u7acb\u8f74": 0, "\u56e2\u6247": 1, "\u518c\u9875": 0, "\u624b\u5377": 0}}, "C20": {"degree": "4", "weight": "1.351346", "EC": "0.468402", "CC": "0.338462", "BC": "0", "data": {"id": ["D016381", "D016382", "D016390", "D016812", "D015928", "D016024", "D016323", "D016326"], "\u8bbe\u8272": 8, "\u6c34\u58a8": 0, "\u7eb8\u672c": 0, "\u7ee2\u672c": 8, "\u7acb\u8f74": 0, "\u56e2\u6247": 6, "\u518c\u9875": 0, "\u624b\u5377": 2}}, "C30": {"degree": "1", "weight": "0.317125", "EC": "0.00637", "CC": "0.231579", "BC": "0", "data": {"id": ["D017017", "D016971", "D016988", "D016665", "D016743", "D016023", "D016040", "D016182", "D016342"], "\u8bbe\u8272": 8, "\u6c34\u58a8": 1, "\u7eb8\u672c": 0, "\u7ee2\u672c": 9, "\u7acb\u8f74": 4, "\u56e2\u6247": 2, "\u518c\u9875": 2, "\u624b\u5377": 1}}, "C32": {"degree": "1", "weight": "0.314007", "EC": "0.005644", "CC": "0.323529", "BC": "0", "data": {"id": ["D016367", "D016376", "D016418", "D016438", "D016969", "D016980", "D016991", "D015991", "D016756", "D016875", "D016185", "D016321", "D016323", "D016332", "D016339"], "\u8bbe\u8272": 13, "\u6c34\u58a8": 2, "\u7eb8\u672c": 2, "\u7ee2\u672c": 13, "\u7acb\u8f74": 1, "\u56e2\u6247": 6, "\u518c\u9875": 3, "\u624b\u5377": 5}}, "C39": {"degree": "1", "weight": "0.309999", "EC": "0.002084", "CC": "1", "BC": "0", "data": {"id": ["D016962", "D016812", "D015995", "D016112", "D017206", "D016860", "D016180", "D016918", "D016501", "D016339"], "\u8bbe\u8272": 4, "\u6c34\u58a8": 6, "\u7eb8\u672c": 6, "\u7ee2\u672c": 4, "\u7acb\u8f74": 1, "\u56e2\u6247": 1, "\u518c\u9875": 0, "\u624b\u5377": 8}}, "C5": {"degree": "1", "weight": "0.309999", "EC": "0.002084", "CC": "1", "BC": "0", "data": {"id": ["D016364", "D016369", "D016385", "D016390", "D016394", "D016409", "D016428", "D016434", "D016436", "D016441", "D016465", "D016466", "D016962", "D016959", "D016985", "D016986", "D016987", "D016988", "D016990", "D016792", "D016819", "D016126", "D015989", "D015995", "D016112", "D017206", "D017178", "D015889", "D015914", "D016722", "D016719", "D016741", "D016020", "D016024", "D016863", "D016867", "D016860", "D016870", "D016875", "D016185", "D016918", "D016332", "D016328", "D016498", "D016499", "D016501"], "\u8bbe\u8272": 36, "\u6c34\u58a8": 10, "\u7eb8\u672c": 9, "\u7ee2\u672c": 37, "\u7acb\u8f74": 3, "\u56e2\u6247": 16, "\u518c\u9875": 10, "\u624b\u5377": 17}}, "C23": {"degree": "1", "weight": "0.303189", "EC": "0.002084", "CC": "1", "BC": "0", "data": {"id": ["D016368", "D016370", "D016372", "D016377", "D016378", "D016406", "D016407", "D016413", "D016415", "D016416", "D016420", "D016423", "D016433", "D016949", "D016971", "D016973", "D016810", "D016696", "D015993", "D015999", "D017172", "D017117", "D016240", "D015936", "D016038", "D016039", "D016042", "D016325", "D016292", "D016341", "D016349"], "\u8bbe\u8272": 27, "\u6c34\u58a8": 4, "\u7eb8\u672c": 4, "\u7ee2\u672c": 27, "\u7acb\u8f74": 6, "\u56e2\u6247": 17, "\u518c\u9875": 4, "\u624b\u5377": 4}}, "C4": {"degree": "1", "weight": "0.303189", "EC": "0.002084", "CC": "1", "BC": "0", "data": {"id": ["D016361", "D016366", "D016368", "D016372", "D016373", "D016378", "D016394", "D016406", "D016407", "D016409", "D016415", "D016421", "D016422", "D016427", "D016430", "D016432", "D016436", "D016438", "D016441", "D016451", "D016480", "D017018", "D016961", "D016981", "D016985", "D017013", "D017016", "D016792", "D016787", "D016810", "D016819", "D015989", "D015993", "D015994", "D015995", "D015999", "D017172", "D017117", "D016112", "D016850", "D017179", "D015889", "D015928", "D016722", "D016731", "D016739", "D016750", "D016053", "D016024", "D016037", "D016038", "D016039", "D016041", "D016042", "D016044", "D016862", "D016867", "D016868", "D016860", "D016195", "D005042", "D016320", "D016325", "D016503", "D016510", "D016301", "D016328", "D016329", "D016330", "D016499", "D016340"], "\u8bbe\u8272": 56, "\u6c34\u58a8": 15, "\u7eb8\u672c": 7, "\u7ee2\u672c": 64, "\u7acb\u8f74": 8, "\u56e2\u6247": 33, "\u518c\u9875": 12, "\u624b\u5377": 18}}}