[{"name": "C1", "value": 116, "symbol": "circle", "symbolSize": 58.0, "itemStyle": {"color": "rgb(10,10,10)"}}, {"name": "C2", "value": 5, "symbol": "circle", "symbolSize": 10, "itemStyle": {"color": "rgb(133,93,85)"}}, {"name": "C3", "value": 43, "symbol": "circle", "symbolSize": 21.5, "itemStyle": {"color": "rgb(71,71,71)"}}, {"name": "C4", "value": 6, "symbol": "circle", "symbolSize": 10, "itemStyle": {"color": "rgb(110,96,87)"}}, {"name": "C5", "value": 47, "symbol": "circle", "symbolSize": 23.5, "itemStyle": {"color": "rgb(81,72,61)"}}, {"name": "C6", "value": 20, "symbol": "circle", "symbolSize": 10, "itemStyle": {"color": "rgb(111,102,85)"}}, {"name": "C7", "value": 42, "symbol": "circle", "symbolSize": 21.0, "itemStyle": {"color": "rgb(136,114,90)"}}, {"name": "C8", "value": 47, "symbol": "circle", "symbolSize": 23.5, "itemStyle": {"color": "rgb(164,143,115)"}}, {"name": "C9", "value": 39, "symbol": "circle", "symbolSize": 19.5, "itemStyle": {"color": "rgb(57,52,48)"}}, {"name": "C10", "value": 63, "symbol": "circle", "symbolSize": 31.5, "itemStyle": {"color": "rgb(102,85,69)"}}, {"name": "C11", "value": 44, "symbol": "circle", "symbolSize": 22.0, "itemStyle": {"color": "rgb(143,123,98)"}}, {"name": "C12", "value": 45, "symbol": "circle", "symbolSize": 22.5, "itemStyle": {"color": "rgb(73,61,49)"}}, {"name": "C13", "value": 12, "symbol": "circle", "symbolSize": 10, "itemStyle": {"color": "rgb(113,75,62)"}}, {"name": "C14", "value": 36, "symbol": "circle", "symbolSize": 18.0, "itemStyle": {"color": "rgb(89,82,72)"}}, {"name": "C15", "value": 3, "symbol": "circle", "symbolSize": 10, "itemStyle": {"color": "rgb(226,219,209)"}}, {"name": "C16", "value": 42, "symbol": "circle", "symbolSize": 21.0, "itemStyle": {"color": "rgb(120,98,75)"}}, {"name": "C17", "value": 22, "symbol": "circle", "symbolSize": 11.0, "itemStyle": {"color": "rgb(125,109,93)"}}, {"name": "C18", "value": 99, "symbol": "circle", "symbolSize": 49.5, "itemStyle": {"color": "rgb(127,127,127)"}}, {"name": "C19", "value": 62, "symbol": "circle", "symbolSize": 31.0, "itemStyle": {"color": "rgb(170,85,85)"}}, {"name": "C20", "value": 27, "symbol": "circle", "symbolSize": 13.5, "itemStyle": {"color": "rgb(151,113,100)"}}, {"name": "C21", "value": 52, "symbol": "circle", "symbolSize": 26.0, "itemStyle": {"color": "rgb(97,92,73)"}}, {"name": "C22", "value": 37, "symbol": "circle", "symbolSize": 18.5, "itemStyle": {"color": "rgb(60,57,48)"}}, {"name": "C23", "value": 135, "symbol": "circle", "symbolSize": 67.5, "itemStyle": {"color": "rgb(85,85,85)"}}, {"name": "C24", "value": 6, "symbol": "circle", "symbolSize": 10, "itemStyle": {"color": "rgb(124,95,89)"}}, {"name": "C25", "value": 40, "symbol": "circle", "symbolSize": 20.0, "itemStyle": {"color": "rgb(95,76,61)"}}, {"name": "C26", "value": 49, "symbol": "circle", "symbolSize": 24.5, "itemStyle": {"color": "rgb(60,51,42)"}}, {"name": "C27", "value": 9, "symbol": "circle", "symbolSize": 10, "itemStyle": {"color": "rgb(138,129,112)"}}, {"name": "C28", "value": 22, "symbol": "circle", "symbolSize": 11.0, "itemStyle": {"color": "rgb(190,171,154)"}}, {"name": "C29", "value": 46, "symbol": "circle", "symbolSize": 23.0, "itemStyle": {"color": "rgb(101,91,79)"}}, {"name": "C30", "value": 48, "symbol": "circle", "symbolSize": 24.0, "itemStyle": {"color": "rgb(70,66,63)"}}, {"name": "C31", "value": 37, "symbol": "circle", "symbolSize": 18.5, "itemStyle": {"color": "rgb(170,141,113)"}}, {"name": "C32", "value": 44, "symbol": "circle", "symbolSize": 22.0, "itemStyle": {"color": "rgb(92,85,69)"}}, {"name": "C33", "value": 30, "symbol": "circle", "symbolSize": 15.0, "itemStyle": {"color": "rgb(190,166,128)"}}, {"name": "C34", "value": 5, "symbol": "circle", "symbolSize": 10, "itemStyle": {"color": "rgb(136,129,119)"}}, {"name": "C35", "value": 40, "symbol": "circle", "symbolSize": 20.0, "itemStyle": {"color": "rgb(134,107,80)"}}, {"name": "C36", "value": 55, "symbol": "circle", "symbolSize": 27.5, "itemStyle": {"color": "rgb(45,41,38)"}}, {"name": "C37", "value": 32, "symbol": "circle", "symbolSize": 16.0, "itemStyle": {"color": "rgb(66,58,55)"}}, {"name": "C38", "value": 16, "symbol": "circle", "symbolSize": 10, "itemStyle": {"color": "rgb(134,115,100)"}}, {"name": "C39", "value": 67, "symbol": "circle", "symbolSize": 33.5, "itemStyle": {"color": "rgb(159,130,98)"}}, {"name": "C40", "value": 19, "symbol": "circle", "symbolSize": 10, "itemStyle": {"color": "rgb(126,120,96)"}}, {"name": "C41", "value": 44, "symbol": "circle", "symbolSize": 22.0, "itemStyle": {"color": "rgb(170,170,170)"}}, {"name": "C42", "value": 41, "symbol": "circle", "symbolSize": 20.5, "itemStyle": {"color": "rgb(127,127,63)"}}, {"name": "C43", "value": 53, "symbol": "circle", "symbolSize": 26.5, "itemStyle": {"color": "rgb(178,150,113)"}}, {"name": "C44", "value": 39, "symbol": "circle", "symbolSize": 19.5, "itemStyle": {"color": "rgb(116,100,84)"}}, {"name": "C45", "value": 55, "symbol": "circle", "symbolSize": 27.5, "itemStyle": {"color": "rgb(149,124,84)"}}, {"name": "C46", "value": 4, "symbol": "circle", "symbolSize": 10, "itemStyle": {"color": "rgb(114,99,60)"}}, {"name": "C47", "value": 16, "symbol": "circle", "symbolSize": 10, "itemStyle": {"color": "rgb(83,69,40)"}}, {"name": "C48", "value": 29, "symbol": "circle", "symbolSize": 14.5, "itemStyle": {"color": "rgb(63,64,59)"}}, {"name": "C49", "value": 31, "symbol": "circle", "symbolSize": 15.5, "itemStyle": {"color": "rgb(145,129,96)"}}, {"name": "C50", "value": 50, "symbol": "circle", "symbolSize": 25.0, "itemStyle": {"color": "rgb(118,104,75)"}}, {"name": "C51", "value": 31, "symbol": "circle", "symbolSize": 15.5, "itemStyle": {"color": "rgb(77,75,63)"}}, {"name": "C52", "value": 13, "symbol": "circle", "symbolSize": 10, "itemStyle": {"color": "rgb(144,109,87)"}}, {"name": "C53", "value": 54, "symbol": "circle", "symbolSize": 27.0, "itemStyle": {"color": "rgb(109,104,74)"}}, {"name": "C54", "value": 15, "symbol": "circle", "symbolSize": 10, "itemStyle": {"color": "rgb(77,80,59)"}}, {"name": "C55", "value": 2, "symbol": "circle", "symbolSize": 10, "itemStyle": {"color": "rgb(254,252,237)"}}, {"name": "C56", "value": 48, "symbol": "circle", "symbolSize": 24.0, "itemStyle": {"color": "rgb(195,174,147)"}}, {"name": "C57", "value": 24, "symbol": "circle", "symbolSize": 12.0, "itemStyle": {"color": "rgb(146,141,109)"}}, {"name": "C58", "value": 32, "symbol": "circle", "symbolSize": 16.0, "itemStyle": {"color": "rgb(173,151,102)"}}, {"name": "C59", "value": 26, "symbol": "circle", "symbolSize": 13.0, "itemStyle": {"color": "rgb(135,119,83)"}}, {"name": "C60", "value": 14, "symbol": "circle", "symbolSize": 10, "itemStyle": {"color": "rgb(120,94,81)"}}, {"name": "C61", "value": 3, "symbol": "circle", "symbolSize": 10, "itemStyle": {"color": "rgb(218,219,214)"}}, {"name": "C62", "value": 16, "symbol": "circle", "symbolSize": 10, "itemStyle": {"color": "rgb(225,218,190)"}}, {"name": "C63", "value": 56, "symbol": "circle", "symbolSize": 28.0, "itemStyle": {"color": "rgb(130,70,69)"}}, {"name": "C64", "value": 27, "symbol": "circle", "symbolSize": 13.5, "itemStyle": {"color": "rgb(40,40,40)"}}, {"name": "C65", "value": 38, "symbol": "circle", "symbolSize": 19.0, "itemStyle": {"color": "rgb(77,60,50)"}}, {"name": "C66", "value": 19, "symbol": "circle", "symbolSize": 10, "itemStyle": {"color": "rgb(96,94,82)"}}, {"name": "C67", "value": 44, "symbol": "circle", "symbolSize": 22.0, "itemStyle": {"color": "rgb(151,133,109)"}}, {"name": "C68", "value": 26, "symbol": "circle", "symbolSize": 13.0, "itemStyle": {"color": "rgb(119,110,95)"}}, {"name": "C69", "value": 20, "symbol": "circle", "symbolSize": 10, "itemStyle": {"color": "rgb(158,139,124)"}}, {"name": "C70", "value": 6, "symbol": "circle", "symbolSize": 10, "itemStyle": {"color": "rgb(101,80,75)"}}, {"name": "C71", "value": 18, "symbol": "circle", "symbolSize": 10, "itemStyle": {"color": "rgb(185,168,158)"}}, {"name": "C72", "value": 10, "symbol": "circle", "symbolSize": 10, "itemStyle": {"color": "rgb(126,116,104)"}}, {"name": "C73", "value": 6, "symbol": "circle", "symbolSize": 10, "itemStyle": {"color": "rgb(97,98,92)"}}, {"name": "C74", "value": 4, "symbol": "circle", "symbolSize": 10, "itemStyle": {"color": "rgb(128,102,103)"}}, {"name": "C75", "value": 65, "symbol": "circle", "symbolSize": 32.5, "itemStyle": {"color": "rgb(123,105,81)"}}, {"name": "C76", "value": 31, "symbol": "circle", "symbolSize": 15.5, "itemStyle": {"color": "rgb(137,99,86)"}}, {"name": "C77", "value": 33, "symbol": "circle", "symbolSize": 16.5, "itemStyle": {"color": "rgb(132,115,87)"}}, {"name": "C78", "value": 56, "symbol": "circle", "symbolSize": 28.0, "itemStyle": {"color": "rgb(164,140,102)"}}, {"name": "C79", "value": 19, "symbol": "circle", "symbolSize": 10, "itemStyle": {"color": "rgb(171,149,126)"}}, {"name": "C80", "value": 29, "symbol": "circle", "symbolSize": 14.5, "itemStyle": {"color": "rgb(202,184,164)"}}, {"name": "C81", "value": 21, "symbol": "circle", "symbolSize": 10.5, "itemStyle": {"color": "rgb(82,78,75)"}}, {"name": "C82", "value": 1, "symbol": "circle", "symbolSize": 10, "itemStyle": {"color": "rgb(127,131,108)"}}, {"name": "C83", "value": 52, "symbol": "circle", "symbolSize": 26.0, "itemStyle": {"color": "rgb(46,47,42)"}}, {"name": "C84", "value": 18, "symbol": "circle", "symbolSize": 10, "itemStyle": {"color": "rgb(102,76,63)"}}, {"name": "C85", "value": 13, "symbol": "circle", "symbolSize": 10, "itemStyle": {"color": "rgb(157,97,81)"}}, {"name": "C86", "value": 60, "symbol": "circle", "symbolSize": 30.0, "itemStyle": {"color": "rgb(133,110,78)"}}, {"name": "C87", "value": 21, "symbol": "circle", "symbolSize": 10.5, "itemStyle": {"color": "rgb(116,115,87)"}}, {"name": "C88", "value": 41, "symbol": "circle", "symbolSize": 20.5, "itemStyle": {"color": "rgb(102,84,60)"}}, {"name": "C89", "value": 5, "symbol": "circle", "symbolSize": 10, "itemStyle": {"color": "rgb(207,176,129)"}}, {"name": "C90", "value": 12, "symbol": "circle", "symbolSize": 10, "itemStyle": {"color": "rgb(136,134,118)"}}, {"name": "C91", "value": 5, "symbol": "circle", "symbolSize": 10, "itemStyle": {"color": "rgb(164,117,93)"}}, {"name": "C92", "value": 13, "symbol": "circle", "symbolSize": 10, "itemStyle": {"color": "rgb(177,155,142)"}}, {"name": "C93", "value": 8, "symbol": "circle", "symbolSize": 10, "itemStyle": {"color": "rgb(99,103,78)"}}, {"name": "C94", "value": 6, "symbol": "circle", "symbolSize": 10, "itemStyle": {"color": "rgb(159,128,123)"}}, {"name": "C95", "value": 15, "symbol": "circle", "symbolSize": 10, "itemStyle": {"color": "rgb(88,89,83)"}}, {"name": "C96", "value": 20, "symbol": "circle", "symbolSize": 10, "itemStyle": {"color": "rgb(150,118,98)"}}, {"name": "C97", "value": 3, "symbol": "circle", "symbolSize": 10, "itemStyle": {"color": "rgb(122,102,93)"}}, {"name": "C98", "value": 72, "symbol": "circle", "symbolSize": 36.0, "itemStyle": {"color": "rgb(107,92,71)"}}, {"name": "C99", "value": 24, "symbol": "circle", "symbolSize": 12.0, "itemStyle": {"color": "rgb(176,161,140)"}}, {"name": "C100", "value": 13, "symbol": "circle", "symbolSize": 10, "itemStyle": {"color": "rgb(191,191,191)"}}, {"name": "C101", "value": 12, "symbol": "circle", "symbolSize": 10, "itemStyle": {"color": "rgb(156,149,131)"}}, {"name": "C102", "value": 32, "symbol": "circle", "symbolSize": 16.0, "itemStyle": {"color": "rgb(90,79,63)"}}, {"name": "C103", "value": 44, "symbol": "circle", "symbolSize": 22.0, "itemStyle": {"color": "rgb(121,97,63)"}}, {"name": "C104", "value": 9, "symbol": "circle", "symbolSize": 10, "itemStyle": {"color": "rgb(197,191,177)"}}, {"name": "C105", "value": 22, "symbol": "circle", "symbolSize": 11.0, "itemStyle": {"color": "rgb(212,192,157)"}}, {"name": "C106", "value": 19, "symbol": "circle", "symbolSize": 10, "itemStyle": {"color": "rgb(105,107,94)"}}, {"name": "C107", "value": 4, "symbol": "circle", "symbolSize": 10, "itemStyle": {"color": "rgb(114,78,78)"}}, {"name": "C108", "value": 28, "symbol": "circle", "symbolSize": 14.0, "itemStyle": {"color": "rgb(200,178,137)"}}, {"name": "C109", "value": 2, "symbol": "circle", "symbolSize": 10, "itemStyle": {"color": "rgb(89,72,32)"}}, {"name": "C110", "value": 19, "symbol": "circle", "symbolSize": 10, "itemStyle": {"color": "rgb(215,196,178)"}}, {"name": "C111", "value": 21, "symbol": "circle", "symbolSize": 10.5, "itemStyle": {"color": "rgb(143,78,37)"}}, {"name": "C112", "value": 5, "symbol": "circle", "symbolSize": 10, "itemStyle": {"color": "rgb(234,229,210)"}}, {"name": "C113", "value": 14, "symbol": "circle", "symbolSize": 10, "itemStyle": {"color": "rgb(126,120,106)"}}, {"name": "C114", "value": 27, "symbol": "circle", "symbolSize": 13.5, "itemStyle": {"color": "rgb(64,61,46)"}}, {"name": "C115", "value": 21, "symbol": "circle", "symbolSize": 10.5, "itemStyle": {"color": "rgb(220,205,184)"}}, {"name": "C116", "value": 2, "symbol": "circle", "symbolSize": 10, "itemStyle": {"color": "rgb(101,69,64)"}}, {"name": "C117", "value": 18, "symbol": "circle", "symbolSize": 10, "itemStyle": {"color": "rgb(165,149,133)"}}, {"name": "C118", "value": 10, "symbol": "circle", "symbolSize": 10, "itemStyle": {"color": "rgb(151,88,79)"}}, {"name": "C119", "value": 27, "symbol": "circle", "symbolSize": 13.5, "itemStyle": {"color": "rgb(51,41,29)"}}, {"name": "C120", "value": 8, "symbol": "circle", "symbolSize": 10, "itemStyle": {"color": "rgb(119,123,98)"}}, {"name": "C121", "value": 49, "symbol": "circle", "symbolSize": 24.5, "itemStyle": {"color": "rgb(145,117,81)"}}, {"name": "C122", "value": 24, "symbol": "circle", "symbolSize": 12.0, "itemStyle": {"color": "rgb(178,131,105)"}}, {"name": "C123", "value": 3, "symbol": "circle", "symbolSize": 10, "itemStyle": {"color": "rgb(172,113,97)"}}, {"name": "C124", "value": 20, "symbol": "circle", "symbolSize": 10, "itemStyle": {"color": "rgb(185,175,163)"}}, {"name": "C125", "value": 4, "symbol": "circle", "symbolSize": 10, "itemStyle": {"color": "rgb(170,134,122)"}}, {"name": "C126", "value": 7, "symbol": "circle", "symbolSize": 10, "itemStyle": {"color": "rgb(126,91,77)"}}, {"name": "C127", "value": 45, "symbol": "circle", "symbolSize": 22.5, "itemStyle": {"color": "rgb(76,67,50)"}}, {"name": "C128", "value": 14, "symbol": "circle", "symbolSize": 10, "itemStyle": {"color": "rgb(43,36,21)"}}, {"name": "C129", "value": 34, "symbol": "circle", "symbolSize": 17.0, "itemStyle": {"color": "rgb(157,123,82)"}}, {"name": "C130", "value": 9, "symbol": "circle", "symbolSize": 10, "itemStyle": {"color": "rgb(218,182,145)"}}, {"name": "C131", "value": 24, "symbol": "circle", "symbolSize": 12.0, "itemStyle": {"color": "rgb(166,151,122)"}}, {"name": "C132", "value": 5, "symbol": "circle", "symbolSize": 10, "itemStyle": {"color": "rgb(77,85,72)"}}, {"name": "C133", "value": 18, "symbol": "circle", "symbolSize": 10, "itemStyle": {"color": "rgb(128,68,56)"}}, {"name": "C134", "value": 4, "symbol": "circle", "symbolSize": 10, "itemStyle": {"color": "rgb(178,120,79)"}}, {"name": "C135", "value": 13, "symbol": "circle", "symbolSize": 10, "itemStyle": {"color": "rgb(110,90,57)"}}, {"name": "C136", "value": 38, "symbol": "circle", "symbolSize": 19.0, "itemStyle": {"color": "rgb(84,62,39)"}}, {"name": "C137", "value": 10, "symbol": "circle", "symbolSize": 10, "itemStyle": {"color": "rgb(55,41,37)"}}, {"name": "C138", "value": 21, "symbol": "circle", "symbolSize": 10.5, "itemStyle": {"color": "rgb(69,70,54)"}}, {"name": "C139", "value": 27, "symbol": "circle", "symbolSize": 13.5, "itemStyle": {"color": "rgb(149,100,62)"}}, {"name": "C140", "value": 7, "symbol": "circle", "symbolSize": 10, "itemStyle": {"color": "rgb(145,132,90)"}}, {"name": "C141", "value": 36, "symbol": "circle", "symbolSize": 18.0, "itemStyle": {"color": "rgb(77,72,52)"}}, {"name": "C142", "value": 33, "symbol": "circle", "symbolSize": 16.5, "itemStyle": {"color": "rgb(90,86,61)"}}, {"name": "C143", "value": 20, "symbol": "circle", "symbolSize": 10, "itemStyle": {"color": "rgb(140,97,54)"}}, {"name": "C144", "value": 13, "symbol": "circle", "symbolSize": 10, "itemStyle": {"color": "rgb(56,37,21)"}}, {"name": "C145", "value": 7, "symbol": "circle", "symbolSize": 10, "itemStyle": {"color": "rgb(94,62,32)"}}, {"name": "C146", "value": 7, "symbol": "circle", "symbolSize": 10, "itemStyle": {"color": "rgb(175,59,34)"}}, {"name": "C147", "value": 24, "symbol": "circle", "symbolSize": 12.0, "itemStyle": {"color": "rgb(161,135,78)"}}, {"name": "C148", "value": 37, "symbol": "circle", "symbolSize": 18.5, "itemStyle": {"color": "rgb(136,108,60)"}}, {"name": "C149", "value": 15, "symbol": "circle", "symbolSize": 10, "itemStyle": {"color": "rgb(29,30,25)"}}, {"name": "C150", "value": 18, "symbol": "circle", "symbolSize": 10, "itemStyle": {"color": "rgb(104,82,43)"}}, {"name": "C151", "value": 10, "symbol": "circle", "symbolSize": 10, "itemStyle": {"color": "rgb(48,33,24)"}}, {"name": "C152", "value": 32, "symbol": "circle", "symbolSize": 16.0, "itemStyle": {"color": "rgb(98,76,53)"}}, {"name": "C153", "value": 4, "symbol": "circle", "symbolSize": 10, "itemStyle": {"color": "rgb(46,37,40)"}}, {"name": "C154", "value": 26, "symbol": "circle", "symbolSize": 13.0, "itemStyle": {"color": "rgb(63,54,39)"}}, {"name": "C155", "value": 8, "symbol": "circle", "symbolSize": 10, "itemStyle": {"color": "rgb(52,47,25)"}}, {"name": "C156", "value": 17, "symbol": "circle", "symbolSize": 10, "itemStyle": {"color": "rgb(132,89,43)"}}, {"name": "C157", "value": 7, "symbol": "circle", "symbolSize": 10, "itemStyle": {"color": "rgb(71,52,45)"}}, {"name": "C158", "value": 13, "symbol": "circle", "symbolSize": 10, "itemStyle": {"color": "rgb(133,109,97)"}}, {"name": "C159", "value": 17, "symbol": "circle", "symbolSize": 10, "itemStyle": {"color": "rgb(141,74,61)"}}, {"name": "C160", "value": 7, "symbol": "circle", "symbolSize": 10, "itemStyle": {"color": "rgb(98,50,39)"}}, {"name": "C161", "value": 9, "symbol": "circle", "symbolSize": 10, "itemStyle": {"color": "rgb(119,86,79)"}}, {"name": "C162", "value": 12, "symbol": "circle", "symbolSize": 10, "itemStyle": {"color": "rgb(57,64,57)"}}, {"name": "C163", "value": 14, "symbol": "circle", "symbolSize": 10, "itemStyle": {"color": "rgb(142,60,49)"}}, {"name": "C164", "value": 9, "symbol": "circle", "symbolSize": 10, "itemStyle": {"color": "rgb(71,82,58)"}}, {"name": "C165", "value": 23, "symbol": "circle", "symbolSize": 11.5, "itemStyle": {"color": "rgb(77,80,69)"}}, {"name": "C166", "value": 21, "symbol": "circle", "symbolSize": 10.5, "itemStyle": {"color": "rgb(135,90,69)"}}, {"name": "C167", "value": 6, "symbol": "circle", "symbolSize": 10, "itemStyle": {"color": "rgb(54,30,27)"}}, {"name": "C168", "value": 46, "symbol": "circle", "symbolSize": 23.0, "itemStyle": {"color": "rgb(105,75,47)"}}, {"name": "C169", "value": 15, "symbol": "circle", "symbolSize": 10, "itemStyle": {"color": "rgb(36,57,52)"}}, {"name": "C170", "value": 28, "symbol": "circle", "symbolSize": 14.0, "itemStyle": {"color": "rgb(89,95,72)"}}, {"name": "C171", "value": 31, "symbol": "circle", "symbolSize": 15.5, "itemStyle": {"color": "rgb(193,146,97)"}}, {"name": "C172", "value": 18, "symbol": "circle", "symbolSize": 10, "itemStyle": {"color": "rgb(240,228,206)"}}, {"name": "C173", "value": 21, "symbol": "circle", "symbolSize": 10.5, "itemStyle": {"color": "rgb(67,73,54)"}}, {"name": "C174", "value": 19, "symbol": "circle", "symbolSize": 10, "itemStyle": {"color": "rgb(144,90,61)"}}, {"name": "C175", "value": 11, "symbol": "circle", "symbolSize": 10, "itemStyle": {"color": "rgb(220,182,120)"}}, {"name": "C176", "value": 76, "symbol": "circle", "symbolSize": 38.0, "itemStyle": {"color": "rgb(255,255,255)"}}, {"name": "C177", "value": 4, "symbol": "circle", "symbolSize": 10, "itemStyle": {"color": "rgb(113,53,25)"}}, {"name": "C178", "value": 21, "symbol": "circle", "symbolSize": 10.5, "itemStyle": {"color": "rgb(157,112,71)"}}, {"name": "C179", "value": 34, "symbol": "circle", "symbolSize": 17.0, "itemStyle": {"color": "rgb(121,86,56)"}}, {"name": "C180", "value": 22, "symbol": "circle", "symbolSize": 11.0, "itemStyle": {"color": "rgb(70,51,36)"}}, {"name": "C181", "value": 5, "symbol": "circle", "symbolSize": 10, "itemStyle": {"color": "rgb(35,19,13)"}}, {"name": "C182", "value": 52, "symbol": "circle", "symbolSize": 26.0, "itemStyle": {"color": "rgb(174,141,98)"}}, {"name": "C183", "value": 12, "symbol": "circle", "symbolSize": 10, "itemStyle": {"color": "rgb(82,73,68)"}}, {"name": "C184", "value": 18, "symbol": "circle", "symbolSize": 10, "itemStyle": {"color": "rgb(91,58,51)"}}, {"name": "C185", "value": 2, "symbol": "circle", "symbolSize": 10, "itemStyle": {"color": "rgb(130,85,54)"}}, {"name": "C186", "value": 9, "symbol": "circle", "symbolSize": 10, "itemStyle": {"color": "rgb(185,114,87)"}}, {"name": "C187", "value": 5, "symbol": "circle", "symbolSize": 10, "itemStyle": {"color": "rgb(160,99,68)"}}, {"name": "C188", "value": 5, "symbol": "circle", "symbolSize": 10, "itemStyle": {"color": "rgb(84,58,44)"}}, {"name": "C189", "value": 8, "symbol": "circle", "symbolSize": 10, "itemStyle": {"color": "rgb(101,123,100)"}}, {"name": "C190", "value": 8, "symbol": "circle", "symbolSize": 10, "itemStyle": {"color": "rgb(75,96,78)"}}, {"name": "C191", "value": 8, "symbol": "circle", "symbolSize": 10, "itemStyle": {"color": "rgb(193,185,140)"}}, {"name": "C192", "value": 8, "symbol": "circle", "symbolSize": 10, "itemStyle": {"color": "rgb(70,120,116)"}}, {"name": "C193", "value": 8, "symbol": "circle", "symbolSize": 10, "itemStyle": {"color": "rgb(132,136,98)"}}, {"name": "C194", "value": 38, "symbol": "circle", "symbolSize": 19.0, "itemStyle": {"color": "rgb(102,92,61)"}}, {"name": "C195", "value": 10, "symbol": "circle", "symbolSize": 10, "itemStyle": {"color": "rgb(173,101,85)"}}, {"name": "C196", "value": 9, "symbol": "circle", "symbolSize": 10, "itemStyle": {"color": "rgb(53,55,44)"}}, {"name": "C197", "value": 19, "symbol": "circle", "symbolSize": 10, "itemStyle": {"color": "rgb(35,30,21)"}}, {"name": "C198", "value": 20, "symbol": "circle", "symbolSize": 10, "itemStyle": {"color": "rgb(146,141,121)"}}, {"name": "C199", "value": 16, "symbol": "circle", "symbolSize": 10, "itemStyle": {"color": "rgb(109,119,95)"}}, {"name": "C200", "value": 14, "symbol": "circle", "symbolSize": 10, "itemStyle": {"color": "rgb(167,132,111)"}}, {"name": "C201", "value": 5, "symbol": "circle", "symbolSize": 10, "itemStyle": {"color": "rgb(36,37,26)"}}, {"name": "C202", "value": 16, "symbol": "circle", "symbolSize": 10, "itemStyle": {"color": "rgb(56,102,76)"}}, {"name": "C203", "value": 19, "symbol": "circle", "symbolSize": 10, "itemStyle": {"color": "rgb(21,40,38)"}}, {"name": "C204", "value": 16, "symbol": "circle", "symbolSize": 10, "itemStyle": {"color": "rgb(20,66,56)"}}, {"name": "C205", "value": 16, "symbol": "circle", "symbolSize": 10, "itemStyle": {"color": "rgb(69,130,96)"}}, {"name": "C206", "value": 16, "symbol": "circle", "symbolSize": 10, "itemStyle": {"color": "rgb(18,60,76)"}}, {"name": "C207", "value": 16, "symbol": "circle", "symbolSize": 10, "itemStyle": {"color": "rgb(27,88,98)"}}, {"name": "C208", "value": 16, "symbol": "circle", "symbolSize": 10, "itemStyle": {"color": "rgb(127,0,0)"}}, {"name": "C209", "value": 52, "symbol": "circle", "symbolSize": 26.0, "itemStyle": {"color": "rgb(83,68,49)"}}, {"name": "C210", "value": 46, "symbol": "circle", "symbolSize": 23.0, "itemStyle": {"color": "rgb(149,118,89)"}}, {"name": "C211", "value": 21, "symbol": "circle", "symbolSize": 10.5, "itemStyle": {"color": "rgb(101,56,38)"}}, {"name": "C212", "value": 5, "symbol": "circle", "symbolSize": 10, "itemStyle": {"color": "rgb(190,148,72)"}}, {"name": "C213", "value": 24, "symbol": "circle", "symbolSize": 12.0, "itemStyle": {"color": "rgb(125,103,59)"}}, {"name": "C214", "value": 20, "symbol": "circle", "symbolSize": 10, "itemStyle": {"color": "rgb(85,85,0)"}}, {"name": "C215", "value": 8, "symbol": "circle", "symbolSize": 10, "itemStyle": {"color": "rgb(154,123,66)"}}, {"name": "C216", "value": 15, "symbol": "circle", "symbolSize": 10, "itemStyle": {"color": "rgb(120,118,69)"}}, {"name": "C217", "value": 5, "symbol": "circle", "symbolSize": 10, "itemStyle": {"color": "rgb(133,96,18)"}}, {"name": "C218", "value": 15, "symbol": "circle", "symbolSize": 10, "itemStyle": {"color": "rgb(54,37,9)"}}, {"name": "C219", "value": 5, "symbol": "circle", "symbolSize": 10, "itemStyle": {"color": "rgb(50,21,5)"}}, {"name": "C220", "value": 5, "symbol": "circle", "symbolSize": 10, "itemStyle": {"color": "rgb(89,65,10)"}}, {"name": "C221", "value": 5, "symbol": "circle", "symbolSize": 10, "itemStyle": {"color": "rgb(127,63,0)"}}, {"name": "C222", "value": 9, "symbol": "circle", "symbolSize": 10, "itemStyle": {"color": "rgb(169,109,81)"}}, {"name": "C223", "value": 9, "symbol": "circle", "symbolSize": 10, "itemStyle": {"color": "rgb(172,80,62)"}}, {"name": "C224", "value": 7, "symbol": "circle", "symbolSize": 10, "itemStyle": {"color": "rgb(59,66,79)"}}, {"name": "C225", "value": 7, "symbol": "circle", "symbolSize": 10, "itemStyle": {"color": "rgb(198,161,135)"}}, {"name": "C226", "value": 13, "symbol": "circle", "symbolSize": 10, "itemStyle": {"color": "rgb(85,86,70)"}}, {"name": "C227", "value": 27, "symbol": "circle", "symbolSize": 13.5, "itemStyle": {"color": "rgb(142,109,68)"}}, {"name": "C228", "value": 31, "symbol": "circle", "symbolSize": 15.5, "itemStyle": {"color": "rgb(115,82,44)"}}, {"name": "C229", "value": 6, "symbol": "circle", "symbolSize": 10, "itemStyle": {"color": "rgb(23,28,46)"}}, {"name": "C230", "value": 13, "symbol": "circle", "symbolSize": 10, "itemStyle": {"color": "rgb(193,173,121)"}}, {"name": "C231", "value": 20, "symbol": "circle", "symbolSize": 10, "itemStyle": {"color": "rgb(134,122,98)"}}, {"name": "C232", "value": 7, "symbol": "circle", "symbolSize": 10, "itemStyle": {"color": "rgb(149,137,111)"}}, {"name": "C233", "value": 36, "symbol": "circle", "symbolSize": 18.0, "itemStyle": {"color": "rgb(191,127,63)"}}, {"name": "C234", "value": 32, "symbol": "circle", "symbolSize": 16.0, "itemStyle": {"color": "rgb(79,76,45)"}}, {"name": "C235", "value": 13, "symbol": "circle", "symbolSize": 10, "itemStyle": {"color": "rgb(123,129,95)"}}, {"name": "C236", "value": 17, "symbol": "circle", "symbolSize": 10, "itemStyle": {"color": "rgb(91,106,77)"}}, {"name": "C237", "value": 12, "symbol": "circle", "symbolSize": 10, "itemStyle": {"color": "rgb(176,129,121)"}}, {"name": "C238", "value": 12, "symbol": "circle", "symbolSize": 10, "itemStyle": {"color": "rgb(102,102,51)"}}, {"name": "C239", "value": 13, "symbol": "circle", "symbolSize": 10, "itemStyle": {"color": "rgb(186,158,136)"}}, {"name": "C240", "value": 22, "symbol": "circle", "symbolSize": 11.0, "itemStyle": {"color": "rgb(153,102,51)"}}, {"name": "C241", "value": 14, "symbol": "circle", "symbolSize": 10, "itemStyle": {"color": "rgb(101,96,91)"}}, {"name": "C242", "value": 32, "symbol": "circle", "symbolSize": 16.0, "itemStyle": {"color": "rgb(118,91,62)"}}, {"name": "C243", "value": 13, "symbol": "circle", "symbolSize": 10, "itemStyle": {"color": "rgb(154,59,57)"}}, {"name": "C244", "value": 15, "symbol": "circle", "symbolSize": 10, "itemStyle": {"color": "rgb(124,109,66)"}}, {"name": "C245", "value": 13, "symbol": "circle", "symbolSize": 10, "itemStyle": {"color": "rgb(180,94,61)"}}, {"name": "C246", "value": 18, "symbol": "circle", "symbolSize": 10, "itemStyle": {"color": "rgb(77,82,85)"}}, {"name": "C247", "value": 13, "symbol": "circle", "symbolSize": 10, "itemStyle": {"color": "rgb(209,194,151)"}}, {"name": "C248", "value": 24, "symbol": "circle", "symbolSize": 12.0, "itemStyle": {"color": "rgb(185,145,85)"}}, {"name": "C249", "value": 22, "symbol": "circle", "symbolSize": 11.0, "itemStyle": {"color": "rgb(137,131,95)"}}, {"name": "C250", "value": 2, "symbol": "circle", "symbolSize": 10, "itemStyle": {"color": "rgb(165,124,62)"}}, {"name": "C251", "value": 4, "symbol": "circle", "symbolSize": 10, "itemStyle": {"color": "rgb(134,100,54)"}}, {"name": "C252", "value": 3, "symbol": "circle", "symbolSize": 10, "itemStyle": {"color": "rgb(124,110,101)"}}, {"name": "C253", "value": 5, "symbol": "circle", "symbolSize": 10, "itemStyle": {"color": "rgb(91,81,79)"}}, {"name": "C254", "value": 6, "symbol": "circle", "symbolSize": 10, "itemStyle": {"color": "rgb(191,127,127)"}}, {"name": "C255", "value": 20, "symbol": "circle", "symbolSize": 10, "itemStyle": {"color": "rgb(51,51,51)"}}, {"name": "C256", "value": 7, "symbol": "circle", "symbolSize": 10, "itemStyle": {"color": "rgb(34,39,45)"}}, {"name": "C257", "value": 3, "symbol": "circle", "symbolSize": 10, "itemStyle": {"color": "rgb(47,38,33)"}}, {"name": "C258", "value": 12, "symbol": "circle", "symbolSize": 10, "itemStyle": {"color": "rgb(26,25,23)"}}, {"name": "C259", "value": 10, "symbol": "circle", "symbolSize": 10, "itemStyle": {"color": "rgb(123,86,33)"}}, {"name": "C260", "value": 10, "symbol": "circle", "symbolSize": 10, "itemStyle": {"color": "rgb(77,42,22)"}}, {"name": "C261", "value": 10, "symbol": "circle", "symbolSize": 10, "itemStyle": {"color": "rgb(76,70,26)"}}, {"name": "C262", "value": 10, "symbol": "circle", "symbolSize": 10, "itemStyle": {"color": "rgb(159,62,35)"}}, {"name": "C263", "value": 28, "symbol": "circle", "symbolSize": 14.0, "itemStyle": {"color": "rgb(106,27,23)"}}, {"name": "C264", "value": 10, "symbol": "circle", "symbolSize": 10, "itemStyle": {"color": "rgb(103,116,61)"}}, {"name": "C265", "value": 3, "symbol": "circle", "symbolSize": 10, "itemStyle": {"color": "rgb(86,67,61)"}}, {"name": "C266", "value": 8, "symbol": "circle", "symbolSize": 10, "itemStyle": {"color": "rgb(60,90,60)"}}, {"name": "C267", "value": 8, "symbol": "circle", "symbolSize": 10, "itemStyle": {"color": "rgb(96,120,82)"}}, {"name": "C268", "value": 15, "symbol": "circle", "symbolSize": 10, "itemStyle": {"color": "rgb(177,161,127)"}}, {"name": "C269", "value": 8, "symbol": "circle", "symbolSize": 10, "itemStyle": {"color": "rgb(35,59,43)"}}, {"name": "C270", "value": 19, "symbol": "circle", "symbolSize": 10, "itemStyle": {"color": "rgb(140,124,109)"}}, {"name": "C271", "value": 15, "symbol": "circle", "symbolSize": 10, "itemStyle": {"color": "rgb(154,141,122)"}}, {"name": "C272", "value": 3, "symbol": "circle", "symbolSize": 10, "itemStyle": {"color": "rgb(32,43,49)"}}, {"name": "C273", "value": 3, "symbol": "circle", "symbolSize": 10, "itemStyle": {"color": "rgb(186,173,141)"}}, {"name": "C274", "value": 5, "symbol": "circle", "symbolSize": 10, "itemStyle": {"color": "rgb(110,108,67)"}}, {"name": "C275", "value": 3, "symbol": "circle", "symbolSize": 10, "itemStyle": {"color": "rgb(24,26,15)"}}, {"name": "C276", "value": 19, "symbol": "circle", "symbolSize": 10, "itemStyle": {"color": "rgb(180,138,106)"}}, {"name": "C277", "value": 4, "symbol": "circle", "symbolSize": 10, "itemStyle": {"color": "rgb(190,91,76)"}}, {"name": "C278", "value": 8, "symbol": "circle", "symbolSize": 10, "itemStyle": {"color": "rgb(40,30,28)"}}, {"name": "C279", "value": 9, "symbol": "circle", "symbolSize": 10, "itemStyle": {"color": "rgb(137,45,43)"}}, {"name": "C280", "value": 9, "symbol": "circle", "symbolSize": 10, "itemStyle": {"color": "rgb(80,46,36)"}}, {"name": "C281", "value": 27, "symbol": "circle", "symbolSize": 13.5, "itemStyle": {"color": "rgb(157,84,61)"}}, {"name": "C282", "value": 6, "symbol": "circle", "symbolSize": 10, "itemStyle": {"color": "rgb(192,132,96)"}}, {"name": "C283", "value": 26, "symbol": "circle", "symbolSize": 13.0, "itemStyle": {"color": "rgb(153,107,84)"}}, {"name": "C284", "value": 6, "symbol": "circle", "symbolSize": 10, "itemStyle": {"color": "rgb(207,181,167)"}}, {"name": "C285", "value": 15, "symbol": "circle", "symbolSize": 10, "itemStyle": {"color": "rgb(141,105,47)"}}, {"name": "C286", "value": 11, "symbol": "circle", "symbolSize": 10, "itemStyle": {"color": "rgb(144,145,97)"}}, {"name": "C287", "value": 16, "symbol": "circle", "symbolSize": 10, "itemStyle": {"color": "rgb(96,82,48)"}}, {"name": "C288", "value": 30, "symbol": "circle", "symbolSize": 15.0, "itemStyle": {"color": "rgb(146,91,70)"}}, {"name": "C289", "value": 11, "symbol": "circle", "symbolSize": 10, "itemStyle": {"color": "rgb(205,210,182)"}}, {"name": "C290", "value": 7, "symbol": "circle", "symbolSize": 10, "itemStyle": {"color": "rgb(170,170,85)"}}, {"name": "C291", "value": 9, "symbol": "circle", "symbolSize": 10, "itemStyle": {"color": "rgb(33,31,32)"}}, {"name": "C292", "value": 24, "symbol": "circle", "symbolSize": 12.0, "itemStyle": {"color": "rgb(95,64,43)"}}, {"name": "C293", "value": 24, "symbol": "circle", "symbolSize": 12.0, "itemStyle": {"color": "rgb(107,104,85)"}}, {"name": "C294", "value": 19, "symbol": "circle", "symbolSize": 10, "itemStyle": {"color": "rgb(125,114,92)"}}, {"name": "C295", "value": 15, "symbol": "circle", "symbolSize": 10, "itemStyle": {"color": "rgb(126,91,69)"}}, {"name": "C296", "value": 6, "symbol": "circle", "symbolSize": 10, "itemStyle": {"color": "rgb(93,65,54)"}}, {"name": "C297", "value": 6, "symbol": "circle", "symbolSize": 10, "itemStyle": {"color": "rgb(69,66,73)"}}, {"name": "C298", "value": 16, "symbol": "circle", "symbolSize": 10, "itemStyle": {"color": "rgb(60,41,43)"}}, {"name": "C299", "value": 8, "symbol": "circle", "symbolSize": 10, "itemStyle": {"color": "rgb(226,199,152)"}}, {"name": "C300", "value": 6, "symbol": "circle", "symbolSize": 10, "itemStyle": {"color": "rgb(85,42,42)"}}, {"name": "C301", "value": 6, "symbol": "circle", "symbolSize": 10, "itemStyle": {"color": "rgb(85,42,0)"}}, {"name": "C302", "value": 9, "symbol": "circle", "symbolSize": 10, "itemStyle": {"color": "rgb(133,156,125)"}}, {"name": "C303", "value": 9, "symbol": "circle", "symbolSize": 10, "itemStyle": {"color": "rgb(96,129,133)"}}, {"name": "C304", "value": 9, "symbol": "circle", "symbolSize": 10, "itemStyle": {"color": "rgb(207,145,89)"}}, {"name": "C305", "value": 9, "symbol": "circle", "symbolSize": 10, "itemStyle": {"color": "rgb(192,139,127)"}}, {"name": "C306", "value": 9, "symbol": "circle", "symbolSize": 10, "itemStyle": {"color": "rgb(155,129,114)"}}, {"name": "C307", "value": 3, "symbol": "circle", "symbolSize": 10, "itemStyle": {"color": "rgb(255,191,127)"}}, {"name": "C308", "value": 18, "symbol": "circle", "symbolSize": 10, "itemStyle": {"color": "rgb(127,99,77)"}}, {"name": "C309", "value": 20, "symbol": "circle", "symbolSize": 10, "itemStyle": {"color": "rgb(145,110,78)"}}, {"name": "C310", "value": 20, "symbol": "circle", "symbolSize": 10, "itemStyle": {"color": "rgb(194,182,156)"}}, {"name": "C311", "value": 6, "symbol": "circle", "symbolSize": 10, "itemStyle": {"color": "rgb(125,81,70)"}}, {"name": "C312", "value": 6, "symbol": "circle", "symbolSize": 10, "itemStyle": {"color": "rgb(116,68,64)"}}, {"name": "C313", "value": 7, "symbol": "circle", "symbolSize": 10, "itemStyle": {"color": "rgb(64,44,33)"}}, {"name": "C314", "value": 3, "symbol": "circle", "symbolSize": 10, "itemStyle": {"color": "rgb(127,127,85)"}}, {"name": "C315", "value": 3, "symbol": "circle", "symbolSize": 10, "itemStyle": {"color": "rgb(255,127,127)"}}, {"name": "C316", "value": 16, "symbol": "circle", "symbolSize": 10, "itemStyle": {"color": "rgb(191,191,127)"}}, {"name": "C317", "value": 4, "symbol": "circle", "symbolSize": 10, "itemStyle": {"color": "rgb(97,111,72)"}}, {"name": "C318", "value": 20, "symbol": "circle", "symbolSize": 10, "itemStyle": {"color": "rgb(71,56,35)"}}, {"name": "C319", "value": 6, "symbol": "circle", "symbolSize": 10, "itemStyle": {"color": "rgb(153,92,51)"}}, {"name": "C320", "value": 5, "symbol": "circle", "symbolSize": 10, "itemStyle": {"color": "rgb(168,126,84)"}}, {"name": "C321", "value": 12, "symbol": "circle", "symbolSize": 10, "itemStyle": {"color": "rgb(213,172,117)"}}, {"name": "C322", "value": 12, "symbol": "circle", "symbolSize": 10, "itemStyle": {"color": "rgb(92,87,83)"}}, {"name": "C323", "value": 18, "symbol": "circle", "symbolSize": 10, "itemStyle": {"color": "rgb(120,77,36)"}}, {"name": "C324", "value": 3, "symbol": "circle", "symbolSize": 10, "itemStyle": {"color": "rgb(91,50,27)"}}, {"name": "C325", "value": 3, "symbol": "circle", "symbolSize": 10, "itemStyle": {"color": "rgb(61,30,19)"}}, {"name": "C326", "value": 6, "symbol": "circle", "symbolSize": 10, "itemStyle": {"color": "rgb(137,81,56)"}}, {"name": "C327", "value": 9, "symbol": "circle", "symbolSize": 10, "itemStyle": {"color": "rgb(176,135,83)"}}, {"name": "C328", "value": 5, "symbol": "circle", "symbolSize": 10, "itemStyle": {"color": "rgb(36,22,11)"}}, {"name": "C329", "value": 49, "symbol": "circle", "symbolSize": 24.5, "itemStyle": {"color": "rgb(160,131,87)"}}, {"name": "C330", "value": 6, "symbol": "circle", "symbolSize": 10, "itemStyle": {"color": "rgb(161,74,65)"}}, {"name": "C331", "value": 4, "symbol": "circle", "symbolSize": 10, "itemStyle": {"color": "rgb(32,38,34)"}}, {"name": "C332", "value": 7, "symbol": "circle", "symbolSize": 10, "itemStyle": {"color": "rgb(187,154,105)"}}, {"name": "C333", "value": 38, "symbol": "circle", "symbolSize": 19.0, "itemStyle": {"color": "rgb(50,46,35)"}}, {"name": "C334", "value": 14, "symbol": "circle", "symbolSize": 10, "itemStyle": {"color": "rgb(89,75,66)"}}, {"name": "C335", "value": 11, "symbol": "circle", "symbolSize": 10, "itemStyle": {"color": "rgb(41,52,38)"}}, {"name": "C336", "value": 11, "symbol": "circle", "symbolSize": 10, "itemStyle": {"color": "rgb(179,62,47)"}}, {"name": "C337", "value": 19, "symbol": "circle", "symbolSize": 10, "itemStyle": {"color": "rgb(165,113,77)"}}, {"name": "C338", "value": 11, "symbol": "circle", "symbolSize": 10, "itemStyle": {"color": "rgb(24,31,31)"}}, {"name": "C339", "value": 18, "symbol": "circle", "symbolSize": 10, "itemStyle": {"color": "rgb(155,154,125)"}}, {"name": "C340", "value": 15, "symbol": "circle", "symbolSize": 10, "itemStyle": {"color": "rgb(255,170,170)"}}, {"name": "C341", "value": 15, "symbol": "circle", "symbolSize": 10, "itemStyle": {"color": "rgb(204,204,153)"}}, {"name": "C342", "value": 15, "symbol": "circle", "symbolSize": 10, "itemStyle": {"color": "rgb(191,159,127)"}}, {"name": "C343", "value": 15, "symbol": "circle", "symbolSize": 10, "itemStyle": {"color": "rgb(226,198,170)"}}, {"name": "C344", "value": 7, "symbol": "circle", "symbolSize": 10, "itemStyle": {"color": "rgb(77,50,26)"}}, {"name": "C345", "value": 7, "symbol": "circle", "symbolSize": 10, "itemStyle": {"color": "rgb(110,102,39)"}}, {"name": "C346", "value": 5, "symbol": "circle", "symbolSize": 10, "itemStyle": {"color": "rgb(113,68,38)"}}, {"name": "C347", "value": 5, "symbol": "circle", "symbolSize": 10, "itemStyle": {"color": "rgb(26,28,31)"}}, {"name": "C348", "value": 25, "symbol": "circle", "symbolSize": 12.5, "itemStyle": {"color": "rgb(129,96,64)"}}, {"name": "C349", "value": 29, "symbol": "circle", "symbolSize": 14.5, "itemStyle": {"color": "rgb(93,76,48)"}}, {"name": "C350", "value": 2, "symbol": "circle", "symbolSize": 10, "itemStyle": {"color": "rgb(156,119,35)"}}, {"name": "C351", "value": 13, "symbol": "circle", "symbolSize": 10, "itemStyle": {"color": "rgb(137,82,75)"}}, {"name": "C352", "value": 21, "symbol": "circle", "symbolSize": 10.5, "itemStyle": {"color": "rgb(65,60,38)"}}, {"name": "C353", "value": 13, "symbol": "circle", "symbolSize": 10, "itemStyle": {"color": "rgb(122,114,83)"}}, {"name": "C354", "value": 18, "symbol": "circle", "symbolSize": 10, "itemStyle": {"color": "rgb(110,90,79)"}}, {"name": "C355", "value": 4, "symbol": "circle", "symbolSize": 10, "itemStyle": {"color": "rgb(174,143,123)"}}, {"name": "C356", "value": 4, "symbol": "circle", "symbolSize": 10, "itemStyle": {"color": "rgb(98,98,98)"}}, {"name": "C357", "value": 4, "symbol": "circle", "symbolSize": 10, "itemStyle": {"color": "rgb(139,139,139)"}}, {"name": "C358", "value": 4, "symbol": "circle", "symbolSize": 10, "itemStyle": {"color": "rgb(162,136,133)"}}, {"name": "C359", "value": 4, "symbol": "circle", "symbolSize": 10, "itemStyle": {"color": "rgb(62,99,100)"}}, {"name": "C360", "value": 4, "symbol": "circle", "symbolSize": 10, "itemStyle": {"color": "rgb(81,137,91)"}}, {"name": "C361", "value": 3, "symbol": "circle", "symbolSize": 10, "itemStyle": {"color": "rgb(224,220,217)"}}, {"name": "C362", "value": 9, "symbol": "circle", "symbolSize": 10, "itemStyle": {"color": "rgb(87,95,84)"}}, {"name": "C363", "value": 10, "symbol": "circle", "symbolSize": 10, "itemStyle": {"color": "rgb(211,204,194)"}}, {"name": "C364", "value": 5, "symbol": "circle", "symbolSize": 10, "itemStyle": {"color": "rgb(168,158,149)"}}, {"name": "C365", "value": 5, "symbol": "circle", "symbolSize": 10, "itemStyle": {"color": "rgb(122,123,118)"}}, {"name": "C366", "value": 6, "symbol": "circle", "symbolSize": 10, "itemStyle": {"color": "rgb(58,54,25)"}}, {"name": "C367", "value": 6, "symbol": "circle", "symbolSize": 10, "itemStyle": {"color": "rgb(91,82,43)"}}, {"name": "C368", "value": 9, "symbol": "circle", "symbolSize": 10, "itemStyle": {"color": "rgb(80,55,16)"}}, {"name": "C369", "value": 2, "symbol": "circle", "symbolSize": 10, "itemStyle": {"color": "rgb(166,125,97)"}}, {"name": "C370", "value": 10, "symbol": "circle", "symbolSize": 10, "itemStyle": {"color": "rgb(149,139,127)"}}, {"name": "C371", "value": 6, "symbol": "circle", "symbolSize": 10, "itemStyle": {"color": "rgb(213,205,186)"}}, {"name": "C372", "value": 15, "symbol": "circle", "symbolSize": 10, "itemStyle": {"color": "rgb(238,220,198)"}}, {"name": "C373", "value": 5, "symbol": "circle", "symbolSize": 10, "itemStyle": {"color": "rgb(229,184,155)"}}, {"name": "C374", "value": 9, "symbol": "circle", "symbolSize": 10, "itemStyle": {"color": "rgb(112,106,98)"}}]