{"C33": {"degree": 10, "weight": 7.14, "EC": 1.0, "CC": 0.47, "BC": 0.01, "data": {"id": ["D016812"], "\u8bbe\u8272": 1, "\u6c34\u58a8": 0, "\u7eb8\u672c": 0, "\u7ee2\u672c": 1, "\u7acb\u8f74": 0, "\u56e2\u6247": 1, "\u518c\u9875": 0, "\u624b\u5377": 0, "\u5927\u9752\u7eff": 1, "\u6d45\u8bbe\u8272": 0, "\u6c34\u58a8\u6d45\u7edb": 0, "\u7ebf\u63cf": 0, "\u5c0f\u9752\u7eff": 0, "\u91cd\u8bbe\u8272": 0}, "r": 56, "g": 102, "b": 76}, "C41": {"degree": 10, "weight": 7.14, "EC": 1.0, "CC": 0.47, "BC": 0.01, "data": {"id": ["D016812"], "\u8bbe\u8272": 1, "\u6c34\u58a8": 0, "\u7eb8\u672c": 0, "\u7ee2\u672c": 1, "\u7acb\u8f74": 0, "\u56e2\u6247": 1, "\u518c\u9875": 0, "\u624b\u5377": 0, "\u5927\u9752\u7eff": 1, "\u6d45\u8bbe\u8272": 0, "\u6c34\u58a8\u6d45\u7edb": 0, "\u7ebf\u63cf": 0, "\u5c0f\u9752\u7eff": 0, "\u91cd\u8bbe\u8272": 0}, "r": 127, "g": 0, "b": 0}, "C38": {"degree": 10, "weight": 7.14, "EC": 1.0, "CC": 0.47, "BC": 0.01, "data": {"id": ["D016812"], "\u8bbe\u8272": 1, "\u6c34\u58a8": 0, "\u7eb8\u672c": 0, "\u7ee2\u672c": 1, "\u7acb\u8f74": 0, "\u56e2\u6247": 1, "\u518c\u9875": 0, "\u624b\u5377": 0, "\u5927\u9752\u7eff": 1, "\u6d45\u8bbe\u8272": 0, "\u6c34\u58a8\u6d45\u7edb": 0, "\u7ebf\u63cf": 0, "\u5c0f\u9752\u7eff": 0, "\u91cd\u8bbe\u8272": 0}, "r": 18, "g": 60, "b": 76}, "C35": {"degree": 10, "weight": 7.14, "EC": 1.0, "CC": 0.47, "BC": 0.01, "data": {"id": ["D016812"], "\u8bbe\u8272": 1, "\u6c34\u58a8": 0, "\u7eb8\u672c": 0, "\u7ee2\u672c": 1, "\u7acb\u8f74": 0, "\u56e2\u6247": 1, "\u518c\u9875": 0, "\u624b\u5377": 0, "\u5927\u9752\u7eff": 1, "\u6d45\u8bbe\u8272": 0, "\u6c34\u58a8\u6d45\u7edb": 0, "\u7ebf\u63cf": 0, "\u5c0f\u9752\u7eff": 0, "\u91cd\u8bbe\u8272": 0}, "r": 20, "g": 66, "b": 56}, "C40": {"degree": 8, "weight": 5.68, "EC": 0.9, "CC": 0.45, "BC": 0.0, "data": {"id": ["D016812", "D016324"], "\u8bbe\u8272": 2, "\u6c34\u58a8": 0, "\u7eb8\u672c": 0, "\u7ee2\u672c": 2, "\u7acb\u8f74": 0, "\u56e2\u6247": 1, "\u518c\u9875": 0, "\u624b\u5377": 1, "\u5927\u9752\u7eff": 2, "\u6d45\u8bbe\u8272": 0, "\u6c34\u58a8\u6d45\u7edb": 0, "\u7ebf\u63cf": 0, "\u5c0f\u9752\u7eff": 0, "\u91cd\u8bbe\u8272": 0}, "r": 27, "g": 88, "b": 98}, "C36": {"degree": 8, "weight": 5.68, "EC": 0.9, "CC": 0.45, "BC": 0.0, "data": {"id": ["D016812", "D016324"], "\u8bbe\u8272": 2, "\u6c34\u58a8": 0, "\u7eb8\u672c": 0, "\u7ee2\u672c": 2, "\u7acb\u8f74": 0, "\u56e2\u6247": 1, "\u518c\u9875": 0, "\u624b\u5377": 1, "\u5927\u9752\u7eff": 2, "\u6d45\u8bbe\u8272": 0, "\u6c34\u58a8\u6d45\u7edb": 0, "\u7ebf\u63cf": 0, "\u5c0f\u9752\u7eff": 0, "\u91cd\u8bbe\u8272": 0}, "r": 69, "g": 130, "b": 96}, "C37": {"degree": 8, "weight": 5.68, "EC": 0.9, "CC": 0.45, "BC": 0.0, "data": {"id": ["D016812", "D016324"], "\u8bbe\u8272": 2, "\u6c34\u58a8": 0, "\u7eb8\u672c": 0, "\u7ee2\u672c": 2, "\u7acb\u8f74": 0, "\u56e2\u6247": 1, "\u518c\u9875": 0, "\u624b\u5377": 1, "\u5927\u9752\u7eff": 2, "\u6d45\u8bbe\u8272": 0, "\u6c34\u58a8\u6d45\u7edb": 0, "\u7ebf\u63cf": 0, "\u5c0f\u9752\u7eff": 0, "\u91cd\u8bbe\u8272": 0}, "r": 91, "g": 99, "b": 71}, "C44": {"degree": 5, "weight": 3.67, "EC": 0.15, "CC": 0.39, "BC": 0.0, "data": {"id": ["D016822"], "\u8bbe\u8272": 1, "\u6c34\u58a8": 0, "\u7eb8\u672c": 0, "\u7ee2\u672c": 1, "\u7acb\u8f74": 0, "\u56e2\u6247": 1, "\u518c\u9875": 0, "\u624b\u5377": 0, "\u5927\u9752\u7eff": 0, "\u6d45\u8bbe\u8272": 1, "\u6c34\u58a8\u6d45\u7edb": 0, "\u7ebf\u63cf": 0, "\u5c0f\u9752\u7eff": 0, "\u91cd\u8bbe\u8272": 0}, "r": 133, "g": 96, "b": 18}, "C46": {"degree": 5, "weight": 3.67, "EC": 0.15, "CC": 0.39, "BC": 0.0, "data": {"id": ["D016822"], "\u8bbe\u8272": 1, "\u6c34\u58a8": 0, "\u7eb8\u672c": 0, "\u7ee2\u672c": 1, "\u7acb\u8f74": 0, "\u56e2\u6247": 1, "\u518c\u9875": 0, "\u624b\u5377": 0, "\u5927\u9752\u7eff": 0, "\u6d45\u8bbe\u8272": 1, "\u6c34\u58a8\u6d45\u7edb": 0, "\u7ebf\u63cf": 0, "\u5c0f\u9752\u7eff": 0, "\u91cd\u8bbe\u8272": 0}, "r": 50, "g": 21, "b": 5}, "C34": {"degree": 8, "weight": 4.66, "EC": 0.9, "CC": 0.45, "BC": 0.0, "data": {"id": ["D016812", "D016875"], "\u8bbe\u8272": 2, "\u6c34\u58a8": 0, "\u7eb8\u672c": 0, "\u7ee2\u672c": 2, "\u7acb\u8f74": 0, "\u56e2\u6247": 1, "\u518c\u9875": 1, "\u624b\u5377": 0, "\u5927\u9752\u7eff": 1, "\u6d45\u8bbe\u8272": 0, "\u6c34\u58a8\u6d45\u7edb": 0, "\u7ebf\u63cf": 0, "\u5c0f\u9752\u7eff": 1, "\u91cd\u8bbe\u8272": 0}, "r": 21, "g": 40, "b": 38}, "C47": {"degree": 6, "weight": 3.47, "EC": 0.15, "CC": 0.39, "BC": 0.02, "data": {"id": ["D016822", "D016501"], "\u8bbe\u8272": 1, "\u6c34\u58a8": 2, "\u7eb8\u672c": 1, "\u7ee2\u672c": 1, "\u7acb\u8f74": 0, "\u56e2\u6247": 1, "\u518c\u9875": 0, "\u624b\u5377": 1, "\u5927\u9752\u7eff": 0, "\u6d45\u8bbe\u8272": 1, "\u6c34\u58a8\u6d45\u7edb": 0, "\u7ebf\u63cf": 0, "\u5c0f\u9752\u7eff": 0, "\u91cd\u8bbe\u8272": 0}, "r": 89, "g": 65, "b": 10}, "C58": {"degree": 5, "weight": 2.59, "EC": 0.04, "CC": 0.58, "BC": 0.03, "data": {"id": ["D005042"], "\u8bbe\u8272": 1, "\u6c34\u58a8": 0, "\u7eb8\u672c": 0, "\u7ee2\u672c": 1, "\u7acb\u8f74": 0, "\u56e2\u6247": 1, "\u518c\u9875": 0, "\u624b\u5377": 0, "\u5927\u9752\u7eff": 1, "\u6d45\u8bbe\u8272": 0, "\u6c34\u58a8\u6d45\u7edb": 0, "\u7ebf\u63cf": 0, "\u5c0f\u9752\u7eff": 0, "\u91cd\u8bbe\u8272": 0}, "r": 255, "g": 170, "b": 170}, "C55": {"degree": 4, "weight": 1.9, "EC": 0.03, "CC": 0.52, "BC": 0.01, "data": {"id": ["D016020", "D005042"], "\u8bbe\u8272": 1, "\u6c34\u58a8": 2, "\u7eb8\u672c": 1, "\u7ee2\u672c": 1, "\u7acb\u8f74": 0, "\u56e2\u6247": 1, "\u518c\u9875": 0, "\u624b\u5377": 1, "\u5927\u9752\u7eff": 1, "\u6d45\u8bbe\u8272": 0, "\u6c34\u58a8\u6d45\u7edb": 0, "\u7ebf\u63cf": 0, "\u5c0f\u9752\u7eff": 0, "\u91cd\u8bbe\u8272": 0}, "r": 191, "g": 191, "b": 127}, "C48": {"degree": 6, "weight": 3.47, "EC": 0.15, "CC": 0.4, "BC": 0.05, "data": {"id": ["D016822", "D016023"], "\u8bbe\u8272": 1, "\u6c34\u58a8": 2, "\u7eb8\u672c": 0, "\u7ee2\u672c": 2, "\u7acb\u8f74": 0, "\u56e2\u6247": 2, "\u518c\u9875": 0, "\u624b\u5377": 0, "\u5927\u9752\u7eff": 0, "\u6d45\u8bbe\u8272": 1, "\u6c34\u58a8\u6d45\u7edb": 0, "\u7ebf\u63cf": 0, "\u5c0f\u9752\u7eff": 0, "\u91cd\u8bbe\u8272": 0}, "r": 127, "g": 63, "b": 0}, "C43": {"degree": 6, "weight": 3.16, "EC": 0.25, "CC": 0.51, "BC": 0.06, "data": {"id": ["D016815", "D016822"], "\u8bbe\u8272": 2, "\u6c34\u58a8": 0, "\u7eb8\u672c": 0, "\u7ee2\u672c": 2, "\u7acb\u8f74": 0, "\u56e2\u6247": 2, "\u518c\u9875": 0, "\u624b\u5377": 0, "\u5927\u9752\u7eff": 0, "\u6d45\u8bbe\u8272": 2, "\u6c34\u58a8\u6d45\u7edb": 0, "\u7ebf\u63cf": 0, "\u5c0f\u9752\u7eff": 0, "\u91cd\u8bbe\u8272": 0}, "r": 85, "g": 85, "b": 0}, "C57": {"degree": 2, "weight": 1.02, "EC": 0.03, "CC": 0.3, "BC": 0.02, "data": {"id": ["D016023"], "\u8bbe\u8272": 0, "\u6c34\u58a8": 2, "\u7eb8\u672c": 0, "\u7ee2\u672c": 1, "\u7acb\u8f74": 0, "\u56e2\u6247": 1, "\u518c\u9875": 0, "\u624b\u5377": 0, "\u5927\u9752\u7eff": 0, "\u6d45\u8bbe\u8272": 0, "\u6c34\u58a8\u6d45\u7edb": 0, "\u7ebf\u63cf": 0, "\u5c0f\u9752\u7eff": 0, "\u91cd\u8bbe\u8272": 0}, "r": 91, "g": 50, "b": 27}, "C51": {"degree": 1, "weight": 0.7, "EC": 0.0, "CC": 1.0, "BC": 0.0, "data": {"id": ["D016730"], "\u8bbe\u8272": 1, "\u6c34\u58a8": 0, "\u7eb8\u672c": 0, "\u7ee2\u672c": 1, "\u7acb\u8f74": 0, "\u56e2\u6247": 0, "\u518c\u9875": 1, "\u624b\u5377": 0, "\u5927\u9752\u7eff": 0, "\u6d45\u8bbe\u8272": 0, "\u6c34\u58a8\u6d45\u7edb": 1, "\u7ebf\u63cf": 0, "\u5c0f\u9752\u7eff": 0, "\u91cd\u8bbe\u8272": 0}, "r": 255, "g": 191, "b": 127}, "C26": {"degree": 1, "weight": 0.7, "EC": 0.0, "CC": 1.0, "BC": 0.0, "data": {"id": ["D016436", "D016730"], "\u8bbe\u8272": 2, "\u6c34\u58a8": 0, "\u7eb8\u672c": 0, "\u7ee2\u672c": 2, "\u7acb\u8f74": 0, "\u56e2\u6247": 1, "\u518c\u9875": 1, "\u624b\u5377": 0, "\u5927\u9752\u7eff": 0, "\u6d45\u8bbe\u8272": 0, "\u6c34\u58a8\u6d45\u7edb": 2, "\u7ebf\u63cf": 0, "\u5c0f\u9752\u7eff": 0, "\u91cd\u8bbe\u8272": 0}, "r": 157, "g": 97, "b": 81}, "C60": {"degree": 1, "weight": 0.7, "EC": 0.03, "CC": 0.29, "BC": 0.0, "data": {"id": ["D016501"], "\u8bbe\u8272": 0, "\u6c34\u58a8": 2, "\u7eb8\u672c": 1, "\u7ee2\u672c": 0, "\u7acb\u8f74": 0, "\u56e2\u6247": 0, "\u518c\u9875": 0, "\u624b\u5377": 1, "\u5927\u9752\u7eff": 0, "\u6d45\u8bbe\u8272": 0, "\u6c34\u58a8\u6d45\u7edb": 0, "\u7ebf\u63cf": 0, "\u5c0f\u9752\u7eff": 0, "\u91cd\u8bbe\u8272": 0}, "r": 229, "g": 184, "b": 155}, "C42": {"degree": 11, "weight": 4.89, "EC": 0.98, "CC": 0.59, "BC": 0.17, "data": {"id": ["D016812", "D016815", "D015909"], "\u8bbe\u8272": 3, "\u6c34\u58a8": 0, "\u7eb8\u672c": 0, "\u7ee2\u672c": 3, "\u7acb\u8f74": 0, "\u56e2\u6247": 2, "\u518c\u9875": 1, "\u624b\u5377": 0, "\u5927\u9752\u7eff": 1, "\u6d45\u8bbe\u8272": 1, "\u6c34\u58a8\u6d45\u7edb": 0, "\u7ebf\u63cf": 0, "\u5c0f\u9752\u7eff": 1, "\u91cd\u8bbe\u8272": 0}, "r": 190, "g": 148, "b": 72}, "C45": {"degree": 6, "weight": 2.63, "EC": 0.25, "CC": 0.51, "BC": 0.06, "data": {"id": ["D016799", "D016822", "D015909"], "\u8bbe\u8272": 3, "\u6c34\u58a8": 0, "\u7eb8\u672c": 0, "\u7ee2\u672c": 3, "\u7acb\u8f74": 1, "\u56e2\u6247": 1, "\u518c\u9875": 1, "\u624b\u5377": 0, "\u5927\u9752\u7eff": 0, "\u6d45\u8bbe\u8272": 2, "\u6c34\u58a8\u6d45\u7edb": 0, "\u7ebf\u63cf": 0, "\u5c0f\u9752\u7eff": 1, "\u91cd\u8bbe\u8272": 0}, "r": 54, "g": 37, "b": 9}, "C14": {"degree": 5, "weight": 2.2, "EC": 0.04, "CC": 0.61, "BC": 0.04, "data": {"id": ["D016376", "D005042", "D016318"], "\u8bbe\u8272": 2, "\u6c34\u58a8": 2, "\u7eb8\u672c": 1, "\u7ee2\u672c": 2, "\u7acb\u8f74": 0, "\u56e2\u6247": 2, "\u518c\u9875": 0, "\u624b\u5377": 1, "\u5927\u9752\u7eff": 1, "\u6d45\u8bbe\u8272": 0, "\u6c34\u58a8\u6d45\u7edb": 0, "\u7ebf\u63cf": 0, "\u5c0f\u9752\u7eff": 0, "\u91cd\u8bbe\u8272": 1}, "r": 170, "g": 170, "b": 170}, "C59": {"degree": 1, "weight": 0.57, "EC": 0.01, "CC": 0.39, "BC": 0.0, "data": {"id": ["D016318"], "\u8bbe\u8272": 0, "\u6c34\u58a8": 2, "\u7eb8\u672c": 1, "\u7ee2\u672c": 0, "\u7acb\u8f74": 0, "\u56e2\u6247": 0, "\u518c\u9875": 0, "\u624b\u5377": 1, "\u5927\u9752\u7eff": 0, "\u6d45\u8bbe\u8272": 0, "\u6c34\u58a8\u6d45\u7edb": 0, "\u7ebf\u63cf": 0, "\u5c0f\u9752\u7eff": 0, "\u91cd\u8bbe\u8272": 0}, "r": 162, "g": 136, "b": 133}, "C25": {"degree": 3, "weight": 1.28, "EC": 0.03, "CC": 0.5, "BC": 0.0, "data": {"id": ["D016434", "D016969", "D005042"], "\u8bbe\u8272": 2, "\u6c34\u58a8": 2, "\u7eb8\u672c": 1, "\u7ee2\u672c": 2, "\u7acb\u8f74": 0, "\u56e2\u6247": 2, "\u518c\u9875": 0, "\u624b\u5377": 1, "\u5927\u9752\u7eff": 1, "\u6d45\u8bbe\u8272": 0, "\u6c34\u58a8\u6d45\u7edb": 1, "\u7ebf\u63cf": 0, "\u5c0f\u9752\u7eff": 0, "\u91cd\u8bbe\u8272": 0}, "r": 127, "g": 63, "b": 63}, "C17": {"degree": 3, "weight": 1.16, "EC": 0.13, "CC": 0.41, "BC": 0.05, "data": {"id": ["D016379", "D016381", "D016382", "D016431", "D016950", "D016956", "D016957", "D016987", "D016990", "D016994", "D016811", "D016812", "D016815", "D016126", "D017172", "D016898", "D015909", "D016021", "D016864", "D016866", "D016918", "D005038", "D016324", "D016312", "D016326"], "\u8bbe\u8272": 25, "\u6c34\u58a8": 0, "\u7eb8\u672c": 0, "\u7ee2\u672c": 25, "\u7acb\u8f74": 4, "\u56e2\u6247": 10, "\u518c\u9875": 6, "\u624b\u5377": 5, "\u5927\u9752\u7eff": 4, "\u6d45\u8bbe\u8272": 6, "\u6c34\u58a8\u6d45\u7edb": 12, "\u7ebf\u63cf": 0, "\u5c0f\u9752\u7eff": 3, "\u91cd\u8bbe\u8272": 0}, "r": 114, "g": 99, "b": 60}, "C16": {"degree": 2, "weight": 0.78, "EC": 0.02, "CC": 0.3, "BC": 0.0, "data": {"id": ["D016366", "D016377", "D016379", "D016381", "D016382", "D016390", "D016394", "D016415", "D016431", "D016466", "D016948", "D016950", "D016962", "D017017", "D016956", "D016957", "D016958", "D016971", "D016971", "D016984", "D016985", "D016986", "D016988", "D016988", "D016990", "D016994", "D016791", "D016792", "D016787", "D016811", "D016812", "D016816", "D015994", "D017172", "D017117", "D017129", "D017222", "D016898", "D015909", "D016733", "D016719", "D016750", "D016020", "D016012", "D016013", "D016019", "D016022", "D016040", "D016862", "D016863", "D016866", "D016875", "D005042", "D016287", "D016324", "D016310", "D016312", "D016328", "D016499"], "\u8bbe\u8272": 53, "\u6c34\u58a8": 12, "\u7eb8\u672c": 2, "\u7ee2\u672c": 57, "\u7acb\u8f74": 10, "\u56e2\u6247": 20, "\u518c\u9875": 18, "\u624b\u5377": 11, "\u5927\u9752\u7eff": 5, "\u6d45\u8bbe\u8272": 14, "\u6c34\u58a8\u6d45\u7edb": 20, "\u7ebf\u63cf": 0, "\u5c0f\u9752\u7eff": 13, "\u91cd\u8bbe\u8272": 1}, "r": 149, "g": 124, "b": 84}, "C56": {"degree": 4, "weight": 1.74, "EC": 0.47, "CC": 0.34, "BC": 0.0, "data": {"id": ["D016823", "D016812", "D016020", "D016013", "D016185"], "\u8bbe\u8272": 4, "\u6c34\u58a8": 2, "\u7eb8\u672c": 1, "\u7ee2\u672c": 4, "\u7acb\u8f74": 0, "\u56e2\u6247": 1, "\u518c\u9875": 1, "\u624b\u5377": 3, "\u5927\u9752\u7eff": 1, "\u6d45\u8bbe\u8272": 0, "\u6c34\u58a8\u6d45\u7edb": 3, "\u7ebf\u63cf": 0, "\u5c0f\u9752\u7eff": 0, "\u91cd\u8bbe\u8272": 0}, "r": 131, "g": 89, "b": 67}, "C11": {"degree": 3, "weight": 1.08, "EC": 0.02, "CC": 0.46, "BC": 0.02, "data": {"id": ["D016367", "D016371", "D016376", "D016394", "D016960", "D016969", "D016991", "D016696", "D016696", "D015991", "D017172", "D017117", "D016240", "D017179", "D015936", "D016006", "D016018", "D005042", "D016332", "D016317", "D016318", "D016309", "D016501"], "\u8bbe\u8272": 14, "\u6c34\u58a8": 18, "\u7eb8\u672c": 9, "\u7ee2\u672c": 14, "\u7acb\u8f74": 3, "\u56e2\u6247": 8, "\u518c\u9875": 3, "\u624b\u5377": 9, "\u5927\u9752\u7eff": 2, "\u6d45\u8bbe\u8272": 0, "\u6c34\u58a8\u6d45\u7edb": 7, "\u7ebf\u63cf": 0, "\u5c0f\u9752\u7eff": 4, "\u91cd\u8bbe\u8272": 1}, "r": 136, "g": 129, "b": 119}, "C15": {"degree": 1, "weight": 0.41, "EC": 0.01, "CC": 0.32, "BC": 0.0, "data": {"id": ["D016376", "D017179", "D015936", "D016006"], "\u8bbe\u8272": 4, "\u6c34\u58a8": 0, "\u7eb8\u672c": 0, "\u7ee2\u672c": 4, "\u7acb\u8f74": 0, "\u56e2\u6247": 1, "\u518c\u9875": 0, "\u624b\u5377": 3, "\u5927\u9752\u7eff": 0, "\u6d45\u8bbe\u8272": 0, "\u6c34\u58a8\u6d45\u7edb": 2, "\u7ebf\u63cf": 0, "\u5c0f\u9752\u7eff": 1, "\u91cd\u8bbe\u8272": 1}, "r": 127, "g": 127, "b": 63}, "C50": {"degree": 1, "weight": 0.41, "EC": 0.01, "CC": 0.35, "BC": 0.0, "data": {"id": ["D015928", "D016722", "D016020", "D016013", "D016866", "D005042", "D016317", "D016310", "D016499", "D016501", "D016267"], "\u8bbe\u8272": 7, "\u6c34\u58a8": 8, "\u7eb8\u672c": 3, "\u7ee2\u672c": 8, "\u7acb\u8f74": 2, "\u56e2\u6247": 2, "\u518c\u9875": 0, "\u624b\u5377": 7, "\u5927\u9752\u7eff": 1, "\u6d45\u8bbe\u8272": 0, "\u6c34\u58a8\u6d45\u7edb": 3, "\u7ebf\u63cf": 0, "\u5c0f\u9752\u7eff": 3, "\u91cd\u8bbe\u8272": 0}, "r": 213, "g": 200, "b": 183}, "C2": {"degree": 1, "weight": 0.39, "EC": 0.01, "CC": 0.38, "BC": 0.0, "data": {"id": ["D016696", "D015991", "D015999", "D015909", "D017111", "D005042"], "\u8bbe\u8272": 5, "\u6c34\u58a8": 2, "\u7eb8\u672c": 1, "\u7ee2\u672c": 5, "\u7acb\u8f74": 1, "\u56e2\u6247": 3, "\u518c\u9875": 2, "\u624b\u5377": 0, "\u5927\u9752\u7eff": 2, "\u6d45\u8bbe\u8272": 0, "\u6c34\u58a8\u6d45\u7edb": 2, "\u7ebf\u63cf": 0, "\u5c0f\u9752\u7eff": 1, "\u91cd\u8bbe\u8272": 0}, "r": 240, "g": 240, "b": 240}, "C1": {"degree": 2, "weight": 0.73, "EC": 0.02, "CC": 0.3, "BC": 0.0, "data": {"id": ["D016373", "D016379", "D016957", "D016959", "D016981", "D016985", "D016986", "D016988", "D016990", "D016994", "D016811", "D016812", "D016815", "D016126", "D015994", "D016713", "D016006", "D016023", "D016866", "D005042"], "\u8bbe\u8272": 19, "\u6c34\u58a8": 2, "\u7eb8\u672c": 0, "\u7ee2\u672c": 20, "\u7acb\u8f74": 2, "\u56e2\u6247": 10, "\u518c\u9875": 6, "\u624b\u5377": 2, "\u5927\u9752\u7eff": 3, "\u6d45\u8bbe\u8272": 9, "\u6c34\u58a8\u6d45\u7edb": 6, "\u7ebf\u63cf": 0, "\u5c0f\u9752\u7eff": 1, "\u91cd\u8bbe\u8272": 0}, "r": 10, "g": 10, "b": 10}, "C53": {"degree": 1, "weight": 0.36, "EC": 0.0, "CC": 1.0, "BC": 0.0, "data": {"id": ["D016376", "D016438", "D016962", "D016963", "D017017", "D016959", "D016971", "D016978", "D016791", "D016798", "D016799", "D016800", "D016816", "D016819", "D015997", "D016713", "D016713", "D017129", "D016665", "D017222", "D017180", "D016898", "D015900", "D015928", "D016721", "D016730", "D016733", "D016740", "D016741", "D016743", "D016756", "D016006", "D016012", "D016019", "D016022", "D016866", "D016195", "D005042", "D016272", "D016287", "D016283", "D016300", "D016310", "D016329", "D016498", "D016342"], "\u8bbe\u8272": 38, "\u6c34\u58a8": 16, "\u7eb8\u672c": 1, "\u7ee2\u672c": 45, "\u7acb\u8f74": 15, "\u56e2\u6247": 13, "\u518c\u9875": 7, "\u624b\u5377": 11, "\u5927\u9752\u7eff": 6, "\u6d45\u8bbe\u8272": 6, "\u6c34\u58a8\u6d45\u7edb": 16, "\u7ebf\u63cf": 0, "\u5c0f\u9752\u7eff": 8, "\u91cd\u8bbe\u8272": 2}, "r": 111, "g": 86, "b": 56}, "C3": {"degree": 1, "weight": 0.36, "EC": 0.0, "CC": 1.0, "BC": 0.0, "data": {"id": ["D016357", "D016361", "D016367", "D016386", "D016411", "D016412", "D016417", "D016418", "D016419", "D016425", "D016427", "D016429", "D016430", "D016431", "D016432", "D016434", "D016451", "D016949", "D016950", "D016962", "D016958", "D016959", "D016961", "D016971", "D016978", "D016980", "D016981", "D016986", "D016987", "D016994", "D016789", "D016791", "D016798", "D016800", "D016787", "D015991", "D015994", "D017172", "D016240", "D017222", "D017179", "D017180", "D015890", "D015889", "D015909", "D016730", "D016740", "D016719", "D016741", "D016756", "D016053", "D016009", "D016013", "D016019", "D016037", "D016038", "D016041", "D016864", "D016866", "D016191", "D016195", "D017111", "D005042", "D016272", "D016320", "D016325", "D016496", "D016287", "D016510", "D016300", "D016310", "D016327", "D016329", "D016267", "D016343"], "\u8bbe\u8272": 67, "\u6c34\u58a8": 16, "\u7eb8\u672c": 3, "\u7ee2\u672c": 72, "\u7acb\u8f74": 17, "\u56e2\u6247": 22, "\u518c\u9875": 22, "\u624b\u5377": 14, "\u5927\u9752\u7eff": 5, "\u6d45\u8bbe\u8272": 11, "\u6c34\u58a8\u6d45\u7edb": 37, "\u7ebf\u63cf": 0, "\u5c0f\u9752\u7eff": 13, "\u91cd\u8bbe\u8272": 1}, "r": 78, "g": 68, "b": 59}, "C29": {"degree": 2, "weight": 0.73, "EC": 0.01, "CC": 0.41, "BC": 0.01, "data": {"id": ["D016956", "D016984", "D016990", "D016799", "D016756", "D016040", "D005042"], "\u8bbe\u8272": 7, "\u6c34\u58a8": 0, "\u7eb8\u672c": 0, "\u7ee2\u672c": 7, "\u7acb\u8f74": 1, "\u56e2\u6247": 3, "\u518c\u9875": 3, "\u624b\u5377": 0, "\u5927\u9752\u7eff": 2, "\u6d45\u8bbe\u8272": 4, "\u6c34\u58a8\u6d45\u7edb": 0, "\u7ebf\u63cf": 0, "\u5c0f\u9752\u7eff": 1, "\u91cd\u8bbe\u8272": 0}, "r": 147, "g": 98, "b": 52}, "C54": {"degree": 1, "weight": 0.36, "EC": 0.0, "CC": 0.3, "BC": 0.0, "data": {"id": ["D016756"], "\u8bbe\u8272": 1, "\u6c34\u58a8": 0, "\u7eb8\u672c": 0, "\u7ee2\u672c": 1, "\u7acb\u8f74": 0, "\u56e2\u6247": 1, "\u518c\u9875": 0, "\u624b\u5377": 0, "\u5927\u9752\u7eff": 1, "\u6d45\u8bbe\u8272": 0, "\u6c34\u58a8\u6d45\u7edb": 0, "\u7ebf\u63cf": 0, "\u5c0f\u9752\u7eff": 0, "\u91cd\u8bbe\u8272": 0}, "r": 191, "g": 127, "b": 63}, "C20": {"degree": 4, "weight": 1.35, "EC": 0.47, "CC": 0.34, "BC": 0.0, "data": {"id": ["D016381", "D016382", "D016390", "D016812", "D015928", "D016024", "D016323", "D016326"], "\u8bbe\u8272": 8, "\u6c34\u58a8": 0, "\u7eb8\u672c": 0, "\u7ee2\u672c": 8, "\u7acb\u8f74": 0, "\u56e2\u6247": 6, "\u518c\u9875": 0, "\u624b\u5377": 2, "\u5927\u9752\u7eff": 1, "\u6d45\u8bbe\u8272": 0, "\u6c34\u58a8\u6d45\u7edb": 4, "\u7ebf\u63cf": 0, "\u5c0f\u9752\u7eff": 3, "\u91cd\u8bbe\u8272": 0}, "r": 70, "g": 75, "b": 54}, "C30": {"degree": 1, "weight": 0.32, "EC": 0.01, "CC": 0.23, "BC": 0.0, "data": {"id": ["D017017", "D016971", "D016988", "D016665", "D016743", "D016023", "D016040", "D016182", "D016342"], "\u8bbe\u8272": 8, "\u6c34\u58a8": 2, "\u7eb8\u672c": 0, "\u7ee2\u672c": 9, "\u7acb\u8f74": 4, "\u56e2\u6247": 2, "\u518c\u9875": 2, "\u624b\u5377": 1, "\u5927\u9752\u7eff": 0, "\u6d45\u8bbe\u8272": 3, "\u6c34\u58a8\u6d45\u7edb": 3, "\u7ebf\u63cf": 0, "\u5c0f\u9752\u7eff": 2, "\u91cd\u8bbe\u8272": 0}, "r": 48, "g": 33, "b": 24}, "C32": {"degree": 1, "weight": 0.31, "EC": 0.01, "CC": 0.32, "BC": 0.0, "data": {"id": ["D016367", "D016376", "D016418", "D016438", "D016969", "D016980", "D016991", "D015991", "D016756", "D016875", "D016185", "D016321", "D016323", "D016332", "D016339"], "\u8bbe\u8272": 13, "\u6c34\u58a8": 4, "\u7eb8\u672c": 2, "\u7ee2\u672c": 13, "\u7acb\u8f74": 1, "\u56e2\u6247": 6, "\u518c\u9875": 3, "\u624b\u5377": 5, "\u5927\u9752\u7eff": 4, "\u6d45\u8bbe\u8272": 1, "\u6c34\u58a8\u6d45\u7edb": 5, "\u7ebf\u63cf": 0, "\u5c0f\u9752\u7eff": 2, "\u91cd\u8bbe\u8272": 1}, "r": 113, "g": 111, "b": 96}, "C39": {"degree": 1, "weight": 0.31, "EC": 0.0, "CC": 1.0, "BC": 0.0, "data": {"id": ["D016962", "D016812", "D015995", "D016112", "D017206", "D016860", "D016180", "D016918", "D016501", "D016339"], "\u8bbe\u8272": 4, "\u6c34\u58a8": 12, "\u7eb8\u672c": 6, "\u7ee2\u672c": 4, "\u7acb\u8f74": 1, "\u56e2\u6247": 1, "\u518c\u9875": 0, "\u624b\u5377": 8, "\u5927\u9752\u7eff": 1, "\u6d45\u8bbe\u8272": 0, "\u6c34\u58a8\u6d45\u7edb": 3, "\u7ebf\u63cf": 0, "\u5c0f\u9752\u7eff": 0, "\u91cd\u8bbe\u8272": 0}, "r": 154, "g": 148, "b": 116}, "C5": {"degree": 1, "weight": 0.31, "EC": 0.0, "CC": 1.0, "BC": 0.0, "data": {"id": ["D016364", "D016369", "D016385", "D016390", "D016394", "D016409", "D016428", "D016434", "D016436", "D016441", "D016465", "D016466", "D016962", "D016959", "D016985", "D016986", "D016987", "D016988", "D016990", "D016792", "D016819", "D016126", "D015989", "D015995", "D016112", "D017206", "D017178", "D015889", "D015914", "D016722", "D016719", "D016741", "D016020", "D016024", "D016863", "D016867", "D016860", "D016870", "D016875", "D016185", "D016918", "D016332", "D016328", "D016498", "D016499", "D016501"], "\u8bbe\u8272": 36, "\u6c34\u58a8": 20, "\u7eb8\u672c": 9, "\u7ee2\u672c": 37, "\u7acb\u8f74": 3, "\u56e2\u6247": 16, "\u518c\u9875": 10, "\u624b\u5377": 17, "\u5927\u9752\u7eff": 2, "\u6d45\u8bbe\u8272": 9, "\u6c34\u58a8\u6d45\u7edb": 15, "\u7ebf\u63cf": 0, "\u5c0f\u9752\u7eff": 8, "\u91cd\u8bbe\u8272": 2}, "r": 97, "g": 92, "b": 73}, "C23": {"degree": 1, "weight": 0.3, "EC": 0.0, "CC": 1.0, "BC": 0.0, "data": {"id": ["D016368", "D016370", "D016372", "D016377", "D016378", "D016406", "D016407", "D016413", "D016415", "D016416", "D016420", "D016423", "D016433", "D016949", "D016971", "D016973", "D016810", "D016696", "D015993", "D015999", "D017172", "D017117", "D016240", "D015936", "D016038", "D016039", "D016042", "D016325", "D016292", "D016341", "D016349"], "\u8bbe\u8272": 27, "\u6c34\u58a8": 8, "\u7eb8\u672c": 4, "\u7ee2\u672c": 27, "\u7acb\u8f74": 6, "\u56e2\u6247": 17, "\u518c\u9875": 4, "\u624b\u5377": 4, "\u5927\u9752\u7eff": 3, "\u6d45\u8bbe\u8272": 4, "\u6c34\u58a8\u6d45\u7edb": 13, "\u7ebf\u63cf": 0, "\u5c0f\u9752\u7eff": 7, "\u91cd\u8bbe\u8272": 0}, "r": 104, "g": 91, "b": 82}, "C4": {"degree": 1, "weight": 0.3, "EC": 0.0, "CC": 1.0, "BC": 0.0, "data": {"id": ["D016361", "D016366", "D016368", "D016372", "D016373", "D016378", "D016394", "D016406", "D016407", "D016409", "D016415", "D016421", "D016422", "D016427", "D016430", "D016432", "D016436", "D016438", "D016441", "D016451", "D016480", "D017018", "D016961", "D016981", "D016985", "D017013", "D017016", "D016792", "D016787", "D016810", "D016819", "D015989", "D015993", "D015994", "D015995", "D015999", "D017172", "D017117", "D016112", "D016850", "D017179", "D015889", "D015928", "D016722", "D016731", "D016739", "D016750", "D016053", "D016024", "D016037", "D016038", "D016039", "D016041", "D016042", "D016044", "D016862", "D016867", "D016868", "D016860", "D016195", "D005042", "D016320", "D016325", "D016503", "D016510", "D016301", "D016328", "D016329", "D016330", "D016499", "D016340"], "\u8bbe\u8272": 56, "\u6c34\u58a8": 28, "\u7eb8\u672c": 7, "\u7ee2\u672c": 64, "\u7acb\u8f74": 8, "\u56e2\u6247": 33, "\u518c\u9875": 12, "\u624b\u5377": 18, "\u5927\u9752\u7eff": 4, "\u6d45\u8bbe\u8272": 7, "\u6c34\u58a8\u6d45\u7edb": 28, "\u7ebf\u63cf": 1, "\u5c0f\u9752\u7eff": 15, "\u91cd\u8bbe\u8272": 3}, "r": 130, "g": 113, "b": 93}}