ID,朝代,题材,设色,材质（出版）,形制,色彩1,占比1,色彩2,占比2,色彩3,占比3,色彩4,占比4,色彩5,占比5,色彩6,占比6,色彩7,占比7,色彩8,占比8,色彩9,占比9,色彩10,占比10,色彩11,占比11,色彩12,占比12,色彩13,占比13,色彩14,占比14,色彩15,占比15,色彩16,占比16,色彩17,占比17,色彩18,占比18,色彩19,占比19,色彩20,占比20
D016355,宋,山水,水墨,绢本,手卷,0,0,0,0,0,0,0,0,0,0,0,0,0,0,0,0,0,0,0,0,0,0,0,0,0,0,0,0,0,0,0,0,0,0,0,0,0,0,0,0
D016357,宋,山水,设色,绢本,立轴,0,0,C3,0.077,0,0,0,0,0,0,0,0,0,0,0,0,0,0,0,0,0,0,0,0,0,0,0,0,0,0,0,0,0,0,0,0,0,0,0,0
D016361,宋,山水,设色,绢本,册页,C4,0.7697,C3,0.1695,C27,0.0542,0,0,0,0,0,0,0,0,0,0,0,0,0,0,0,0,0,0,0,0,0,0,0,0,0,0,0,0,0,0,0,0,0,0
D016364,宋,山水,设色,绢本,团扇,0,0,C5,0.1465,C21,0.0392,0,0,0,0,0,0,0,0,0,0,0,0,0,0,0,0,0,0,0,0,0,0,0,0,0,0,0,0,0,0,0,0,0,0
D016365,宋,山水,设色,绢本,团扇,0,0,C6,0.0349,C7,0.0074,0,0,0,0,0,0,0,0,0,0,0,0,0,0,0,0,0,0,0,0,0,0,0,0,0,0,0,0,0,0,0,0,0,0
D016366,宋,山水,设色,绢本,册页,C4,0.7214,C24,0.2277,C13,0.0239,C16,0.0213,0,0,0,0,0,0,0,0,0,0,0,0,0,0,0,0,0,0,0,0,0,0,0,0,0,0,0,0,0,0,0,0
D016367,宋,山水,设色,绢本,册页,C11,0.7659,C32,0.1604,C3,0.0452,C8,0.0277,0,0,0,0,0,0,0,0,0,0,0,0,0,0,0,0,0,0,0,0,0,0,0,0,0,0,0,0,0,0,0,0
D016368,宋,山水,设色,绢本,团扇,C4,0.7348,C23,0.2414,C21,0.0101,C9,0.0054,0,0,0,0,0,0,0,0,0,0,0,0,0,0,0,0,0,0,0,0,0,0,0,0,0,0,0,0,0,0,0,0
D016369,宋,山水,设色,绢本,册页,0,0,C5,0.1067,C13,0.0515,0,0,0,0,0,0,0,0,0,0,0,0,0,0,0,0,0,0,0,0,0,0,0,0,0,0,0,0,0,0,0,0,0,0
D016370,宋,山水,设色,绢本,团扇,0,0,C23,0.0896,C10,0.0235,0,0,0,0,0,0,0,0,0,0,0,0,0,0,0,0,0,0,0,0,0,0,0,0,0,0,0,0,0,0,0,0,0,0
D016371,宋,山水,设色,绢本,团扇,C11,0.7971,C6,0.1976,0,0,0,0,0,0,0,0,0,0,0,0,0,0,0,0,0,0,0,0,0,0,0,0,0,0,0,0,0,0,0,0,0,0,0,0
D016372,宋,山水,设色,绢本,团扇,C4,0.5376,C23,0.4351,C7,0.0098,C12,0.0063,0,0,0,0,0,0,0,0,0,0,0,0,0,0,0,0,0,0,0,0,0,0,0,0,0,0,0,0,0,0,0,0
D016373,宋,山水,设色,绢本,团扇,C4,0.4414,C24,0.4211,C13,0.1185,C1,0.0103,0,0,0,0,0,0,0,0,0,0,0,0,0,0,0,0,0,0,0,0,0,0,0,0,0,0,0,0,0,0,0,0
D016376,宋,山水,设色,绢本,团扇,C9,0.5481,C6,0.1835,C32,0.1187,C53,0.1088,C11,0.0189,C14,0.0069,C15,0.0069,0,0,0,0,0,0,0,0,0,0,0,0,0,0,0,0,0,0,0,0,0,0,0,0,0,0
D016377,宋,山水,设色,绢本,团扇,C9,0.6875,C21,0.1456,C16,0.0987,C23,0.0552,0,0,0,0,0,0,0,0,0,0,0,0,0,0,0,0,0,0,0,0,0,0,0,0,0,0,0,0,0,0,0,0
D016378,宋,山水,设色,绢本,团扇,C4,0.6611,C23,0.3324,0,0,0,0,0,0,0,0,0,0,0,0,0,0,0,0,0,0,0,0,0,0,0,0,0,0,0,0,0,0,0,0,0,0,0,0
D016379,宋,山水,设色,绢本,团扇,C16,0.7323,C17,0.1338,C18,0.0825,C13,0.0357,C1,0.0078,0,0,0,0,0,0,0,0,0,0,0,0,0,0,0,0,0,0,0,0,0,0,0,0,0,0,0,0,0,0
D016380,宋,山水,设色,绢本,册页,0,0,C21,0.1699,0,0,0,0,0,0,0,0,0,0,0,0,0,0,0,0,0,0,0,0,0,0,0,0,0,0,0,0,0,0,0,0,0,0,0,0
D016381,宋,山水,设色,绢本,团扇,C16,0.7381,C17,0.1698,C20,0.0712,C19,0.0137,0,0,0,0,0,0,0,0,0,0,0,0,0,0,0,0,0,0,0,0,0,0,0,0,0,0,0,0,0,0,0,0
D016382,宋,山水,设色,绢本,团扇,C16,0.5857,C17,0.2759,C20,0.121,0,0,0,0,0,0,0,0,0,0,0,0,0,0,0,0,0,0,0,0,0,0,0,0,0,0,0,0,0,0,0,0,0,0
D016385,宋,山水,设色,绢本,团扇,0,0,C5,0.1335,C12,0.0051,0,0,0,0,0,0,0,0,0,0,0,0,0,0,0,0,0,0,0,0,0,0,0,0,0,0,0,0,0,0,0,0,0,0
D016386,宋,山水,设色,绢本,团扇,0,0,C3,0.1581,0,0,0,0,0,0,0,0,0,0,0,0,0,0,0,0,0,0,0,0,0,0,0,0,0,0,0,0,0,0,0,0,0,0,0,0
D016390,宋,山水,设色,绢本,团扇,C10,0.6916,C16,0.2085,C5,0.0801,C20,0.0053,0,0,0,0,0,0,0,0,0,0,0,0,0,0,0,0,0,0,0,0,0,0,0,0,0,0,0,0,0,0,0,0
D016394,宋,山水,设色,绢本,团扇,C16,0.5571,C5,0.3888,C4,0.0165,C11,0.0164,C21,0.0126,0,0,0,0,0,0,0,0,0,0,0,0,0,0,0,0,0,0,0,0,0,0,0,0,0,0,0,0,0,0
D016406,宋,山水,设色,绢本,团扇,C4,0.6826,C21,0.2618,C23,0.0362,C7,0.0066,0,0,0,0,0,0,0,0,0,0,0,0,0,0,0,0,0,0,0,0,0,0,0,0,0,0,0,0,0,0,0,0
D016407,宋,山水,设色,绢本,团扇,C4,0.786,C21,0.1363,C9,0.0455,C23,0.0159,C8,0.0107,0,0,0,0,0,0,0,0,0,0,0,0,0,0,0,0,0,0,0,0,0,0,0,0,0,0,0,0,0,0
D016409,宋,山水,设色,绢本,团扇,C4,0.7872,C9,0.1758,C19,0.0182,C5,0.0112,C8,0.0061,0,0,0,0,0,0,0,0,0,0,0,0,0,0,0,0,0,0,0,0,0,0,0,0,0,0,0,0,0,0
D016411,宋,山水,设色,绢本,团扇,0,0,C3,0.0627,C9,0.0086,0,0,0,0,0,0,0,0,0,0,0,0,0,0,0,0,0,0,0,0,0,0,0,0,0,0,0,0,0,0,0,0,0,0
D016412,宋,山水,设色,绢本,团扇,0,0,C3,0.1201,0,0,0,0,0,0,0,0,0,0,0,0,0,0,0,0,0,0,0,0,0,0,0,0,0,0,0,0,0,0,0,0,0,0,0,0
D016413,宋,山水,设色,绢本,团扇,0,0,C23,0.0958,0,0,0,0,0,0,0,0,0,0,0,0,0,0,0,0,0,0,0,0,0,0,0,0,0,0,0,0,0,0,0,0,0,0,0,0
D016414,宋,山水,设色,绢本,团扇,0,0,C6,0.0773,C22,0.0058,0,0,0,0,0,0,0,0,0,0,0,0,0,0,0,0,0,0,0,0,0,0,0,0,0,0,0,0,0,0,0,0,0,0
D016415,宋,山水,设色,绢本,团扇,C16,0.751,C4,0.1933,C23,0.0466,0,0,0,0,0,0,0,0,0,0,0,0,0,0,0,0,0,0,0,0,0,0,0,0,0,0,0,0,0,0,0,0,0,0
D016416,宋,山水,设色,绢本,团扇,0,0,C21,0.1596,C23,0.0091,0,0,0,0,0,0,0,0,0,0,0,0,0,0,0,0,0,0,0,0,0,0,0,0,0,0,0,0,0,0,0,0,0,0
D016417,宋,山水,设色,绢本,团扇,0,0,C6,0.0812,C3,0.0187,0,0,0,0,0,0,0,0,0,0,0,0,0,0,0,0,0,0,0,0,0,0,0,0,0,0,0,0,0,0,0,0,0,0
D016418,宋,山水,设色,绢本,团扇,0,0,C6,0.144,C3,0.0157,C32,0.0111,0,0,0,0,0,0,0,0,0,0,0,0,0,0,0,0,0,0,0,0,0,0,0,0,0,0,0,0,0,0,0,0
D016419,宋,山水,设色,绢本,团扇,C19,0.7994,C3,0.191,0,0,0,0,0,0,0,0,0,0,0,0,0,0,0,0,0,0,0,0,0,0,0,0,0,0,0,0,0,0,0,0,0,0,0,0
D016420,宋,山水,设色,绢本,团扇,C23,0.5032,C9,0.4813,0,0,0,0,0,0,0,0,0,0,0,0,0,0,0,0,0,0,0,0,0,0,0,0,0,0,0,0,0,0,0,0,0,0,0,0
D016421,宋,山水,设色,绢本,团扇,C9,0.6146,C4,0.3624,C6,0.0087,0,0,0,0,0,0,0,0,0,0,0,0,0,0,0,0,0,0,0,0,0,0,0,0,0,0,0,0,0,0,0,0,0,0
D016422,宋,山水,设色,绢本,团扇,0,0,C4,0.0628,C6,0.0452,C21,0.0394,0,0,0,0,0,0,0,0,0,0,0,0,0,0,0,0,0,0,0,0,0,0,0,0,0,0,0,0,0,0,0,0
D016423,宋,山水,设色,绢本,团扇,0,0,C6,0.034,C23,0.0076,0,0,0,0,0,0,0,0,0,0,0,0,0,0,0,0,0,0,0,0,0,0,0,0,0,0,0,0,0,0,0,0,0,0
D016425,宋,山水,设色,绢本,册页,0,0,C3,0.056,0,0,0,0,0,0,0,0,0,0,0,0,0,0,0,0,0,0,0,0,0,0,0,0,0,0,0,0,0,0,0,0,0,0,0,0
D016427,宋,山水,设色,绢本,册页,C4,0.6922,C3,0.3021,0,0,0,0,0,0,0,0,0,0,0,0,0,0,0,0,0,0,0,0,0,0,0,0,0,0,0,0,0,0,0,0,0,0,0,0
D016428,宋,山水,设色,绢本,团扇,0,0,C5,0.0817,0,0,0,0,0,0,0,0,0,0,0,0,0,0,0,0,0,0,0,0,0,0,0,0,0,0,0,0,0,0,0,0,0,0,0,0
D016429,宋,山水,设色,绢本,团扇,0,0,C3,0.1143,0,0,0,0,0,0,0,0,0,0,0,0,0,0,0,0,0,0,0,0,0,0,0,0,0,0,0,0,0,0,0,0,0,0,0,0
D016430,宋,山水,设色,绢本,团扇,0,0,C4,0.118,C3,0.0237,0,0,0,0,0,0,0,0,0,0,0,0,0,0,0,0,0,0,0,0,0,0,0,0,0,0,0,0,0,0,0,0,0,0
D016431,宋,山水,设色,绢本,团扇,C17,0.7906,C3,0.1826,C16,0.0185,0,0,0,0,0,0,0,0,0,0,0,0,0,0,0,0,0,0,0,0,0,0,0,0,0,0,0,0,0,0,0,0,0,0
D016432,宋,山水,设色,绢本,团扇,0,0,C3,0.1184,C4,0.0053,0,0,0,0,0,0,0,0,0,0,0,0,0,0,0,0,0,0,0,0,0,0,0,0,0,0,0,0,0,0,0,0,0,0
D016433,宋,山水,设色,绢本,手卷,0,0,C23,0.0216,0,0,0,0,0,0,0,0,0,0,0,0,0,0,0,0,0,0,0,0,0,0,0,0,0,0,0,0,0,0,0,0,0,0,0,0
D016434,宋,山水,设色,绢本,团扇,C5,0.7385,C3,0.2035,C13,0.0206,C24,0.0137,C25,0.0069,0,0,0,0,0,0,0,0,0,0,0,0,0,0,0,0,0,0,0,0,0,0,0,0,0,0,0,0,0,0
D016435,宋,山水,设色,绢本,团扇,0,0,C6,0.0203,0,0,0,0,0,0,0,0,0,0,0,0,0,0,0,0,0,0,0,0,0,0,0,0,0,0,0,0,0,0,0,0,0,0,0,0
D016436,宋,山水,设色,绢本,团扇,0,0,C4,0.1067,C5,0.0441,C26,0.0198,C10,0.0141,0,0,0,0,0,0,0,0,0,0,0,0,0,0,0,0,0,0,0,0,0,0,0,0,0,0,0,0,0,0
D016438,宋,山水,设色,绢本,团扇,C4,0.7631,C32,0.1504,C53,0.0669,C9,0.0052,0,0,0,0,0,0,0,0,0,0,0,0,0,0,0,0,0,0,0,0,0,0,0,0,0,0,0,0,0,0,0,0
D016439,宋,山水,设色,绢本,团扇,0,0,C6,0.0347,C9,0.0225,C24,0.0178,0,0,0,0,0,0,0,0,0,0,0,0,0,0,0,0,0,0,0,0,0,0,0,0,0,0,0,0,0,0,0,0
D016441,宋,山水,设色,绢本,团扇,C4,0.7544,C6,0.2071,C5,0.0287,0,0,0,0,0,0,0,0,0,0,0,0,0,0,0,0,0,0,0,0,0,0,0,0,0,0,0,0,0,0,0,0,0,0
D016451,宋,山水,设色,绢本,册页,0,0,C4,0.0907,C3,0.0295,0,0,0,0,0,0,0,0,0,0,0,0,0,0,0,0,0,0,0,0,0,0,0,0,0,0,0,0,0,0,0,0,0,0
D016465,宋,山水,设色,绢本,团扇,0,0,C6,0.058,C5,0.0117,0,0,0,0,0,0,0,0,0,0,0,0,0,0,0,0,0,0,0,0,0,0,0,0,0,0,0,0,0,0,0,0,0,0
D016466,宋,山水,设色,绢本,册页,C10,0.5247,C16,0.1798,C5,0.1643,C13,0.1085,C27,0.01,C28,0.0084,0,0,0,0,0,0,0,0,0,0,0,0,0,0,0,0,0,0,0,0,0,0,0,0,0,0,0,0
D016480,宋,山水,设色,绢本,团扇,0,0,C4,0.0231,C6,0.0098,C24,0.009,0,0,0,0,0,0,0,0,0,0,0,0,0,0,0,0,0,0,0,0,0,0,0,0,0,0,0,0,0,0,0,0
D017018,五代,山水,设色,绢本,手卷,0,0,C4,0.1451,C13,0.0292,0,0,0,0,0,0,0,0,0,0,0,0,0,0,0,0,0,0,0,0,0,0,0,0,0,0,0,0,0,0,0,0,0,0
D016948,宋,山水,水墨,绢本,立轴,0,0,C16,0.0843,C18,0.0553,C31,0.0085,0,0,0,0,0,0,0,0,0,0,0,0,0,0,0,0,0,0,0,0,0,0,0,0,0,0,0,0,0,0,0,0
D016949,宋,山水,设色,绢本,立轴,C3,0.4763,C23,0.4601,C19,0.0553,0,0,0,0,0,0,0,0,0,0,0,0,0,0,0,0,0,0,0,0,0,0,0,0,0,0,0,0,0,0,0,0,0,0
D016950,宋,山水,设色,绢本,立轴,C3,0.725,C17,0.2244,C16,0.027,C31,0.0236,0,0,0,0,0,0,0,0,0,0,0,0,0,0,0,0,0,0,0,0,0,0,0,0,0,0,0,0,0,0,0,0
D016960,宋,山水,水墨,纸本,手卷,0,0,C11,0.0188,0,0,0,0,0,0,0,0,0,0,0,0,0,0,0,0,0,0,0,0,0,0,0,0,0,0,0,0,0,0,0,0,0,0,0,0
D016962,宋,山水,水墨,纸本,手卷,C39,0.7394,C16,0.1363,C5,0.0856,C3,0.0293,C53,0.0058,0,0,0,0,0,0,0,0,0,0,0,0,0,0,0,0,0,0,0,0,0,0,0,0,0,0,0,0,0,0
D016963,宋,山水,水墨,绢本,手卷,0,0,C53,0.1235,0,0,0,0,0,0,0,0,0,0,0,0,0,0,0,0,0,0,0,0,0,0,0,0,0,0,0,0,0,0,0,0,0,0,0,0
D016969,宋,山水,水墨,纸本,手卷,C8,0.7787,C11,0.143,C32,0.0462,C7,0.0168,C25,0.0062,0,0,0,0,0,0,0,0,0,0,0,0,0,0,0,0,0,0,0,0,0,0,0,0,0,0,0,0,0,0
D017017,宋,山水,设色,绢本,立轴,C16,0.766,C53,0.1353,C18,0.0568,C30,0.0227,C9,0.0132,0,0,0,0,0,0,0,0,0,0,0,0,0,0,0,0,0,0,0,0,0,0,0,0,0,0,0,0,0,0
D016956,宋,山水,设色,绢本,团扇,C16,0.7724,C17,0.1414,C18,0.0528,C13,0.0116,C29,0.0083,0,0,0,0,0,0,0,0,0,0,0,0,0,0,0,0,0,0,0,0,0,0,0,0,0,0,0,0,0,0
D016957,宋,山水,设色,绢本,团扇,C16,0.6618,C17,0.1337,C13,0.1205,C18,0.058,C1,0.0184,0,0,0,0,0,0,0,0,0,0,0,0,0,0,0,0,0,0,0,0,0,0,0,0,0,0,0,0,0,0
D016958,宋,山水,设色,绢本,立轴,0,0,C3,0.1129,C16,0.0574,C13,0.021,0,0,0,0,0,0,0,0,0,0,0,0,0,0,0,0,0,0,0,0,0,0,0,0,0,0,0,0,0,0,0,0
D016959,宋,山水,设色,绢本,团扇,C53,0.715,C3,0.252,C1,0.009,C13,0.0081,C5,0.0075,0,0,0,0,0,0,0,0,0,0,0,0,0,0,0,0,0,0,0,0,0,0,0,0,0,0,0,0,0,0
D016961,宋,山水,水墨,绢本,册页,0,0,C3,0.0807,C13,0.0224,C4,0.0052,0,0,0,0,0,0,0,0,0,0,0,0,0,0,0,0,0,0,0,0,0,0,0,0,0,0,0,0,0,0,0,0
D016971,宋,山水,设色,绢本,立轴,C16,0.5564,C3,0.1753,C16,0.1469,C13,0.0948,C53,0.0096,C30,0.0065,C23,0.0055,0,0,0,0,0,0,0,0,0,0,0,0,0,0,0,0,0,0,0,0,0,0,0,0,0,0
D016973,宋,山水,设色,纸本,册页,0,0,C6,0.0956,C23,0.0296,C9,0.024,0,0,0,0,0,0,0,0,0,0,0,0,0,0,0,0,0,0,0,0,0,0,0,0,0,0,0,0,0,0,0,0
D016978,宋,山水,设色,绢本,手卷,C53,0.5698,C13,0.3413,C3,0.0887,0,0,0,0,0,0,0,0,0,0,0,0,0,0,0,0,0,0,0,0,0,0,0,0,0,0,0,0,0,0,0,0,0,0
D016980,宋,山水,设色,绢本,立轴,0,0,C32,0.0666,C3,0.0414,C13,0.0123,0,0,0,0,0,0,0,0,0,0,0,0,0,0,0,0,0,0,0,0,0,0,0,0,0,0,0,0,0,0,0,0
D016981,宋,山水,设色,绢本,册页,C24,0.6925,C3,0.2616,C1,0.0244,C4,0.009,C13,0.005,0,0,0,0,0,0,0,0,0,0,0,0,0,0,0,0,0,0,0,0,0,0,0,0,0,0,0,0,0,0
D016984,宋,山水,设色,绢本,册页,C16,0.6118,C18,0.3013,C13,0.0703,C29,0.0091,0,0,0,0,0,0,0,0,0,0,0,0,0,0,0,0,0,0,0,0,0,0,0,0,0,0,0,0,0,0,0,0
D016985,宋,山水,设色,绢本,册页,C16,0.7703,C4,0.1214,C5,0.0524,C31,0.0293,C1,0.0121,C10,0.0052,0,0,0,0,0,0,0,0,0,0,0,0,0,0,0,0,0,0,0,0,0,0,0,0,0,0,0,0
D016986,宋,山水,设色,绢本,册页,C16,0.609,C5,0.2849,C3,0.0781,C9,0.0079,C1,0.0054,0,0,0,0,0,0,0,0,0,0,0,0,0,0,0,0,0,0,0,0,0,0,0,0,0,0,0,0,0,0
D016987,宋,山水,设色,绢本,册页,C17,0.5962,C3,0.1921,C13,0.1857,C5,0.0068,C31,0.0063,0,0,0,0,0,0,0,0,0,0,0,0,0,0,0,0,0,0,0,0,0,0,0,0,0,0,0,0,0,0
D016988,宋,山水,设色,绢本,册页,C16,0.7747,C16,0.1083,C5,0.0616,C30,0.0403,C1,0.0117,0,0,0,0,0,0,0,0,0,0,0,0,0,0,0,0,0,0,0,0,0,0,0,0,0,0,0,0,0,0
D016990,宋,山水,设色,绢本,册页,C16,0.6254,C17,0.1677,C13,0.1513,C5,0.0228,C29,0.0131,C1,0.01,0,0,0,0,0,0,0,0,0,0,0,0,0,0,0,0,0,0,0,0,0,0,0,0,0,0,0,0
D016991,宋,山水,设色,绢本,团扇,0,0,C19,0.0783,C6,0.0357,C11,0.0155,C32,0.0142,0,0,0,0,0,0,0,0,0,0,0,0,0,0,0,0,0,0,0,0,0,0,0,0,0,0,0,0,0,0
D016992,宋,山水,设色,绢本,册页,0,0,C24,0.0985,C13,0.0763,0,0,0,0,0,0,0,0,0,0,0,0,0,0,0,0,0,0,0,0,0,0,0,0,0,0,0,0,0,0,0,0,0,0
D005026,隋,山水,设色,绢本,手卷,0,0,C21,0.043,0,0,0,0,0,0,0,0,0,0,0,0,0,0,0,0,0,0,0,0,0,0,0,0,0,0,0,0,0,0,0,0,0,0,0,0
D016994,宋,山水,设色,绢本,册页,C17,0.734,C3,0.1451,C16,0.0878,C13,0.0137,C1,0.0071,0,0,0,0,0,0,0,0,0,0,0,0,0,0,0,0,0,0,0,0,0,0,0,0,0,0,0,0,0,0
D017013,宋,山水,水墨,绢本,手卷,0,0,C4,0.0546,0,0,0,0,0,0,0,0,0,0,0,0,0,0,0,0,0,0,0,0,0,0,0,0,0,0,0,0,0,0,0,0,0,0,0,0
D017016,宋,山水,水墨,绢本,立轴,C18,0.7324,C31,0.2262,C13,0.026,C4,0.0137,0,0,0,0,0,0,0,0,0,0,0,0,0,0,0,0,0,0,0,0,0,0,0,0,0,0,0,0,0,0,0,0
D016823,五代,山水,设色,绢本,手卷,0,0,C18,0.1687,C56,0.0074,0,0,0,0,0,0,0,0,0,0,0,0,0,0,0,0,0,0,0,0,0,0,0,0,0,0,0,0,0,0,0,0,0,0
D016789,宋,山水,设色,绢本,册页,0,0,C3,0.0479,0,0,0,0,0,0,0,0,0,0,0,0,0,0,0,0,0,0,0,0,0,0,0,0,0,0,0,0,0,0,0,0,0,0,0,0
D016790,宋,山水,设色,绢本,手卷,0,0,C18,0.1394,0,0,0,0,0,0,0,0,0,0,0,0,0,0,0,0,0,0,0,0,0,0,0,0,0,0,0,0,0,0,0,0,0,0,0,0
D016791,宋,山水,设色,绢本,手卷,C16,0.7014,C53,0.2242,C3,0.0543,C28,0.0176,0,0,0,0,0,0,0,0,0,0,0,0,0,0,0,0,0,0,0,0,0,0,0,0,0,0,0,0,0,0,0,0
D016792,宋,山水,设色,绢本,团扇,C16,0.405,C5,0.3141,C4,0.2241,C31,0.0429,C24,0.0063,0,0,0,0,0,0,0,0,0,0,0,0,0,0,0,0,0,0,0,0,0,0,0,0,0,0,0,0,0,0
D016798,宋,山水,设色,绢本,手卷,C53,0.7185,C3,0.2781,0,0,0,0,0,0,0,0,0,0,0,0,0,0,0,0,0,0,0,0,0,0,0,0,0,0,0,0,0,0,0,0,0,0,0,0
D016799,宋,山水,设色,绢本,立轴,C29,0.673,C45,0.2588,C53,0.0394,C13,0.0242,0,0,0,0,0,0,0,0,0,0,0,0,0,0,0,0,0,0,0,0,0,0,0,0,0,0,0,0,0,0,0,0
D016800,宋,山水,设色,绢本,团扇,C53,0.7804,C3,0.2025,0,0,0,0,0,0,0,0,0,0,0,0,0,0,0,0,0,0,0,0,0,0,0,0,0,0,0,0,0,0,0,0,0,0,0,0
D016787,|,山水,设色,绢本,立轴,C4,0.6198,C13,0.2114,C3,0.1454,C16,0.0202,0,0,0,0,0,0,0,0,0,0,0,0,0,0,0,0,0,0,0,0,0,0,0,0,0,0,0,0,0,0,0,0
D016810,宋,山水,设色,绢本,团扇,C4,0.7901,C6,0.0938,C23,0.0635,C13,0.0387,0,0,0,0,0,0,0,0,0,0,0,0,0,0,0,0,0,0,0,0,0,0,0,0,0,0,0,0,0,0,0,0
D016811,宋,山水,设色,绢本,团扇,C16,0.7256,C18,0.1173,C17,0.1075,C1,0.0229,C31,0.0099,C6,0.0063,0,0,0,0,0,0,0,0,0,0,0,0,0,0,0,0,0,0,0,0,0,0,0,0,0,0,0,0
D016812,宋,山水,设色,绢本,团扇,C16,0.5394,C33,0.1444,C17,0.0606,C34,0.0449,C42,0.0379,C35,0.0225,C36,0.0205,C56,0.0182,C37,0.0182,C38,0.0162,C39,0.0152,C20,0.0113,C40,0.0109,C41,0.0078,C1,0.0072,C6,0.0065,C18,0.0054,0,0,0,0,0,0
D016815,宋,山水,设色,绢本,团扇,C42,0.7149,C31,0.1178,C18,0.0727,C17,0.0672,C43,0.0074,C1,0.0062,0,0,0,0,0,0,0,0,0,0,0,0,0,0,0,0,0,0,0,0,0,0,0,0,0,0,0,0
D016816,宋,山水,设色,绢本,团扇,0,0,C16,0.15,C53,0.0128,C28,0.0098,0,0,0,0,0,0,0,0,0,0,0,0,0,0,0,0,0,0,0,0,0,0,0,0,0,0,0,0,0,0,0,0
D016819,宋,山水,设色,绢本,团扇,C4,0.6217,C53,0.2153,C31,0.0646,C6,0.0321,C5,0.02,C9,0.0111,C12,0.0106,C22,0.009,0,0,0,0,0,0,0,0,0,0,0,0,0,0,0,0,0,0,0,0,0,0,0,0
D016822,宋,山水,设色,绢本,团扇,0,0,C44,0.0468,C45,0.0392,C46,0.0343,C47,0.0098,C43,0.0091,C48,0.0076,0,0,0,0,0,0,0,0,0,0,0,0,0,0,0,0,0,0,0,0,0,0,0,0,0,0
D016126,宋,山水,设色,绢本,立轴,C17,0.6325,C5,0.2314,C1,0.0769,C10,0.0256,C31,0.0213,C9,0.0081,0,0,0,0,0,0,0,0,0,0,0,0,0,0,0,0,0,0,0,0,0,0,0,0,0,0,0,0
D016696,宋,山水,水墨,纸本,立轴,0,0,C11,0.102,C23,0.0162,C11,0.0156,C2,0.0057,0,0,0,0,0,0,0,0,0,0,0,0,0,0,0,0,0,0,0,0,0,0,0,0,0,0,0,0,0,0
D015989,宋,山水,设色,绢本,手卷,C4,0.7201,C5,0.2686,C21,0.0089,0,0,0,0,0,0,0,0,0,0,0,0,0,0,0,0,0,0,0,0,0,0,0,0,0,0,0,0,0,0,0,0,0,0
D015990,宋,山水,设色,绢本,立轴,0,0,C18,0.1175,0,0,0,0,0,0,0,0,0,0,0,0,0,0,0,0,0,0,0,0,0,0,0,0,0,0,0,0,0,0,0,0,0,0,0,0
D015991,宋,山水,设色,绢本,团扇,C9,0.7257,C13,0.115,C3,0.0655,C32,0.0501,C11,0.0146,C2,0.0098,C27,0.006,0,0,0,0,0,0,0,0,0,0,0,0,0,0,0,0,0,0,0,0,0,0,0,0,0,0
D015993,宋,山水,水墨,纸本,手卷,0,0,C9,0.1043,C4,0.0421,C23,0.0108,C49,0.0102,0,0,0,0,0,0,0,0,0,0,0,0,0,0,0,0,0,0,0,0,0,0,0,0,0,0,0,0,0,0
D015994,宋,山水,设色,绢本,团扇,C16,0.6666,C4,0.1158,C6,0.0844,C21,0.0813,C3,0.0279,C1,0.0131,0,0,0,0,0,0,0,0,0,0,0,0,0,0,0,0,0,0,0,0,0,0,0,0,0,0,0,0
D015995,宋,山水,设色,纸本,手卷,C4,0.7184,C5,0.235,C39,0.0229,C21,0.0229,0,0,0,0,0,0,0,0,0,0,0,0,0,0,0,0,0,0,0,0,0,0,0,0,0,0,0,0,0,0,0,0
D015997,宋,山水,设色,绢本,立轴,0,0,C13,0.1,C53,0.0673,C31,0.0078,0,0,0,0,0,0,0,0,0,0,0,0,0,0,0,0,0,0,0,0,0,0,0,0,0,0,0,0,0,0,0,0
D015999,宋,山水,设色,绢本,团扇,C9,0.6579,C4,0.1752,C21,0.1284,C2,0.0232,C23,0.0092,0,0,0,0,0,0,0,0,0,0,0,0,0,0,0,0,0,0,0,0,0,0,0,0,0,0,0,0,0,0
D017172,宋,山水,设色,绢本,册页,C16,0.625,C4,0.2099,C23,0.0927,C17,0.0387,C3,0.0174,C11,0.0061,0,0,0,0,0,0,0,0,0,0,0,0,0,0,0,0,0,0,0,0,0,0,0,0,0,0,0,0
D016713,宋,山水,设色,绢本,立轴,C53,0.768,C1,0.1184,C31,0.0816,C53,0.0275,0,0,0,0,0,0,0,0,0,0,0,0,0,0,0,0,0,0,0,0,0,0,0,0,0,0,0,0,0,0,0,0
D017117,宋,山水,设色,绢本,团扇,C4,0.7231,C21,0.1043,C16,0.0859,C6,0.0361,C23,0.0328,C11,0.006,0,0,0,0,0,0,0,0,0,0,0,0,0,0,0,0,0,0,0,0,0,0,0,0,0,0,0,0
D017129,宋,山水,设色,绢本,团扇,C16,0.5481,C53,0.3484,C31,0.0843,0,0,0,0,0,0,0,0,0,0,0,0,0,0,0,0,0,0,0,0,0,0,0,0,0,0,0,0,0,0,0,0,0,0
D016111,宋,山水,水墨,纸本,手卷,0,0,C10,0.0107,0,0,0,0,0,0,0,0,0,0,0,0,0,0,0,0,0,0,0,0,0,0,0,0,0,0,0,0,0,0,0,0,0,0,0,0
D016112,宋,山水,水墨,纸本,手卷,0,0,C39,0.026,C5,0.0192,C4,0.0125,0,0,0,0,0,0,0,0,0,0,0,0,0,0,0,0,0,0,0,0,0,0,0,0,0,0,0,0,0,0,0,0
D016240,宋,山水,水墨,纸本,立轴,C10,0.6752,C11,0.2006,C3,0.0757,C23,0.048,0,0,0,0,0,0,0,0,0,0,0,0,0,0,0,0,0,0,0,0,0,0,0,0,0,0,0,0,0,0,0,0
D016665,五代,山水,设色,绢本,立轴,C31,0.6994,C18,0.2269,C53,0.0457,C30,0.0264,0,0,0,0,0,0,0,0,0,0,0,0,0,0,0,0,0,0,0,0,0,0,0,0,0,0,0,0,0,0,0,0
D016850,宋,山水,水墨,纸本,立轴,0,0,C4,0.055,0,0,0,0,0,0,0,0,0,0,0,0,0,0,0,0,0,0,0,0,0,0,0,0,0,0,0,0,0,0,0,0,0,0,0,0
D017206,宋,山水,水墨,纸本,手卷,0,0,C39,0.0105,C5,0.0051,0,0,0,0,0,0,0,0,0,0,0,0,0,0,0,0,0,0,0,0,0,0,0,0,0,0,0,0,0,0,0,0,0,0
D017222,宋,山水,水墨,绢本,立轴,C53,0.7756,C3,0.1851,C13,0.0236,C16,0.0149,0,0,0,0,0,0,0,0,0,0,0,0,0,0,0,0,0,0,0,0,0,0,0,0,0,0,0,0,0,0,0,0
D017178,宋,山水,水墨,绢本,立轴,0,0,C13,0.0233,C8,0.0203,C5,0.0144,0,0,0,0,0,0,0,0,0,0,0,0,0,0,0,0,0,0,0,0,0,0,0,0,0,0,0,0,0,0,0,0
D017179,宋,山水,设色,绢本,手卷,C3,0.6952,C4,0.2702,C11,0.0132,C15,0.0091,0,0,0,0,0,0,0,0,0,0,0,0,0,0,0,0,0,0,0,0,0,0,0,0,0,0,0,0,0,0,0,0
D017180,宋,山水,设色,绢本,册页,0,0,C53,0.0564,C3,0.0339,C13,0.013,0,0,0,0,0,0,0,0,0,0,0,0,0,0,0,0,0,0,0,0,0,0,0,0,0,0,0,0,0,0,0,0
D005029,唐,山水,设色,绢本,手卷,0,0,C18,0.097,0,0,0,0,0,0,0,0,0,0,0,0,0,0,0,0,0,0,0,0,0,0,0,0,0,0,0,0,0,0,0,0,0,0,0,0
D016895,宋,山水,设色,绢本,立轴,C21,0.5029,C19,0.2504,C24,0.2382,0,0,0,0,0,0,0,0,0,0,0,0,0,0,0,0,0,0,0,0,0,0,0,0,0,0,0,0,0,0,0,0,0,0
D016898,宋,山水,设色,绢本,立轴,C53,0.7848,C21,0.0876,C17,0.0729,C31,0.0444,C16,0.0051,0,0,0,0,0,0,0,0,0,0,0,0,0,0,0,0,0,0,0,0,0,0,0,0,0,0,0,0,0,0
D015890,宋,山水,设色,绢本,立轴,0,0,C19,0.1055,C3,0.068,C9,0.0072,0,0,0,0,0,0,0,0,0,0,0,0,0,0,0,0,0,0,0,0,0,0,0,0,0,0,0,0,0,0,0,0
D015900,宋,山水,设色,绢本,立轴,0,0,C53,0.1146,C21,0.0056,0,0,0,0,0,0,0,0,0,0,0,0,0,0,0,0,0,0,0,0,0,0,0,0,0,0,0,0,0,0,0,0,0,0
D015889,金,山水,设色,纸本,手卷,C10,0.6708,C4,0.2085,C5,0.0968,C3,0.0234,0,0,0,0,0,0,0,0,0,0,0,0,0,0,0,0,0,0,0,0,0,0,0,0,0,0,0,0,0,0,0,0
D015909,宋,山水,设色,绢本,册页,C42,0.6609,C16,0.1447,C17,0.1012,C3,0.0634,C2,0.0189,C45,0.0051,0,0,0,0,0,0,0,0,0,0,0,0,0,0,0,0,0,0,0,0,0,0,0,0,0,0,0,0
D015914,宋,山水,设色,绢本,团扇,0,0,C5,0.1113,C10,0.035,C31,0.0214,0,0,0,0,0,0,0,0,0,0,0,0,0,0,0,0,0,0,0,0,0,0,0,0,0,0,0,0,0,0,0,0
D015928,宋,山水,设色,绢本,手卷,C4,0.6372,C20,0.3124,C13,0.0188,C53,0.012,C50,0.0107,0,0,0,0,0,0,0,0,0,0,0,0,0,0,0,0,0,0,0,0,0,0,0,0,0,0,0,0,0,0
D015936,宋,山水,设色,绢本,手卷,0,0,C23,0.1122,C21,0.0532,C15,0.0141,C11,0.0108,0,0,0,0,0,0,0,0,0,0,0,0,0,0,0,0,0,0,0,0,0,0,0,0,0,0,0,0,0,0
D016721,宋,山水,设色,绢本,立轴,0,0,C6,0.0761,C53,0.0573,0,0,0,0,0,0,0,0,0,0,0,0,0,0,0,0,0,0,0,0,0,0,0,0,0,0,0,0,0,0,0,0,0,0
D016722,宋,山水,水墨,绢本,立轴,C4,0.7782,C5,0.1901,C50,0.0172,C21,0.0103,0,0,0,0,0,0,0,0,0,0,0,0,0,0,0,0,0,0,0,0,0,0,0,0,0,0,0,0,0,0,0,0
D016728,宋,山水,水墨,绢本,册页,0,0,C13,0.0395,0,0,0,0,0,0,0,0,0,0,0,0,0,0,0,0,0,0,0,0,0,0,0,0,0,0,0,0,0,0,0,0,0,0,0,0
D016730,宋,山水,设色,绢本,册页,0,0,C53,0.0962,C3,0.0258,C26,0.014,C51,0.0073,0,0,0,0,0,0,0,0,0,0,0,0,0,0,0,0,0,0,0,0,0,0,0,0,0,0,0,0,0,0
D016731,宋,山水,水墨,绢本,团扇,0,0,C4,0.039,C18,0.02,C52,0.0139,0,0,0,0,0,0,0,0,0,0,0,0,0,0,0,0,0,0,0,0,0,0,0,0,0,0,0,0,0,0,0,0
D016732,宋,山水,设色,绢本,册页,C9,0.66,C19,0.2435,C24,0.0692,C13,0.0249,0,0,0,0,0,0,0,0,0,0,0,0,0,0,0,0,0,0,0,0,0,0,0,0,0,0,0,0,0,0,0,0
D016733,宋,山水,设色,绢本,册页,C16,0.7311,C53,0.1909,C18,0.0704,0,0,0,0,0,0,0,0,0,0,0,0,0,0,0,0,0,0,0,0,0,0,0,0,0,0,0,0,0,0,0,0,0,0
D016739,宋,山水,水墨,绢本,团扇,0,0,C4,0.0454,C6,0.0054,0,0,0,0,0,0,0,0,0,0,0,0,0,0,0,0,0,0,0,0,0,0,0,0,0,0,0,0,0,0,0,0,0,0
D016740,宋,山水,设色,绢本,团扇,C53,0.6832,C3,0.2664,C13,0.0331,0,0,0,0,0,0,0,0,0,0,0,0,0,0,0,0,0,0,0,0,0,0,0,0,0,0,0,0,0,0,0,0,0,0
D016719,金,山水,设色,绢本,手卷,C16,0.6719,C5,0.3075,C3,0.012,C19,0.0072,0,0,0,0,0,0,0,0,0,0,0,0,0,0,0,0,0,0,0,0,0,0,0,0,0,0,0,0,0,0,0,0
D016741,宋,山水,设色,绢本,团扇,C19,0.661,C53,0.2705,C6,0.015,C5,0.014,C3,0.0136,0,0,0,0,0,0,0,0,0,0,0,0,0,0,0,0,0,0,0,0,0,0,0,0,0,0,0,0,0,0
D016743,宋,山水,设色,绢本,团扇,0,0,C53,0.087,C30,0.0294,C6,0.0073,0,0,0,0,0,0,0,0,0,0,0,0,0,0,0,0,0,0,0,0,0,0,0,0,0,0,0,0,0,0,0,0
D016750,宋,山水,设色,绢本,团扇,C16,0.7674,C4,0.2032,C18,0.0223,0,0,0,0,0,0,0,0,0,0,0,0,0,0,0,0,0,0,0,0,0,0,0,0,0,0,0,0,0,0,0,0,0,0
D016756,宋,山水,设色,绢本,团扇,C29,0.4035,C53,0.3615,C6,0.0803,C32,0.0728,C3,0.0519,C54,0.0143,0,0,0,0,0,0,0,0,0,0,0,0,0,0,0,0,0,0,0,0,0,0,0,0,0,0,0,0
D016053,五代,山水,设色,绢本,立轴,0,0,C3,0.0944,C4,0.0277,0,0,0,0,0,0,0,0,0,0,0,0,0,0,0,0,0,0,0,0,0,0,0,0,0,0,0,0,0,0,0,0,0,0
D016006,宋,山水,设色,绢本,手卷,0,0,C53,0.0838,C1,0.0245,C15,0.0176,C11,0.0129,C12,0.0076,0,0,0,0,0,0,0,0,0,0,0,0,0,0,0,0,0,0,0,0,0,0,0,0,0,0,0,0
D016020,宋,山水,水墨,纸本,手卷,C16,0.7567,C5,0.1169,C6,0.0907,C55,0.01,C50,0.0082,C12,0.0067,C56,0.0054,0,0,0,0,0,0,0,0,0,0,0,0,0,0,0,0,0,0,0,0,0,0,0,0,0,0
D016021,宋,山水,设色,绢本,手卷,C17,0.5798,C6,0.4138,0,0,0,0,0,0,0,0,0,0,0,0,0,0,0,0,0,0,0,0,0,0,0,0,0,0,0,0,0,0,0,0,0,0,0,0
D016009,宋,山水,设色,绢本,手卷,0,0,C3,0.0388,0,0,0,0,0,0,0,0,0,0,0,0,0,0,0,0,0,0,0,0,0,0,0,0,0,0,0,0,0,0,0,0,0,0,0,0
D016012,宋,山水,水墨,绢本,团扇,0,0,C53,0.0336,C16,0.0123,C52,0.0104,0,0,0,0,0,0,0,0,0,0,0,0,0,0,0,0,0,0,0,0,0,0,0,0,0,0,0,0,0,0,0,0
D016013,宋,山水,设色,绢本,手卷,C16,0.6731,C3,0.291,C50,0.0151,C9,0.0122,C56,0.0056,0,0,0,0,0,0,0,0,0,0,0,0,0,0,0,0,0,0,0,0,0,0,0,0,0,0,0,0,0,0
D016018,宋,山水,设色,绢本,团扇,0,0,C6,0.0672,C11,0.0102,0,0,0,0,0,0,0,0,0,0,0,0,0,0,0,0,0,0,0,0,0,0,0,0,0,0,0,0,0,0,0,0,0,0
D016019,宋,山水,设色,绢本,册页,C16,0.6131,C53,0.2356,C3,0.1329,C52,0.0054,0,0,0,0,0,0,0,0,0,0,0,0,0,0,0,0,0,0,0,0,0,0,0,0,0,0,0,0,0,0,0,0
D016022,宋,山水,水墨,绢本,册页,C16,0.56,C53,0.2816,C13,0.1574,0,0,0,0,0,0,0,0,0,0,0,0,0,0,0,0,0,0,0,0,0,0,0,0,0,0,0,0,0,0,0,0,0,0
D016023,宋,山水,水墨,绢本,团扇,C48,0.7873,C30,0.141,C57,0.0324,C1,0.0246,0,0,0,0,0,0,0,0,0,0,0,0,0,0,0,0,0,0,0,0,0,0,0,0,0,0,0,0,0,0,0,0
D016024,宋,山水,设色,绢本,团扇,C9,0.434,C5,0.4089,C20,0.1116,C6,0.0204,C10,0.0052,C4,0.0051,0,0,0,0,0,0,0,0,0,0,0,0,0,0,0,0,0,0,0,0,0,0,0,0,0,0,0,0
D016037,宋,山水,设色,绢本,团扇,C9,0.5005,C4,0.3094,C3,0.1798,0,0,0,0,0,0,0,0,0,0,0,0,0,0,0,0,0,0,0,0,0,0,0,0,0,0,0,0,0,0,0,0,0,0
D016038,宋,山水,设色,绢本,册页,C4,0.7595,C23,0.1839,C3,0.0543,0,0,0,0,0,0,0,0,0,0,0,0,0,0,0,0,0,0,0,0,0,0,0,0,0,0,0,0,0,0,0,0,0,0
D016039,宋,山水,设色,绢本,团扇,C9,0.7271,C4,0.1345,C6,0.0707,C23,0.0427,C28,0.0077,0,0,0,0,0,0,0,0,0,0,0,0,0,0,0,0,0,0,0,0,0,0,0,0,0,0,0,0,0,0
D016040,宋,山水,设色,绢本,册页,C16,0.6015,C29,0.1773,C18,0.1556,C30,0.057,0,0,0,0,0,0,0,0,0,0,0,0,0,0,0,0,0,0,0,0,0,0,0,0,0,0,0,0,0,0,0,0
D016041,宋,山水,水墨,绢本,团扇,0,0,C4,0.0712,C3,0.0282,C6,0.0191,0,0,0,0,0,0,0,0,0,0,0,0,0,0,0,0,0,0,0,0,0,0,0,0,0,0,0,0,0,0,0,0
D016042,宋,山水,设色,绢本,团扇,C9,0.7668,C4,0.1015,C6,0.1006,C23,0.0219,0,0,0,0,0,0,0,0,0,0,0,0,0,0,0,0,0,0,0,0,0,0,0,0,0,0,0,0,0,0,0,0
D016044,宋,山水,设色,绢本,团扇,0,0,C4,0.1288,C6,0.0163,0,0,0,0,0,0,0,0,0,0,0,0,0,0,0,0,0,0,0,0,0,0,0,0,0,0,0,0,0,0,0,0,0,0
D016862,宋,山水,设色,绢本,手卷,C16,0.5285,C4,0.3643,C6,0.1014,0,0,0,0,0,0,0,0,0,0,0,0,0,0,0,0,0,0,0,0,0,0,0,0,0,0,0,0,0,0,0,0,0,0
D016863,宋,山水,设色,绢本,手卷,C16,0.7063,C5,0.29,0,0,0,0,0,0,0,0,0,0,0,0,0,0,0,0,0,0,0,0,0,0,0,0,0,0,0,0,0,0,0,0,0,0,0,0
D016864,宋,山水,设色,绢本,立轴,C17,0.5238,C3,0.4691,0,0,0,0,0,0,0,0,0,0,0,0,0,0,0,0,0,0,0,0,0,0,0,0,0,0,0,0,0,0,0,0,0,0,0,0
D016866,宋,山水,设色,绢本,手卷,C16,0.588,C17,0.2455,C53,0.1015,C3,0.0418,C50,0.0055,C1,0.0053,0,0,0,0,0,0,0,0,0,0,0,0,0,0,0,0,0,0,0,0,0,0,0,0,0,0,0,0
D016867,宋,山水,设色,绢本,手卷,C4,0.6304,C5,0.3688,0,0,0,0,0,0,0,0,0,0,0,0,0,0,0,0,0,0,0,0,0,0,0,0,0,0,0,0,0,0,0,0,0,0,0,0
D016868,宋,山水,水墨,纸本,手卷,0,0,C10,0.1296,C4,0.0141,0,0,0,0,0,0,0,0,0,0,0,0,0,0,0,0,0,0,0,0,0,0,0,0,0,0,0,0,0,0,0,0,0,0
D016860,金,山水,水墨,纸本,手卷,C8,0.6177,C39,0.2335,C4,0.1159,C5,0.0307,0,0,0,0,0,0,0,0,0,0,0,0,0,0,0,0,0,0,0,0,0,0,0,0,0,0,0,0,0,0,0,0
D016870,宋,山水,水墨,绢本,手卷,0,0,C5,0.1194,C13,0.0309,C8,0.0117,0,0,0,0,0,0,0,0,0,0,0,0,0,0,0,0,0,0,0,0,0,0,0,0,0,0,0,0,0,0,0,0
D016875,宋,山水,设色,绢本,册页,C16,0.4562,C5,0.2989,C34,0.2316,C32,0.0066,C9,0.005,0,0,0,0,0,0,0,0,0,0,0,0,0,0,0,0,0,0,0,0,0,0,0,0,0,0,0,0,0,0
D016182,宋,山水,设色,绢本,手卷,0,0,C30,0.0765,0,0,0,0,0,0,0,0,0,0,0,0,0,0,0,0,0,0,0,0,0,0,0,0,0,0,0,0,0,0,0,0,0,0,0,0
D016180,金,山水,水墨,绢本,立轴,0,0,C39,0.036,C21,0.0176,0,0,0,0,0,0,0,0,0,0,0,0,0,0,0,0,0,0,0,0,0,0,0,0,0,0,0,0,0,0,0,0,0,0
D016184,宋,山水,水墨,绢本,立轴,0,0,C31,0.0667,0,0,0,0,0,0,0,0,0,0,0,0,0,0,0,0,0,0,0,0,0,0,0,0,0,0,0,0,0,0,0,0,0,0,0,0
D016185,宋,山水,设色,绢本,册页,C32,0.7771,C21,0.1745,C5,0.0257,C56,0.0187,0,0,0,0,0,0,0,0,0,0,0,0,0,0,0,0,0,0,0,0,0,0,0,0,0,0,0,0,0,0,0,0
D016191,宋,山水,设色,绢本,册页,0,0,C3,0.1858,0,0,0,0,0,0,0,0,0,0,0,0,0,0,0,0,0,0,0,0,0,0,0,0,0,0,0,0,0,0,0,0,0,0,0,0
D016195,宋,山水,水墨,绢本,立轴,C4,0.6695,C53,0.2895,C3,0.0384,0,0,0,0,0,0,0,0,0,0,0,0,0,0,0,0,0,0,0,0,0,0,0,0,0,0,0,0,0,0,0,0,0,0
D016918,宋,山水,设色,绢本,手卷,C17,0.7212,C5,0.2716,C39,0.0068,0,0,0,0,0,0,0,0,0,0,0,0,0,0,0,0,0,0,0,0,0,0,0,0,0,0,0,0,0,0,0,0,0,0
D017111,宋,山水,设色,绢本,册页,0,0,C3,0.1187,C2,0.0136,0,0,0,0,0,0,0,0,0,0,0,0,0,0,0,0,0,0,0,0,0,0,0,0,0,0,0,0,0,0,0,0,0,0
D005038,唐,山水,设色,绢本,手卷,0,0,C17,0.0082,0,0,0,0,0,0,0,0,0,0,0,0,0,0,0,0,0,0,0,0,0,0,0,0,0,0,0,0,0,0,0,0,0,0,0,0
D005042,唐,山水,设色,绢本,团扇,C53,0.7238,C3,0.0708,C2,0.0337,C16,0.0292,C31,0.0259,0,0.0128,C6,0.0122,C29,0.0121,C11,0.0098,C4,0.0098,C14,0.008,C58,0.0078,C25,0.0072,C55,0.0058,C1,0.0057,C10,0.0056,C50,0.0052,0,0,0,0,0,0
D016271,五代,山水,设色,绢本,手卷,0,0,0,0,0,0,0,0,0,0,0,0,0,0,0,0,0,0,0,0,0,0,0,0,0,0,0,0,0,0,0,0,0,0,0,0,0,0,0,0
D016272,宋,山水,水墨,绢本,立轴,0,0,C53,0.0972,C3,0.0105,0,0,0,0,0,0,0,0,0,0,0,0,0,0,0,0,0,0,0,0,0,0,0,0,0,0,0,0,0,0,0,0,0,0
D016320,宋,山水,设色,绢本,手卷,0,0,C3,0.0254,C4,0.0132,C19,0.0074,C9,0.0068,0,0,0,0,0,0,0,0,0,0,0,0,0,0,0,0,0,0,0,0,0,0,0,0,0,0,0,0,0,0
D016321,五代,山水,设色,绢本,手卷,0,0,C31,0.0859,C32,0.007,0,0,0,0,0,0,0,0,0,0,0,0,0,0,0,0,0,0,0,0,0,0,0,0,0,0,0,0,0,0,0,0,0,0
D016323,宋,山水,设色,绢本,手卷,C32,0.7134,C22,0.2095,C20,0.0732,0,0,0,0,0,0,0,0,0,0,0,0,0,0,0,0,0,0,0,0,0,0,0,0,0,0,0,0,0,0,0,0,0,0
D016325,五代,山水,设色,绢本,立轴,C4,0.681,C23,0.2875,C3,0.0305,0,0,0,0,0,0,0,0,0,0,0,0,0,0,0,0,0,0,0,0,0,0,0,0,0,0,0,0,0,0,0,0,0,0
D016332,宋,山水,水墨,纸本,手卷,0,0,C11,0.1301,C32,0.04,C5,0.0113,C9,0.0083,0,0,0,0,0,0,0,0,0,0,0,0,0,0,0,0,0,0,0,0,0,0,0,0,0,0,0,0,0,0
D016496,宋,山水,设色,绢本,手卷,0,0,C3,0.1569,0,0,0,0,0,0,0,0,0,0,0,0,0,0,0,0,0,0,0,0,0,0,0,0,0,0,0,0,0,0,0,0,0,0,0,0
D016287,宋,山水,设色,绢本,手卷,C16,0.4702,C53,0.3767,C3,0.1475,0,0,0,0,0,0,0,0,0,0,0,0,0,0,0,0,0,0,0,0,0,0,0,0,0,0,0,0,0,0,0,0,0,0
D016295,宋,山水,设色,绢本,手卷,0,0,0,0,0,0,0,0,0,0,0,0,0,0,0,0,0,0,0,0,0,0,0,0,0,0,0,0,0,0,0,0,0,0,0,0,0,0,0,0
D016317,宋,山水,水墨,纸本,手卷,C50,0.7057,C9,0.2467,C11,0.0397,0,0,0,0,0,0,0,0,0,0,0,0,0,0,0,0,0,0,0,0,0,0,0,0,0,0,0,0,0,0,0,0,0,0
D016318,宋,山水,水墨,纸本,手卷,C14,0.7624,C6,0.1208,C11,0.0963,C21,0.0121,C59,0.0056,0,0,0,0,0,0,0,0,0,0,0,0,0,0,0,0,0,0,0,0,0,0,0,0,0,0,0,0,0,0
D016324,宋,山水,设色,绢本,手卷,C17,0.7143,C37,0.1327,C16,0.1031,C40,0.0323,C36,0.0065,0,0,0,0,0,0,0,0,0,0,0,0,0,0,0,0,0,0,0,0,0,0,0,0,0,0,0,0,0,0
D016503,宋,山水,设色,绢本,手卷,0,0,C4,0.0181,0,0,0,0,0,0,0,0,0,0,0,0,0,0,0,0,0,0,0,0,0,0,0,0,0,0,0,0,0,0,0,0,0,0,0,0
D016510,宋,山水,设色,绢本,手卷,0,0,C3,0.1235,C4,0.0054,0,0,0,0,0,0,0,0,0,0,0,0,0,0,0,0,0,0,0,0,0,0,0,0,0,0,0,0,0,0,0,0,0,0
D016301,宋,山水,设色,绢本,手卷,0,0,C4,0.0377,0,0,0,0,0,0,0,0,0,0,0,0,0,0,0,0,0,0,0,0,0,0,0,0,0,0,0,0,0,0,0,0,0,0,0,0
D016283,宋,山水,设色,绢本,手卷,0,0,C53,0.0132,0,0,0,0,0,0,0,0,0,0,0,0,0,0,0,0,0,0,0,0,0,0,0,0,0,0,0,0,0,0,0,0,0,0,0,0
D016289,宋,山水,水墨,绢本,册页,0,0,C18,0.1037,C9,0.0096,0,0,0,0,0,0,0,0,0,0,0,0,0,0,0,0,0,0,0,0,0,0,0,0,0,0,0,0,0,0,0,0,0,0
D016292,宋,山水,水墨,绢本,册页,0,0,C23,0.1472,C10,0.0255,0,0,0,0,0,0,0,0,0,0,0,0,0,0,0,0,0,0,0,0,0,0,0,0,0,0,0,0,0,0,0,0,0,0
D016300,宋,山水,设色,绢本,册页,C53,0.5589,C21,0.4151,C3,0.0244,0,0,0,0,0,0,0,0,0,0,0,0,0,0,0,0,0,0,0,0,0,0,0,0,0,0,0,0,0,0,0,0,0,0
D016309,宋,山水,设色,绢本,册页,0,0,C11,0.1147,0,0,0,0,0,0,0,0,0,0,0,0,0,0,0,0,0,0,0,0,0,0,0,0,0,0,0,0,0,0,0,0,0,0,0,0
D016310,宋,山水,设色,绢本,立轴,C16,0.7156,C53,0.165,C3,0.0701,C50,0.0461,0,0,0,0,0,0,0,0,0,0,0,0,0,0,0,0,0,0,0,0,0,0,0,0,0,0,0,0,0,0,0,0
D016312,宋,山水,设色,绢本,册页,C16,0.7816,C17,0.2015,C9,0.0075,0,0,0,0,0,0,0,0,0,0,0,0,0,0,0,0,0,0,0,0,0,0,0,0,0,0,0,0,0,0,0,0,0,0
D016326,宋,山水,设色,绢本,团扇,0,0,C20,0.0497,C17,0.0102,0,0,0,0,0,0,0,0,0,0,0,0,0,0,0,0,0,0,0,0,0,0,0,0,0,0,0,0,0,0,0,0,0,0
D016327,宋,山水,设色,绢本,册页,0,0,C3,0.1347,C10,0.0239,C9,0.0122,0,0,0,0,0,0,0,0,0,0,0,0,0,0,0,0,0,0,0,0,0,0,0,0,0,0,0,0,0,0,0,0
D016328,宋,山水,设色,绢本,册页,C16,0.6574,C21,0.1961,C4,0.1375,C5,0.0077,0,0,0,0,0,0,0,0,0,0,0,0,0,0,0,0,0,0,0,0,0,0,0,0,0,0,0,0,0,0,0,0
D016329,宋,山水,水墨,绢本,册页,C4,0.7921,C53,0.1776,C3,0.0217,0,0,0,0,0,0,0,0,0,0,0,0,0,0,0,0,0,0,0,0,0,0,0,0,0,0,0,0,0,0,0,0,0,0
D016330,宋,山水,水墨,绢本,册页,0,0,C13,0.0298,C4,0.0066,0,0,0,0,0,0,0,0,0,0,0,0,0,0,0,0,0,0,0,0,0,0,0,0,0,0,0,0,0,0,0,0,0,0
D016498,宋,山水,设色,绢本,手卷,C53,0.7565,C18,0.2258,C5,0.0115,0,0,0,0,0,0,0,0,0,0,0,0,0,0,0,0,0,0,0,0,0,0,0,0,0,0,0,0,0,0,0,0,0,0
D016499,宋,山水,设色,绢本,手卷,C16,0.5786,C5,0.3868,C4,0.0219,C50,0.0111,0,0,0,0,0,0,0,0,0,0,0,0,0,0,0,0,0,0,0,0,0,0,0,0,0,0,0,0,0,0,0,0
D016501,宋,山水,水墨,纸本,手卷,C50,0.71,C39,0.2006,C47,0.0465,C11,0.0321,C5,0.0053,C60,0.0052,0,0,0,0,0,0,0,0,0,0,0,0,0,0,0,0,0,0,0,0,0,0,0,0,0,0,0,0
D016267,宋,山水,设色,绢本,团扇,C19,0.6734,C50,0.2296,C3,0.0755,C52,0.0177,0,0,0,0,0,0,0,0,0,0,0,0,0,0,0,0,0,0,0,0,0,0,0,0,0,0,0,0,0,0,0,0
D016273,宋,山水,设色,绢本,团扇,0,0,C6,0.0367,0,0,0,0,0,0,0,0,0,0,0,0,0,0,0,0,0,0,0,0,0,0,0,0,0,0,0,0,0,0,0,0,0,0,0,0
D016279,宋,山水,水墨,绢本,团扇,0,0,C21,0.0388,0,0,0,0,0,0,0,0,0,0,0,0,0,0,0,0,0,0,0,0,0,0,0,0,0,0,0,0,0,0,0,0,0,0,0,0
D016339,宋,山水,设色,绢本,手卷,C39,0.4279,C32,0.3766,C18,0.1913,0,0,0,0,0,0,0,0,0,0,0,0,0,0,0,0,0,0,0,0,0,0,0,0,0,0,0,0,0,0,0,0,0,0
D016340,宋,山水,设色,绢本,立轴,C4,0.7076,C24,0.2797,C21,0.011,0,0,0,0,0,0,0,0,0,0,0,0,0,0,0,0,0,0,0,0,0,0,0,0,0,0,0,0,0,0,0,0,0,0
D016341,宋,山水,设色,绢本,手卷,0,0,C23,0.0368,0,0,0,0,0,0,0,0,0,0,0,0,0,0,0,0,0,0,0,0,0,0,0,0,0,0,0,0,0,0,0,0,0,0,0,0
D016342,宋,山水,设色,绢本,立轴,0,0,C30,0.1675,C53,0.013,0,0,0,0,0,0,0,0,0,0,0,0,0,0,0,0,0,0,0,0,0,0,0,0,0,0,0,0,0,0,0,0,0,0
D016343,宋,山水,设色,绢本,立轴,0,0,C3,0.1512,0,0,0,0,0,0,0,0,0,0,0,0,0,0,0,0,0,0,0,0,0,0,0,0,0,0,0,0,0,0,0,0,0,0,0,0
D016349,宋,山水,设色,绢本,立轴,C23,0.7841,C13,0.2108,0,0,0,0,0,0,0,0,0,0,0,0,0,0,0,0,0,0,0,0,0,0,0,0,0,0,0,0,0,0,0,0,0,0,0,0
